Vehicle-km basis,Vehicle class,Buses,Vehicle-km / yr (M),Operating cost / yr (INR crore),CO2 / yr (kt),Cost per covered resident / yr (INR)
PLAN,HPV,187,27.6,152–248,15.3–22.1,
PLAN,MPV,754,86.5,346–584,37.7–57.9,
PLAN,LPV,70,5.9,15–26,1.6–2.3,
PLAN,All (sum of classes),1011,120.0,513–859,54.5–82.2,"3,218–5,393"
PLAN_TRIPS_X_LENGTH,HPV,187,27.6,152–248,15.3–22.0,
PLAN_TRIPS_X_LENGTH,MPV,754,82.6,330–558,36.1–55.5,
PLAN_TRIPS_X_LENGTH,LPV,70,4.3,11–19,1.1–1.7,
PLAN_TRIPS_X_LENGTH,All (sum of classes),1011,114.5,493–825,52.5–79.2,"3,095–5,181"
TIMETABLE_DAY,HPV,187,19.7,108–177,11.0–15.8,
TIMETABLE_DAY,MPV,754,60.6,243–409,27.1–41.8,
TIMETABLE_DAY,LPV,70,3.0,8–14,0.8–1.2,
TIMETABLE_DAY,All (sum of classes),1011,83.3,358–600,38.9–58.8,"2,250–3,767"
OBSERVED,HPV,187,9.0,50–81,5.0–7.2,
OBSERVED,MPV,754,27.7,111–187,12.0–18.4,
OBSERVED,LPV,70,1.8,4–8,0.5–0.7,
OBSERVED,All (sum of classes),1011,38.5,165–276,17.5–26.3,"1,035–1,733"
SRTU_MORTH,HPV,187,14.9,82–134,8.3–12.0,
SRTU_MORTH,MPV,754,60.1,240–405,26.1–40.0,
SRTU_MORTH,LPV,70,5.6,14–25,1.5–2.2,
SRTU_MORTH,All (sum of classes),1011,80.5,336–564,35.8–54.1,"2,110–3,544"
