cid,theme,study,title,venue,doi,geography,region_class,planning_stage,method_family,demand_input,data_intensity,equity,validation,implementable_plan,code_released,basis,note
C01,2.2,Wei David Fan (2005),Optimal Transit Route Network Design Problem with Variable Transit Demand: Genetic Algorithm Approach,Journal of Transportation Engineering,10.1061/(asce)0733-947x(2006)132:1(40),synthetic (example network),benchmark/synthetic,integrated (≥2 of route/frequency/fleet),(meta)heuristic,synthetic or benchmark OD,4,none,sensitivity/uncertainty analysis,No,unclear,abstract,Pilot on an example network only; NAP derives transit demand matrix and frequencies; C++ code developed but release not stated.
C02,2.2,Wai Yuen Szeto (2014),Transit route and frequency design: Bi-level modeling and hybrid artificial bee colony algorithm approach,Transportation Research Part B Methodological,10.1016/j.trb.2014.05.008,"Tin Shui Wai, Hong Kong (plus small synthetic network and Winnipeg test network)",Global North,integrated (≥2 of route/frequency/fleet),(meta)heuristic,unclear,4,none,multiple (benchmark-instance comparison; comparison with existing network/GTFS; sensitivity/uncertainty analysis),Yes,no,fulltext,"§4.2: TSW matrix 'estimated from the available data' (App. II), source unstated; Table 6 lists 10 routes with buses and headways; 1,000 perturbed matrices."
C03,2.2,Ernesto Cipriani (2010),Transit network design: A procedure and an application to a large urban area,Transportation Research Part C Emerging Technologies,10.1016/j.trc.2010.09.003,"Rome, Italy",Global North,integrated (≥2 of route/frequency/fleet),(meta)heuristic,unclear,4,none,multiple (comparison with existing network/GTFS; sensitivity/uncertainty analysis),Yes,no,fulltext,"§3, §5: transit demand matrix (c. 230,000 peak-hour trips) is an input, source unstated; 85-line design with frequencies vs existing network (Tables 3-4); route list not printed."
C04,2.2,Wai Yuen Szeto (2010),"A simultaneous bus route design and frequency setting problem for Tin Shui Wai, Hong Kong",European Journal of Operational Research,10.1016/j.ejor.2010.08.020,"Tin Shui Wai, Hong Kong",Global North,integrated (≥2 of route/frequency/fleet),(meta)heuristic,unclear,4,none,multiple (comparison with existing network/GTFS; sensitivity/uncertainty analysis),Yes,no,fulltext,"§2: demand matrix 'estimated from the available data' (Appendix I), source unstated; Table 4 lists 10 routes with buses and headways; §4.6 perturbed matrices."
C05,2.2,Renato Arbex (2015),Efficient transit network design and frequencies setting multi-objective optimization by alternating objective genetic algorithm,Transportation Research Part B Methodological,10.1016/j.trb.2015.06.014,benchmark network (Mandl),benchmark/synthetic,integrated (≥2 of route/frequency/fleet),(meta)heuristic,synthetic or benchmark OD,4,none,benchmark-instance comparison,No,unclear,abstract,Mandl benchmark plus variants with different demands; compared with previously published results; fleet is operator objective.
C06,2.2,Fang Zhao (2007),"Optimization of transit route network, vehicle headways and timetables for large-scale transit networks",European Journal of Operational Research,10.1016/j.ejor.2007.02.005,"Miami-Dade County, Florida, USA; benchmark network (Mandl)",Global North,integrated (≥2 of route/frequency/fleet),(meta)heuristic,modelled OD (4-step/calibrated model),4,none,multiple (benchmark-instance comparison; comparison with existing network/GTFS),Yes,no,fulltext,§7: OD matrix from the 1999 validated Miami-Dade travel demand model; routes and headways optimised with fleet of 600; only aggregate results printed (Table 2).
C07,2.2,Mahmoud Owais (2018),Complete hierarchical multi-objective genetic algorithm for transit network design problem,Expert Systems with Applications,10.1016/j.eswa.2018.07.033,"benchmark networks (Rivera, Uruguay instance from Mauttone & Urquhart 2009; Mandl)",benchmark/synthetic,integrated (≥2 of route/frequency/fleet),(meta)heuristic,synthetic or benchmark OD,4,none,benchmark-instance comparison,No,no,fulltext,"§5.1: Rivera instance (84 nodes, 378 OD pairs) reproduced from Mauttone & Urquhart (2009); 21 Pareto networks, none selected; §5.2 Mandl comparison (Table 3)."
C08,2.2,Zeke Ahern (2021),Approximate multi-objective optimization for integrated bus route design and service frequency setting,Transportation Research Part B Methodological,10.1016/j.trb.2021.10.007,"benchmark network (literature instances, unnamed in abstract)",benchmark/synthetic,integrated (≥2 of route/frequency/fleet),(meta)heuristic,synthetic or benchmark OD,4,none,benchmark-instance comparison,No,unclear,abstract,"Solutions compared with those in the literature, implying shared benchmark instances; instance names not in abstract; full text paywalled."
C09,2.2,Sunhyung Yoo (2023),A Reinforcement Learning approach for bus network design and frequency setting optimisation,Public Transport,10.1007/s12469-022-00319-y,benchmark network (Mandl),benchmark/synthetic,integrated (≥2 of route/frequency/fleet),(meta)heuristic,synthetic or benchmark OD,4,none,multiple (benchmark-instance comparison; sensitivity/uncertainty analysis),No,no,fulltext,"Reinforcement learning on Mandl OD matrix; reference comparison with published results; three modified-demand scenarios; data on request, no code."
C10,2.3,Wei Wang (2011),Bus Passenger Origin-Destination Estimation and Related Analyses Using Automated Data Collection Systems,Journal of Public Transportation,10.5038/2375-0901.14.4.7,"London, UK",Global North,demand/OD estimation,data-mining (AFC/GPS/phone),AFC/smart card,5,none,back-cast vs observed counts/ridership,No,unclear,abstract,"Trip-chaining on smart card plus AVL; inferred OD compared with manual passenger survey data, coded as nearest validation category."
C11,2.3,James J. Barry (2009),Use of Entry-Only Automatic Fare Collection Data to Estimate Linked Transit Trips in New York City,Transportation Research Record Journal of the Transportation Research Board,10.3141/2112-07,"New York City, USA",Global North,demand/OD estimation,data-mining (AFC/GPS/phone),AFC/smart card,5,none,back-cast vs observed counts/ridership,No,no,fulltext,"'Validation' section (pp. 9-10): located transactions compared with subway register counts, bus ride-check counts and ten logged test tours; custom TransCAD software, not released."
C12,2.3,Azalden Alsger (2015),Use of Smart Card Fare Data to Estimate Public Transport Origin–Destination Matrix,Transportation Research Record Journal of the Transportation Research Board,10.3141/2535-10,"Brisbane (South East Queensland), Australia",Global North,demand/OD estimation,data-mining (AFC/GPS/phone),AFC/smart card,5,none,sensitivity/uncertainty analysis,No,unclear,abstract,Smart card data used to test transfer-time and walking-distance assumptions; sensitivity analysis of parameters stated in abstract.
C13,2.3,Janine M. Farzin (2008),"Constructing an Automated Bus Origin–Destination Matrix Using Farecard and Global Positioning System Data in São Paulo, Brazil",Transportation Research Record Journal of the Transportation Research Board,10.3141/2072-04,"São Paulo, Brazil",Global South (non-India),demand/OD estimation,data-mining (AFC/GPS/phone),AFC/smart card,5,none,back-cast vs observed counts/ridership,No,unclear,abstract,"Farecard plus AVL/GPS plus stops; results compared with prior household surveys, coded as nearest validation category."
C14,2.3,Chao Chen (2014),B-Planner: Planning Bidirectional Night Bus Routes Using Large-Scale Taxi GPS Traces,IEEE Transactions on Intelligent Transportation Systems,10.1109/tits.2014.2298892,"Hangzhou, China",Global South (non-India),route design (new network),mixed,mobile-phone/taxi-GPS traces,4,none,multiple (comparison with existing network/GTFS; sensitivity/uncertainty analysis),Partial,no,fulltext,§V.D: planned route compared with real night-bus route opened Feb 2010; one route only; 30-min frequency is an input; 20-seat bus capacity derived (§V.E).
C15,2.3,Fabio Pinelli (2016),Data-Driven Transit Network Design From Mobile Phone Trajectories,IEEE Transactions on Intelligent Transportation Systems,10.1109/tits.2015.2496783,"Abidjan, Côte d'Ivoire",Global South (non-India),integrated (≥2 of route/frequency/fleet),mixed,mobile-phone/taxi-GPS traces,4,none,comparison with existing network/GTFS,Yes,unclear,abstract,Routes selected and frequencies set from Orange phone data; 27% resource-neutral journey-time improvement read as against existing system.
C16,2.3,Wenzhe Sun (2021),Estimating the route-level passenger demand profile from bus dwell times,Transportation Research Part C Emerging Technologies,10.1016/j.trc.2021.103273,"Shizuoka City, Japan (three bus routes)",Global North,demand/OD estimation,data-mining (AFC/GPS/phone),none,3,none,back-cast vs observed counts/ridership,No,no,fulltext,§5-6: dwell times from AVL/door records alone give load profile (Model T); AFC used only as ground truth and to simulate door-closing times; boarding counts optional.
C17,2.3,Barabino B. (2024),Origin–destination matrices from smartphone apps for bus networks,Public Transport,10.1007/s12469-024-00361-y,"Cagliari, Italy",Global North,demand/OD estimation,data-mining (AFC/GPS/phone),mobile-phone/taxi-GPS traces,3,none,back-cast vs observed counts/ridership,No,no,fulltext,"Operator smartphone-app query records, 30 workdays; validated by MAE/RMSE against ISTAT household-survey OD; data cannot be shared."
C18,2.4,Calvin P. Tribby (2012),High-resolution spatio-temporal modeling of public transit accessibility,Applied Geography,10.1016/j.apgeog.2011.12.008,"Albuquerque, New Mexico, USA",Global North,network evaluation/accessibility,GIS/accessibility analysis,proxy (population/POI/land use/need index),2,distributional metric (Gini/Lorenz/group comparison),none,No,no,fulltext,"Methods (pp. 347 ff.): published bus schedules, address points weighted by land-use housing units, 2000 Census block groups; time savings compared with transit-need index; no validation."
C19,2.4,Eric M. Delmelle (2012),Identifying bus stop redundancy: A gis-based spatial optimization approach,Computers Environment and Urban Systems,10.1016/j.compenvurbsys.2012.01.002,"Charlotte, North Carolina, USA (CATS route 9)",Global North,route redesign/rationalisation (existing network),(meta)heuristic,proxy (population/POI/land use/need index),2,coverage only,multiple (field/expert; sensitivity/uncertainty analysis),Partial,no,fulltext,"§5: 2008 county parcel land-use data as demand, CATS stops, aerial photos; §4: interface reviewed with three CATS planners; p and distance-decay β varied."
C20,2.4,Görkem Gülhan (2017),Using accessibility measures in transit network design,Transport,10.3846/16484142.2017.1295401,"synthetic (8-node example network, Ceder 2007)",benchmark/synthetic,integrated (≥2 of route/frequency/fleet),exact optimisation,synthetic or benchmark OD,4,none,none,No,no,fulltext,"Complete enumeration of 19,538 route sets with OD demand table from Ceder (2007); frequencies and fleet computed; Pareto comparison."
C21,2.4,Hema Rayaprolu (2022),Maximizing access in transit network design,Journal of Public Transportation,10.1016/j.jpubtr.2022.100027,"Sydney, Australia (greenfield suburban development)",Global North,frequency/headway,GIS/accessibility analysis,proxy (population/POI/land use/need index),2,none,none,Partial,no,fulltext,Case study: stylised superblock layout in Liverpool LGA with official population/job projections; 195 GTFS scenarios; output is T-way:local service ratio; sensitivity left to future work.
C22,2.4,Yao X. (2007),Where are public transit needed - Examining potential demand for public transit for commuting trips,"Computers, Environment and Urban Systems",10.1016/j.compenvurbsys.2007.08.005,"Atlanta, Georgia, USA",Global North,demand/OD estimation,mixed,proxy (population/POI/land use/need index),2,none,none,No,unclear,abstract,Need Index and SOM from CTPP 2000 census at TAZ level plus existing transit network; only cross-method comparison reported.
C23,2.4,Carmody D. (2025),Identifying public transit deserts: A travel demand-independent persistent homology-based method,Transportation Safety and Environment,10.1093/tse/tdaf015,"Stockholm, Sweden",Global North,network evaluation/accessibility,network-science indicators,none,2,none,none,No,no,fulltext,"Persistent homology on R5/Conveyal transit and car travel times, 400 m grid; schedule-based, no demand or population in computation."
C24,2.4,Ding Luo (2019),Can passenger flow distribution be estimated solely based on network properties in public transport systems?,Transportation,10.1007/s11116-019-09990-w,"The Hague and Amsterdam, Netherlands",Global North,demand/OD estimation,network-science indicators,AFC/smart card,5,none,back-cast vs observed counts/ridership,No,no,fulltext,"Centrality regressions trained on AFC-derived stop flows (plus AVL, GTFS); evaluated on Hague hold-out and Amsterdam observed flows."
C25,2.4,Ratriaga A.R.N. (2026),GIS-Based Accessibility Analysis for Optimizing Feeder Public Transportation Routes in Surabaya,IOP Conference Series: Earth and Environmental Science,10.1088/1755-1315/1595/1/012010,"Surabaya, Indonesia",Global South (non-India),network evaluation/accessibility,GIS/accessibility analysis,proxy (population/POI/land use/need index),2,coverage only,none,No,no,fulltext,Buffer coverage of transit-authority feeder routes/stops over population raster; authors state no field validation; new routes left to future work.
C26,2.5,Jinjoo Bok (2016),Comparable Measures of Accessibility to Public Transport Using the General Transit Feed Specification,Sustainability,10.3390/su8030224,"Daejeon (Korea); Chicago, Portland, Washington (USA); Toronto, Vancouver (Canada)",Global North,network evaluation/accessibility,GIS/accessibility analysis,proxy (population/POI/land use/need index),2,coverage only,none,No,no,fulltext,GTFS feeds plus LandScan 2009 ambient population; share of population in headway-classified catchments; no validation section.
C27,2.5,Nate Wessel (2019),On the accuracy of schedule-based GTFS for measuring accessibility,Journal of Transport and Land Use,10.5198/jtlu.2019.1502,"Toronto (Canada); Boston, San Francisco, Jacksonville (USA)",Global North,network evaluation/accessibility,GIS/accessibility analysis,none,3,none,comparison with existing network/GTFS,No,yes (https://github.com/SAUSy-Lab/retro-gtfs),fulltext,"Read SocArXiv preprint: NextBus AVL retrospective GTFS versus schedule GTFS; preprint blinds code link, repository identified by web search."
C28,2.5,Jose Morales (2017),Mapping Urban Accessibility in Data Scarce Contexts Using Space Syntax and Location-Based Methods,Applied Spatial Analysis and Policy,10.1007/s12061-017-9239-1,"Guatemala City and Quetzaltenango, Guatemala",Global South (non-India),network evaluation/accessibility,mixed,unclear,4,none,field/expert,No,no,fulltext,"pp. 213-214: GC 2005 OD matrices (173 TAZ) 'were available', provenance unstated; used to fit decay parameters and as job proxy; expert workshop."
C29,2.5,Emily Eros (2014),Applying the General Transit Feed Specification to the Global South,Transportation Research Record Journal of the Transportation Research Board,10.3141/2442-06,"Mexico City, Mexico",Global South (non-India),network mapping/data creation,data-mining (AFC/GPS/phone),none,3,none,field/expert,No,no,fulltext,"'Project Overview and Outputs': agency schedules and KML converted to GTFS; c. 1,100 colectivo ramales GPS-surveyed with TransitWand; feed reviewed by agencies and Google Transit engineers."
C30,2.5,Jacqueline M. Klopp (2014),Towards a Standard for Paratransit Data: Lessons from Developing GTFS Data for Nairobi's Matatu System,Transportation Research Board 93rd Annual MeetingTransportation Research Board,,"Nairobi, Kenya",Global South (non-India),network mapping/data creation,data-mining (AFC/GPS/phone),none,3,none,unclear,No,unclear,abstract,"Matatu routes, stops, fares captured by field phone-app GPS tracking, converted to GTFS; level 3 as field GPS survey per calibration."
C31,2.5,Erik Vergel-Tovar (2022),Digital traces: Mapping Bogotá’s unmapped transit network using smartphones and networked databases,Environment and Planning B Urban Analytics and City Science,10.1177/23998083221117831,"Bogotá, Colombia",Global South (non-India),network mapping/data creation,GIS/accessibility analysis,proxy (population/POI/land use/need index),3,none,none,No,no,fulltext,"Routes mapped by student mappers with a smartphone GPS app; formal-jobs census feeds accessibility index; GTFS data released, no code."
C32,2.5,Baloian N. (2015),Efficient planning of urban public transportation networks,Lecture Notes in Computer Science (including subseries Lecture Notes in Artificial Intelligence and Lecture Notes in Bioinformatics),10.1007/978-3-319-26401-1_41,unclear,unclear,demand/OD estimation,GIS/accessibility analysis,proxy (population/POI/land use/need index),3,none,unclear,No,unclear,abstract,City of the real-data example not named in abstract; Waze crowd-sourced congestion data plus OSM facilities model demand via Dempster-Shafer.
C33,2.5,Hasan Shahab (2026),A data-light GIS framework for initiating bus stop formalization in mid-sized developing cities,Case Studies on Transport Policy,10.1016/j.cstp.2026.101959,"Soran, Iraq",Global South (non-India),route design (new network),mixed,survey OD/counts,3,coverage only,multiple (field/expert; sensitivity/uncertainty analysis),Partial,no,fulltext,§3.3.1 eq. 4: only zonal production/attraction totals from 974-response travel survey enter demand surface; stops field-checked (§3.3.2); weight sensitivity (Table S5).
C34,2.6,Diego Hernández (2017),"Uneven mobilities, uneven opportunities: Social distribution of public transport accessibility to jobs and education in Montevideo",Journal of Transport Geography,10.1016/j.jtrangeo.2017.08.017,"Montevideo, Uruguay",Global South (non-India),network evaluation/accessibility,GIS/accessibility analysis,proxy (population/POI/land use/need index),3,distributional metric (Gini/Lorenz/group comparison),none,No,no,fulltext,§3: job proxy combines utility non-residential clients and zone work-trip counts on 2009 mobility-survey zones (trip source not named); travel times from official trip planner.
C35,2.6,Alex A. Karner (2018),Assessing public transit service equity using route-level accessibility measures and public data,Journal of Transport Geography,10.1016/j.jtrangeo.2018.01.005,"Phoenix, Arizona, USA",Global North,network evaluation/accessibility,GIS/accessibility analysis,proxy (population/POI/land use/need index),3,distributional metric (Gini/Lorenz/group comparison),none,No,no,fulltext,"Methods (p. 8): gravity impedance estimated from trip lengths in the 2010-11 Valley Metro on-board survey; other inputs public (LEHD, GTFS, OpenStreetMap)."
C36,2.6,Rosalia Camporeale (2016),Quantifying the impacts of horizontal and vertical equity in transit route planning,Transportation Planning and Technology,10.1080/03081060.2016.1238569,synthetic (10-node test network from Wan and Lo 2003),benchmark/synthetic,integrated (≥2 of route/frequency/fleet),(meta)heuristic,synthetic or benchmark OD,4,explicit equity objective/constraint,sensitivity/uncertainty analysis,No,no,fulltext,Gini-based equity constraint in TNDP solved by GA for routes and frequencies; toy network with nine OD pairs.
C37,2.6,Ferguson E.M. (2012),Incorporating equity into the transit frequency-setting problem,Transportation Research Part A: Policy and Practice,10.1016/j.tra.2011.06.002,mid-sized US metropolitan area (not named),Global North,frequency/headway,(meta)heuristic,proxy (population/POI/land use/need index),2,explicit equity objective/constraint,multiple (comparison with existing network/GTFS; sensitivity/uncertainty analysis),Partial,no,fulltext,"§3: genetic algorithm; Table 1: 2000 Census, MPO employment, agency trip planner; frequencies for 26 existing plus 3 new routes, city unnamed (§4.2-4.3)."
C38,2.6,Ruiz M. (2017),Improving Bus Service Levels and social equity through bus frequency modelling,Journal of Transport Geography,10.1016/j.jtrangeo.2016.12.005,"Palma, Spain",Global North,frequency/headway,mixed,proxy (population/POI/land use/need index),2,explicit equity objective/constraint,none,Partial,no,fulltext,"Ridership not in objective; AHP need index; Latin hypercube ranks line influence, no validation against observations; headway sets only."
C39,2.6,Myeonghyeon Kim (2019),A Transit Route Network Design Problem Considering Equity,Sustainability,10.3390/su11133527,benchmark network (Mandl),benchmark/synthetic,integrated (≥2 of route/frequency/fleet),(meta)heuristic,synthetic or benchmark OD,4,explicit equity objective/constraint,comparison with existing network/GTFS,No,no,fulltext,"Mandl 15-node network; compared only with the benchmark's existing route network, not with other algorithms."
C40,2.6,Haijing Liu (2022),"Bus network redesigns and public transit equity analysis: Evaluating system-wide changes in Richmond, Virginia",Travel Behaviour and Society,10.1016/j.tbs.2022.12.002,"Richmond, Virginia, USA",Global North,network evaluation/accessibility,GIS/accessibility analysis,proxy (population/POI/land use/need index),2,distributional metric (Gini/Lorenz/group comparison),sensitivity/uncertainty analysis,No,no,fulltext,"§5: GRTC GTFS (Aug 2017, Jan 2020), OpenStreetMap, ACS block groups, LODES jobs, SafeGraph POIs; r5r travel times; results across 15-60 min thresholds, weekday and Sunday."
C41,2.7,Jacqueline M. Klopp (2019),Mapping minibuses in Maputo and Nairobi: engaging paratransit in transportation planning in African cities,Transport Reviews,10.1080/01441647.2019.1598513,"Nairobi, Kenya; Maputo, Mozambique",Global South (non-India),network mapping/data creation,mixed,none,3,none,none,No,no,fulltext,"Qualitative comparison of two GPS field-mapping projects; no analytical method fits vocabulary, coded mixed; equity argued, not measured."
C42,2.7,Giacomo Falchetta (2021),Comparing paratransit in seven major African cities: An accessibility and network analysis,Journal of Transport Geography,10.1016/j.jtrangeo.2021.103131,"Abidjan, Accra, Addis Ababa, Freetown, Harare, Kampala, Nairobi",Global South (non-India),network evaluation/accessibility,mixed,proxy (population/POI/land use/need index),2,coverage only,field/expert,No,yes (https://github.com/giacfalk/GFTS_african_cities),fulltext,"§3.1, §3.5: open GTFS from DigitalTransport4Africa (field-mapped by third parties), HRSL population; completeness checked by expert elicitation; population share by walking time only."
C43,2.7,Bhargav Adhvaryu (2019),Mapping public transport accessibility levels (PTAL) in India and its applications: A case study of Surat,Case Studies on Transport Policy,10.1016/j.cstp.2019.03.004,"Surat, India",India,network evaluation/accessibility,GIS/accessibility analysis,proxy (population/POI/land use/need index),3,none,none,No,no,fulltext,"§4.3: routes/stops from SMC and BRTS Cell; City Bus frequency (10 min), delay and walk willingness from primary sample surveys; population density overlaid (Fig. 4)."
C44,2.7,Camila Rodríguez (2017),"Accessibility, Affordability, and Addressing Informal Services in Bus Reform: Lessons from Bogotá, Colombia",Transportation Research Record Journal of the Transportation Research Board,10.3141/2634-06,"Bogotá, Colombia",Global South (non-India),network evaluation/accessibility,GIS/accessibility analysis,proxy (population/POI/land use/need index),3,distributional metric (Gini/Lorenz/group comparison),none,No,no,fulltext,Population and employment drive accessibility; 2011 mobility survey informs commuting patterns; Visum model used for speeds only.
C45,2.7,Gift Dumedah (2023),Inefficient allocation of paratransit service terminals and routes in Ghana: The role of driver unions and paratransit operators,Journal of Transport Geography,10.1016/j.jtrangeo.2023.103643,"Oforikrom, Kumasi, Ghana",Global South (non-India),diagnosis (overlap/efficiency),GIS/accessibility analysis,proxy (population/POI/land use/need index),3,distributional metric (Gini/Lorenz/group comparison),none,No,no,fulltext,Field GPS survey of terminals and routes; gridded population as stated demand proxy; 15-to-7 zoning is illustrative only.
C46,2.7,Alejandro Sánchez-Atondo (2026),"Reorganization of public transport systems in Global South cities and its relation with quality of life: A case study of Mexicali, Mexico",Transportation Research Interdisciplinary Perspectives,10.1016/j.trip.2026.101859,"Mexicali, Mexico",Global South (non-India),route redesign/rationalisation (existing network),rule/guideline-based,proxy (population/POI/land use/need index),3,distributional metric (Gini/Lorenz/group comparison),comparison with existing network/GTFS,Partial,no,fulltext,"Design modules use attractor polygons, population thresholds and sampled frequencies; OD survey enters only the optional evaluation."
C47,2.7,Ravi Kiran Sastry Gadepalli (2024),A tactical planning framework to integrate paratransit with formal public transport systems,Transportation Research Part D Transport and Environment,10.1016/j.trd.2024.104438,"Visakhapatnam, India",India,frequency/headway,exact optimisation,modelled OD (4-step/calibrated model),4,none,back-cast vs observed counts/ridership,Partial,no,fulltext,"§4.1-4.3: four-step model from 3,058-household survey; CPLEX integer program; frequencies and fleet for 83 bus and 18 paratransit routes, printed only in bands (Table 5)."
C48,2.7,Verma A. (2017),Development of hub and spoke model for improving operational efficiency of bus transit network of Bangalore city,Case Studies on Transport Policy,10.1016/j.cstp.2016.12.003,"Bangalore, India",India,integrated (≥2 of route/frequency/fleet),(meta)heuristic,unclear,4,none,comparison with existing network/GTFS,Yes,no,fulltext,"§4: 172-TAZ demand matrix 'obtained from secondary sources', type unstated; GA yields 344 routes with frequencies and 4,436 buses vs BMTC's 908 routes (Table 7)."
C49,2.7,Shrivastav P. (2001),Development of feeder routes for Suburban railway stations using heuristic approach,Journal of Transportation Engineering,10.1061/(ASCE)0733-947X(2001)127:4(334),"Mumbai (Andheri and Vileparle stations), India",India,route design (new network),(meta)heuristic,survey OD/counts,3,none,comparison with existing network/GTFS,Partial,no,fulltext,"Commuter counts and sample interviews at station exits give node demands; 31 feeder routes, schedules treated in another paper."
C50,2.2,Barzegari V. (2026),A comprehensive analysis of duplication in public transportation,Transportation Research Part A: Policy and Practice,10.1016/j.tra.2025.104747,"Almaty, Kazakhstan",Global South (non-India),diagnosis (overlap/efficiency),network-science indicators,none,2,none,none,No,no,fulltext,"Duplication indicators from schedule data only; measures duplication without producing a consolidated network, so coded No as in full-text review."
C51,2.2,Ergun M. (2011),Alteration of bus routes in large-scale networks,Scientific Research and Essays,10.5897/SRE11.814,"Istanbul, Turkey",Global South (non-India),route redesign/rationalisation (existing network),rule/guideline-based,modelled OD (4-step/calibrated model),4,none,comparison with existing network/GTFS,Partial,no,fulltext,Line-splitting and parallel-line rules tested in a VISUM model with a 452-zone OD matrix; headways unchanged.
C52,2.2,Hoonsiri C. (2020),Energy saving and CO2 reduction potential from partial bus routes reduction model in Bangkok urban fringe,Energies,10.3390/en13225963,"Bangkok (Rama 2 Road), Thailand",Global South (non-India),route redesign/rationalisation (existing network),rule/guideline-based,survey OD/counts,3,none,comparison with existing network/GTFS,Partial,no,fulltext,Manual on-board counts on sampled buses; 14 overlapping routes merged to one corridor line with load-factor frequencies.
C53,2.2,Canca D. (2026),Maximal demand coverage transit network redesign with resource reutilization,Journal of Transport Geography,10.1016/j.jtrangeo.2026.104748,synthetic (40-node and 65-node base networks),benchmark/synthetic,route redesign/rationalisation (existing network),mixed,synthetic or benchmark OD,4,none,sensitivity/uncertainty analysis,No,no,fulltext,Gurobi model plus genetic algorithm on two constructed networks with given OD matrices; data on request.
C54,2.4,Liu J. (2026),Quantifying the Accessibility to Public Transit in Rural Areas Using ArcGIS and GTFS,Papers in Applied Geography,10.1080/23754931.2026.2646852,"Cumberland County, New Jersey, USA",Global North,network evaluation/accessibility,GIS/accessibility analysis,proxy (population/POI/land use/need index),2,distributional metric (Gini/Lorenz/group comparison),none,No,no,fulltext,Census-block population assumed proportional to demand; accessibility index compared across ethnic groups by weighted average.
C55,2.5,Mittal S. (2025),Overcoming Data Scarcity in Transit Planning: A Novel Framework Combining Machine Learning and Metaheuristics,Data Science for Transportation,10.1007/s42421-025-00116-6,"Greater Maputo, Mozambique",Global South (non-India),route design (new network),mixed,mobile-phone/taxi-GPS traces,4,distributional metric (Gini/Lorenz/group comparison),multiple (comparison with existing network/GTFS; sensitivity/uncertainty analysis),Partial,no,fulltext,"Phone traces give stop-pair demand at every stage (level 4 as mobile-phone OD); headways assumed, no fleet."
C56,2.7,Saleeshya P.G. (2015),A bi-level approach to frequency optimisation of public transport systems,International Journal of Business Innovation and Research,10.1504/ijbir.2015.071598,"India (state transport corporation, not named)",India,frequency/headway,mixed,unclear,unclear,none,unclear,Partial,unclear,abstract,Minimum fleet then GA frequency allocation on two existing shared routes; source of load data not stated.
C57,2.7,Blum J.J. (2012),Implications of the computational complexity of transit route network redesign for metaheuristic optimisation systems,IET Intelligent Transport Systems,10.1049/iet-its.2011.0021,"Mumbai, India",India,route redesign/rationalisation (existing network),(meta)heuristic,unclear,unclear,none,comparison with existing network/GTFS,unclear,unclear,abstract,"Existing routes kept with reduced frequency; abstract reports aggregate cost and utility gains, not demand source or route-level plan."
C58,seminal,Mandl (1980),Evaluation and optimization of urban public transportation networks,European Journal of Operational Research,10.1016/0377-2217(80)90126-5,"Switzerland (15-node network, per citing literature)",Global North,unclear,(meta)heuristic,unclear,4,none,unclear,unclear,unclear,abstract+web,No abstract obtainable; citing papers confirm 15-node Swiss network with OD matrix; heuristic method from secondary sources only.
C59,seminal,Ceder (1986),Bus network design,Transportation Research Part B: Methodological,10.1016/0191-2615(86)90047-0,synthetic (5-node example network),benchmark/synthetic,route design (new network),(meta)heuristic,synthetic or benchmark OD,4,none,none,No,no,fulltext,pp. 339-343 (scanned pages read as images; .txt covers pp. 333-336 only): route-construction algorithm run on 5-node example with given demand matrix (Table 2).
C60,seminal,Baaj (1991),An AI‐based approach for transit route system planning and design,Journal of Advanced Transportation,10.1002/atr.5670250205,unclear,unclear,route design (new network),(meta)heuristic,unclear,unclear,none,unclear,unclear,unclear,abstract,"Abstract mentions only an example illustration; network, demand input and tests not stated; full text was not machine-readable."
