variant,w_population,w_opportunity,gate_agreement_with_equal,gate_kappa,band_agreement_with_equal,band_kappa,n_routes_changing_band,spearman_cdi_with_equal
net,0.1,0.9,0.9032,0.7701,0.8925,0.8072,20,0.9669
net,0.2,0.8,0.9355,0.8467,0.957,0.9238,8,0.9857
net,0.3,0.7,0.9677,0.9234,0.9731,0.9529,5,0.9955
net,0.4,0.6,1.0,1.0,1.0,1.0,0,0.9989
net,0.5,0.5,1.0,1.0,1.0,1.0,0,1.0
net,0.6,0.4,1.0,1.0,0.9946,0.9906,1,0.9994
net,0.7,0.3,1.0,1.0,0.9731,0.9536,5,0.9982
net,0.8,0.2,0.9892,0.9745,0.9032,0.8363,18,0.9967
net,0.9,0.1,0.9785,0.9489,0.8978,0.8273,19,0.9945
euclid,0.1,0.9,0.914,0.7956,0.8065,0.6713,36,0.9761
euclid,0.2,0.8,0.957,0.8978,0.828,0.7094,32,0.9898
euclid,0.3,0.7,0.9785,0.9489,0.8226,0.7002,33,0.9965
euclid,0.4,0.6,0.9785,0.9489,0.9624,0.9384,7,0.999
euclid,0.5,0.5,1.0,1.0,1.0,1.0,0,1.0
euclid,0.6,0.4,0.9892,0.9745,0.9785,0.9654,4,0.9995
euclid,0.7,0.3,0.9785,0.9489,0.9785,0.9654,4,0.9982
euclid,0.8,0.2,0.9785,0.9489,0.9677,0.9482,6,0.9967
euclid,0.9,0.1,0.9785,0.9489,0.9624,0.9396,7,0.9951
