district_osm,district_census2011,population_2011,source,worldpop_2026,ratio_wp_to_census,implied_cagr,cagr_plausible,within_declared_band
Anantnag,Anantnag,1078692,"Census of India 2011, Primary Census Abstract, Jammu & Kashmir",874787.6852364568,0.8109707731553185,-0.013871114662854178,False,False
Bandipore,Bandipora,392232,"Census of India 2011, Primary Census Abstract, Jammu & Kashmir",325076.4178385376,0.828786070077244,-0.012441504156283978,False,False
Baramulla,Baramula,1008039,"Census of India 2011, Primary Census Abstract, Jammu & Kashmir",1072239.0732195443,1.063688084706588,0.004124629263243307,False,False
Budgam,Badgam,753745,"Census of India 2011, Primary Census Abstract, Jammu & Kashmir",749179.7139858226,0.9939431956242796,-0.0004049327404525016,False,False
Ganderbal,Ganderbal,297446,"Census of India 2011, Primary Census Abstract, Jammu & Kashmir",357470.2147449022,1.2017986953763111,0.012330018718254898,True,True
Kulgam,Kulgam,424483,"Census of India 2011, Primary Census Abstract, Jammu & Kashmir",378167.03521065554,0.8908885284231772,-0.007672810395837892,False,False
Kupwara,Kupwara,870354,"Census of India 2011, Primary Census Abstract, Jammu & Kashmir",618785.6913800654,0.7109586345097114,-0.022486068788604263,False,False
Pulwama,Pulwama,560440,"Census of India 2011, Primary Census Abstract, Jammu & Kashmir",606891.682345625,1.0828843093741078,0.005322657817864673,True,True
Shopian,Shupiyan,266215,"Census of India 2011, Primary Census Abstract, Jammu & Kashmir",283714.4952812642,1.065734445020995,0.004253298455314081,False,False
Srinagar,Srinagar,1236829,"Census of India 2011, Primary Census Abstract, Jammu & Kashmir",1318450.609997008,1.065992639238737,0.004269516572019905,False,False
