Target load,Max-headway policy,Demand,Fleet,HPV,MPV,LPV,"% of published 1,011",Demand-bound routes,Headway median (min),p10,p90,% routes > 60 min
0.5,(a) none,x1,643,132,468,43,63.6,186,161.4,29.2,502.5,80.1
0.5,(b) 60-min ceiling,x1,826,184,592,50,81.7,37,60.0,29.2,60.0,0.0
0.5,(c) plan ceilings 35 city / 50 rural / 15 backbone,x1,1060,213,779,68,104.8,14,35.0,15.0,50.0,0.0
0.5,(d) published headway as ceiling (reference),x1,1095,213,809,73,108.3,14,35.0,15.0,50.0,0.0
0.5,(a) none,x2.24,1078,229,789,60,106.6,186,71.9,13.0,223.9,61.8
0.5,(b) 60-min ceiling,x2.24,1154,253,837,64,114.1,71,60.0,13.0,60.0,0.0
0.5,(c) plan ceilings 35 city / 50 rural / 15 backbone,x2.24,1304,267,961,76,129.0,30,35.0,13.0,50.0,0.0
0.5,(d) published headway as ceiling (reference),x2.24,1339,267,991,81,132.4,29,35.0,13.0,50.0,0.0
0.5,(a) none,x4.49,1882,404,1385,93,186.2,186,36.0,6.5,111.9,27.4
0.5,(b) 60-min ceiling,x4.49,1906,408,1404,94,188.5,135,36.0,6.5,60.0,0.0
0.5,(c) plan ceilings 35 city / 50 rural / 15 backbone,x4.49,1962,409,1451,102,194.1,103,35.0,6.5,50.0,0.0
0.5,(d) published headway as ceiling (reference),x4.49,1988,409,1475,104,196.6,94,32.1,6.5,50.0,0.0
0.7,(a) none,x1,551,114,396,41,54.5,186,226.0,40.8,703.5,85.5
0.7,(b) 60-min ceiling,x1,755,170,537,48,74.7,27,60.0,40.8,60.0,0.0
0.7,(c) plan ceilings 35 city / 50 rural / 15 backbone,x1,1019,201,752,66,100.8,10,35.0,15.0,50.0,0.0
0.7,(d) published headway as ceiling (reference),x1,1054,201,782,71,104.3,10,35.0,15.0,50.0,0.0
0.7,(a) none,x2.24,845,181,614,50,83.6,186,100.7,18.2,313.4,72.0
0.7,(b) 60-min ceiling,x2.24,974,217,701,56,96.3,52,60.0,18.2,60.0,0.0
0.7,(c) plan ceilings 35 city / 50 rural / 15 backbone,x2.24,1166,238,856,72,115.3,22,35.0,15.0,50.0,0.0
0.7,(d) published headway as ceiling (reference),x2.24,1201,238,886,77,118.8,21,35.0,15.0,50.0,0.0
0.7,(a) none,x4.49,1423,308,1041,74,140.8,186,50.3,9.1,156.7,39.8
0.7,(b) 60-min ceiling,x4.49,1465,317,1073,75,144.9,112,50.3,9.1,60.0,0.0
0.7,(c) plan ceilings 35 city / 50 rural / 15 backbone,x4.49,1560,322,1153,85,154.3,58,35.0,9.1,50.0,0.0
0.7,(d) published headway as ceiling (reference),x4.49,1592,322,1181,89,157.5,53,35.0,9.1,50.0,0.0
0.85,(a) none,x1,514,107,368,39,50.8,186,274.4,49.6,854.2,88.2
0.85,(b) 60-min ceiling,x1,728,163,517,48,72.0,22,60.0,49.6,60.0,0.0
0.85,(c) plan ceilings 35 city / 50 rural / 15 backbone,x1,1005,196,743,66,99.4,10,35.0,15.0,50.0,0.0
0.85,(d) published headway as ceiling (reference),x1,1040,196,773,71,102.9,9,35.0,15.0,50.0,0.0
0.85,(a) none,x2.24,751,161,543,47,74.3,186,122.3,22.1,380.6,76.3
0.85,(b) 60-min ceiling,x2.24,900,201,645,54,89.0,44,60.0,22.1,60.0,0.0
0.85,(c) plan ceilings 35 city / 50 rural / 15 backbone,x2.24,1112,226,815,71,110.0,20,35.0,15.0,50.0,0.0
0.85,(d) published headway as ceiling (reference),x2.24,1147,226,845,76,113.5,20,35.0,15.0,50.0,0.0
0.85,(a) none,x4.49,1215,258,890,67,120.2,186,61.1,11.0,190.3,52.7
0.85,(b) 60-min ceiling,x4.49,1275,276,930,69,126.1,88,60.0,11.0,60.0,0.0
0.85,(c) plan ceilings 35 city / 50 rural / 15 backbone,x4.49,1400,286,1034,80,138.5,43,35.0,11.0,50.0,0.0
0.85,(d) published headway as ceiling (reference),x4.49,1433,286,1062,85,141.7,38,35.0,11.0,50.0,0.0
