district,network_km,area_km2,worldpop_2026,km_per_km2,km_per_1000_pop,pop_density
Srinagar,2960.5573836536955,575.9164242876064,1318450.609997008,5.1406024534129715,2.2454822055567285,2289.3089246897184
Shopian,968.0185434902467,507.27564373215586,283714.4952812642,1.908269311667101,3.411946021758911,559.2905923767688
Budgam,2304.688261937397,1211.8571202904552,749179.7139858226,1.9017821683343448,3.0762822576653623,618.2079565669102
Pulwama,1669.2160173706764,900.355561781371,606891.682345625,1.8539520254288206,2.7504348237550196,674.0577923957931
Baramulla,3386.861339010585,2139.1027895977613,1072239.0732195443,1.583309299338277,3.158681140802929,501.256451271876
Ganderbal,1242.5407771686137,1390.6631407375403,357470.2147449022,0.8934879632386247,3.475928135873685,257.05018294748027
Kulgam,1042.7083156609956,1173.9442423394914,378167.03521065554,0.8882094038666073,2.7572691921181383,322.1337279673747
Anantnag,2081.809823006513,2754.129878960703,874787.6852364568,0.7558865828768044,2.379788671172018,317.62760787685374
Kupwara,1779.1117702382624,2622.773418816163,618785.6913800654,0.6783322407778927,2.8751663055917547,235.92800161112115
Bandipore,1097.730312441772,2637.6356524942025,325076.4178385376,0.4161796612825337,3.3768377286198725,123.24538361890076
