Location,QuadKey,Url,Size,UploadDate
Asia,123103022,https://minedbuildings.z5.web.core.windows.net/global-buildings/2026-02-03/global-buildings.geojsonl/RegionName=Asia/quadkey=123103022/part-00174-4feead82-d499-422b-94cb-c036c212127a.c000.csv.gz,901B,2026-02-23
India,123103022,https://minedbuildings.z5.web.core.windows.net/global-buildings/2026-02-03/global-buildings.geojsonl/RegionName=India/quadkey=123103022/part-00012-4feead82-d499-422b-94cb-c036c212127a.c000.csv.gz,8.4MB,2026-02-23
India,123103023,https://minedbuildings.z5.web.core.windows.net/global-buildings/2026-02-03/global-buildings.geojsonl/RegionName=India/quadkey=123103023/part-00170-4feead82-d499-422b-94cb-c036c212127a.c000.csv.gz,20.4MB,2026-02-23
India,123103032,https://minedbuildings.z5.web.core.windows.net/global-buildings/2026-02-03/global-buildings.geojsonl/RegionName=India/quadkey=123103032/part-00076-4feead82-d499-422b-94cb-c036c212127a.c000.csv.gz,5.6MB,2026-02-23
India,123103033,https://minedbuildings.z5.web.core.windows.net/global-buildings/2026-02-03/global-buildings.geojsonl/RegionName=India/quadkey=123103033/part-00144-4feead82-d499-422b-94cb-c036c212127a.c000.csv.gz,518.8KB,2026-02-23
India,123103201,https://minedbuildings.z5.web.core.windows.net/global-buildings/2026-02-03/global-buildings.geojsonl/RegionName=India/quadkey=123103201/part-00116-4feead82-d499-422b-94cb-c036c212127a.c000.csv.gz,28.3MB,2026-02-23
India,123103203,https://minedbuildings.z5.web.core.windows.net/global-buildings/2026-02-03/global-buildings.geojsonl/RegionName=India/quadkey=123103203/part-00107-4feead82-d499-422b-94cb-c036c212127a.c000.csv.gz,30.0MB,2026-02-23
India,123103210,https://minedbuildings.z5.web.core.windows.net/global-buildings/2026-02-03/global-buildings.geojsonl/RegionName=India/quadkey=123103210/part-00195-4feead82-d499-422b-94cb-c036c212127a.c000.csv.gz,70.1MB,2026-02-23
India,123103211,https://minedbuildings.z5.web.core.windows.net/global-buildings/2026-02-03/global-buildings.geojsonl/RegionName=India/quadkey=123103211/part-00023-4feead82-d499-422b-94cb-c036c212127a.c000.csv.gz,4.0MB,2026-02-23
India,123103212,https://minedbuildings.z5.web.core.windows.net/global-buildings/2026-02-03/global-buildings.geojsonl/RegionName=India/quadkey=123103212/part-00177-4feead82-d499-422b-94cb-c036c212127a.c000.csv.gz,22.1MB,2026-02-23
India,123103213,https://minedbuildings.z5.web.core.windows.net/global-buildings/2026-02-03/global-buildings.geojsonl/RegionName=India/quadkey=123103213/part-00075-4feead82-d499-422b-94cb-c036c212127a.c000.csv.gz,11.8MB,2026-02-23
Pakistan,123103022,https://minedbuildings.z5.web.core.windows.net/global-buildings/2026-02-03/global-buildings.geojsonl/RegionName=Pakistan/quadkey=123103022/part-00183-4feead82-d499-422b-94cb-c036c212127a.c000.csv.gz,19.7MB,2026-02-23
Pakistan,123103023,https://minedbuildings.z5.web.core.windows.net/global-buildings/2026-02-03/global-buildings.geojsonl/RegionName=Pakistan/quadkey=123103023/part-00049-4feead82-d499-422b-94cb-c036c212127a.c000.csv.gz,6.5KB,2026-02-23
