New_Route_ID,Route_Name,Route_Type,pop_euclid,pop_net,spurious_share_of_euclidean_pct,overstatement_of_network_pct,legacy_overstatement_pct_in_a02_catchments,legacy_overstatement_pct_note
FDR-059,Soura to LD,Urban,95291.65625,68499.171875,28.116296252327967,39.11358873636018,28.116296252327967,equals spurious_share_of_euclidean_pct = (E-N)/E; not an overstatement
FDR-488,Parimpora to Budgam,Peri_Urban,54337.6875,34842.8984375,35.87710474889091,55.95053780462348,35.87710474889091,equals spurious_share_of_euclidean_pct = (E-N)/E; not an overstatement
FDR-271,Parimpora to Hazratbal,Peri_Urban,51943.921875,38395.33984375,26.08309411802572,35.287048080277486,26.08309411802572,equals spurious_share_of_euclidean_pct = (E-N)/E; not an overstatement
FDR-429,Parimpora to Chadora,Peri_Urban,102759.0625,56705.453125,44.81707817741136,81.21548605471972,44.81707817741136,equals spurious_share_of_euclidean_pct = (E-N)/E; not an overstatement
FDR-394,Lawaypora to Jehangir Chowk,Urban,82756.515625,52067.05078125,37.084046630014214,58.94219930505774,37.084046630014214,equals spurious_share_of_euclidean_pct = (E-N)/E; not an overstatement
FDR-068,Lalbazar to LD,Urban,65553.359375,49195.0546875,24.95418212501028,33.25192906362698,24.95418212501028,equals spurious_share_of_euclidean_pct = (E-N)/E; not an overstatement
FDR-002,Soura to Gadoora,Peri_Urban,67978.5546875,45346.77734375,33.292525043801156,49.90823751860123,33.292525043801156,equals spurious_share_of_euclidean_pct = (E-N)/E; not an overstatement
FDR-481,Soura to Ganderbal,Urban,32536.2890625,24172.064453125,25.707371216514254,34.60285581148887,25.707371216514254,equals spurious_share_of_euclidean_pct = (E-N)/E; not an overstatement
FDR-081,Lalbazar to Lalchowk,Urban,82673.953125,60486.4140625,26.837399475688855,36.68185559747986,26.837399475688855,equals spurious_share_of_euclidean_pct = (E-N)/E; not an overstatement
FDR-122,Jehangir Chowk to Soura,Urban,73944.6015625,51557.328125,30.27573746350863,43.4220977922331,30.27573746350863,equals spurious_share_of_euclidean_pct = (E-N)/E; not an overstatement
TRK-031,Soura to Hazratbal,Urban,40761.2265625,30585.583984375,24.964024481752247,33.26940751997198,24.964024481752247,equals spurious_share_of_euclidean_pct = (E-N)/E; not an overstatement
FDR-161,TRC to Hazratbal,Urban,59275.46484375,42357.1171875,28.54190633653693,39.94216032540281,28.54190633653693,equals spurious_share_of_euclidean_pct = (E-N)/E; not an overstatement
FDR-147,Hazratbal to LD,Urban,53729.20703125,37234.48046875,30.69973944135511,44.299601753121344,30.69973944135511,equals spurious_share_of_euclidean_pct = (E-N)/E; not an overstatement
FDR-262,Soura to Railway Station,Peri_Urban,117008.84375,78831.125,32.62806256898851,48.42975252478003,32.62806256898851,equals spurious_share_of_euclidean_pct = (E-N)/E; not an overstatement
FDR-101,Malbagh to LD,Urban,87580.453125,62308.3359375,28.85588768469848,40.559769101922186,28.85588768469848,equals spurious_share_of_euclidean_pct = (E-N)/E; not an overstatement
FDR-269,Jehangir Chowk to JVC,Urban,58410.94921875,43303.765625,25.86361597578793,34.886535560381766,25.86361597578793,equals spurious_share_of_euclidean_pct = (E-N)/E; not an overstatement
FDR-173,Soura to Parimpora,Urban,92397.1796875,65829.5546875,28.75371855489028,40.358202521829874,28.75371855489028,equals spurious_share_of_euclidean_pct = (E-N)/E; not an overstatement
FDR-467,Jehangir Chowk to Budgam,Regional_District,68912.421875,49056.2734375,28.813598328494386,40.47626744986585,28.813598328494386,equals spurious_share_of_euclidean_pct = (E-N)/E; not an overstatement
FDR-106,Parimpora to Saidakadal,Urban,81094.6640625,57507.0625,29.08650258951802,41.01687781826797,29.08650258951802,equals spurious_share_of_euclidean_pct = (E-N)/E; not an overstatement
FDR-275,Jehangir Chowk to HMT,Urban,70204.0234375,48185.49609375,31.363625994103124,45.69534222686141,31.363625994103124,equals spurious_share_of_euclidean_pct = (E-N)/E; not an overstatement
FDR-289,Parimpora to Pantha Chowk,Peri_Urban,133104.078125,82793.203125,37.798146915342684,60.76691455461791,37.798146915342684,equals spurious_share_of_euclidean_pct = (E-N)/E; not an overstatement
FDR-265,Baghat Shora to Lalchowk,Urban,44661.23828125,28505.51953125,36.17391584232587,56.67575618921391,36.17391584232587,equals spurious_share_of_euclidean_pct = (E-N)/E; not an overstatement
FDR-338,Parimpora to Rawalpora,Urban,97534.9375,62455.0859375,35.96644695907044,56.16812631977655,35.96644695907044,equals spurious_share_of_euclidean_pct = (E-N)/E; not an overstatement
FDR-097,Lalbazar to Qamarwari,Urban,83150.3984375,58695.85546875,29.41001297441919,41.66315112618085,29.41001297441919,equals spurious_share_of_euclidean_pct = (E-N)/E; not an overstatement
FDR-132,Safakadal to SMHS,Urban,18856.5703125,13622.080078125,27.75950317383571,38.42651198902288,27.75950317383571,equals spurious_share_of_euclidean_pct = (E-N)/E; not an overstatement
FDR-455,Narbal to Jehangir Chowk,Peri_Urban,93028.8671875,55645.56640625,40.184624312261946,67.18109491118628,40.184624312261946,equals spurious_share_of_euclidean_pct = (E-N)/E; not an overstatement
FDR-098,Soura to SMHS,Urban,95859.625,71061.15625,25.869565784343514,34.89736173551215,25.869565784343514,equals spurious_share_of_euclidean_pct = (E-N)/E; not an overstatement
FDR-270,Soura to Qamarwari,Urban,63470.73046875,44509.37109375,29.87417859376249,42.60082519490497,29.87417859376249,equals spurious_share_of_euclidean_pct = (E-N)/E; not an overstatement
FDR-575,Safakadal to Jehangir Chowk,Urban,31858.97265625,23095.1640625,27.50813307230339,37.946509364616034,27.50813307230339,equals spurious_share_of_euclidean_pct = (E-N)/E; not an overstatement
FDR-316,Qamarwari to Pathachowk,Peri_Urban,121767.65625,75704.953125,37.828356514006565,60.845032225227996,37.828356514006565,equals spurious_share_of_euclidean_pct = (E-N)/E; not an overstatement
FDR-117,Qamarwari to Dalgate,Urban,77114.2890625,57323.74609375,25.66391159063926,34.52416200501551,25.66391159063926,equals spurious_share_of_euclidean_pct = (E-N)/E; not an overstatement
FDR-164,Lalbazar to Parimpora,Urban,96770.140625,67618.34375,30.12478506977472,43.112261049724395,30.12478506977472,equals spurious_share_of_euclidean_pct = (E-N)/E; not an overstatement
FDR-199,Qamarwari to Hazratbal,Urban,71584.2421875,52227.28125,27.04081281855087,37.06293047275939,27.04081281855087,equals spurious_share_of_euclidean_pct = (E-N)/E; not an overstatement
FDR-446,Parimpora to Rangrath,Peri_Urban,87643.515625,50760.6328125,42.08284269461606,72.66040781788175,42.08284269461606,equals spurious_share_of_euclidean_pct = (E-N)/E; not an overstatement
FDR-108,Saidakadal to Bypass,Urban,96735.8203125,67846.15625,29.864494836735197,42.581135998400796,29.864494836735197,equals spurious_share_of_euclidean_pct = (E-N)/E; not an overstatement
FDR-401,Jehangir Chowk to Panzinara,Peri_Urban,48623.58203125,36390.50390625,25.15873494704256,33.61612731858597,25.15873494704256,equals spurious_share_of_euclidean_pct = (E-N)/E; not an overstatement
FDR-407,Batamallo to Pantha Chowk,Peri_Urban,92672.6015625,48920.6484375,47.211314225912744,89.43453229344779,47.211314225912744,equals spurious_share_of_euclidean_pct = (E-N)/E; not an overstatement
FDR-219,Qamarwari to Jehangir Chowk,Urban,52034.625,36530.8671875,29.795079358215805,42.4401581624786,29.795079358215805,equals spurious_share_of_euclidean_pct = (E-N)/E; not an overstatement
FDR-332,Parimpora to Jehangir Chowk,Peri_Urban,136066.53125,77300.6015625,43.18911428669201,76.02260331698179,43.18911428669201,equals spurious_share_of_euclidean_pct = (E-N)/E; not an overstatement
FDR-261,JVC to Batwara,Urban,34836.91796875,21763.31640625,37.52800857477548,60.071734098142855,37.52800857477548,equals spurious_share_of_euclidean_pct = (E-N)/E; not an overstatement
FDR-335,LD to Panthachowk,Urban,78287.46875,46780.86328125,40.24476199295944,67.3493459907526,40.24476199295944,equals spurious_share_of_euclidean_pct = (E-N)/E; not an overstatement
FDR-104,Hazratbal to Bone Joint Hospital Barzalla,Peri_Urban,132138.4375,88329.125,33.15410211355042,49.59781102778953,33.15410211355042,equals spurious_share_of_euclidean_pct = (E-N)/E; not an overstatement
FDR-438,GBS to LAL Chowk,Peri_Urban,31222.634765625,19347.953125,38.03228564713763,61.37435605672112,38.03228564713763,equals spurious_share_of_euclidean_pct = (E-N)/E; not an overstatement
FDR-151,Parimpora to Jawahairnagar,Urban,101165.453125,66192.890625,34.56966920989116,52.83431826255888,34.56966920989116,equals spurious_share_of_euclidean_pct = (E-N)/E; not an overstatement
FDR-001,Qamarwari to Baghi Mehtab,Peri_Urban,117997.5390625,72696.1484375,38.39180968088251,62.31608083603982,38.39180968088251,equals spurious_share_of_euclidean_pct = (E-N)/E; not an overstatement
FDR-176,Jehangir Chowk to Bemina,Urban,52214.12109375,37730.80078125,27.73832060965907,38.38593407139496,27.73832060965907,equals spurious_share_of_euclidean_pct = (E-N)/E; not an overstatement
FDR-078,Chanapora to Soura,Urban,132523.96875,85534.6640625,35.457212103376584,54.93597853282619,35.457212103376584,equals spurious_share_of_euclidean_pct = (E-N)/E; not an overstatement
FDR-191,Parimpora to Humhama,Peri_Urban,129138.3046875,82035.9375,36.47435770624554,57.416747614422036,36.47435770624554,equals spurious_share_of_euclidean_pct = (E-N)/E; not an overstatement
FDR-341,LD to Pampore,Peri_Urban,92731.6015625,57649.6796875,37.83167904347603,60.85362844194034,37.83167904347603,equals spurious_share_of_euclidean_pct = (E-N)/E; not an overstatement
FDR-080,Batmaloo to Dalgate,Urban,36536.05078125,25486.853515625,30.241903624940647,43.352535686098584,30.241903624940647,equals spurious_share_of_euclidean_pct = (E-N)/E; not an overstatement
FDR-160,"Hazratbal, Lalbazar",Urban,45813.55859375,34185.09375,25.38214712125939,34.016185325658206,25.38214712125939,equals spurious_share_of_euclidean_pct = (E-N)/E; not an overstatement
FDR-201,LD to Parimpora,Urban,59995.0859375,38769.3203125,35.379173632840505,54.74887218529955,35.379173632840505,equals spurious_share_of_euclidean_pct = (E-N)/E; not an overstatement
FDR-096,Soura to Dalgate,Urban,74791.1171875,55057.80859375,26.384561878222712,35.84107158959841,26.384561878222712,equals spurious_share_of_euclidean_pct = (E-N)/E; not an overstatement
TRK-032,Soura to Chuntwaliwar,Urban,59388.8046875,42904.99609375,27.755750735322458,38.41932197763609,27.755750735322458,equals spurious_share_of_euclidean_pct = (E-N)/E; not an overstatement
FDR-067,Soura to Batamallo,Urban,107575.078125,79203.53125,26.373717193152167,35.82106306024077,26.373717193152167,equals spurious_share_of_euclidean_pct = (E-N)/E; not an overstatement
FDR-333,Rangpora to Soura,Peri_Urban,37382.90625,26833.8984375,28.218800705201993,39.31224468584076,28.218800705201993,equals spurious_share_of_euclidean_pct = (E-N)/E; not an overstatement
FDR-525,LD to Budgam,Peri_Urban,68864.3359375,50465.1171875,26.71806603449831,36.45928073770016,26.71806603449831,equals spurious_share_of_euclidean_pct = (E-N)/E; not an overstatement
FDR-320,Parimpora to Pampore,Peri_Urban,147932.421875,93438.2890625,36.837180194715174,58.320987423099524,36.837180194715174,equals spurious_share_of_euclidean_pct = (E-N)/E; not an overstatement
FDR-105,Rangpora to Dalgate,Peri_Urban,119572.203125,86835.25,27.378397545102523,37.70007355883699,27.378397545102523,equals spurious_share_of_euclidean_pct = (E-N)/E; not an overstatement
FDR-088,Rangpora to Lalchowk,Urban,118642.1953125,87696.1171875,26.083534650963728,35.28785437425385,26.083534650963728,equals spurious_share_of_euclidean_pct = (E-N)/E; not an overstatement
FDR-406,Qamarwari to Parimpora,Urban,22475.158203125,15924.173828125,29.147667463756207,41.138613818883115,29.147667463756207,equals spurious_share_of_euclidean_pct = (E-N)/E; not an overstatement
FDR-190,Ma Road to Safakadal,Urban,82966.0,54319.4453125,34.52806533700552,52.737200320614924,34.52806533700552,equals spurious_share_of_euclidean_pct = (E-N)/E; not an overstatement
FDR-158,Rangpora to LD,Peri_Urban,96879.53125,70080.421875,27.66230289228407,38.24050805915614,27.66230289228407,equals spurious_share_of_euclidean_pct = (E-N)/E; not an overstatement
FDR-050,Soura to Lalchowk,Urban,86102.2265625,61683.6328125,28.36000266761394,39.58682820161598,28.36000266761394,equals spurious_share_of_euclidean_pct = (E-N)/E; not an overstatement
FDR-325,Ma Road to Parimpora,Peri_Urban,117647.671875,73771.71875,37.294365817640625,59.475302823956504,37.294365817640625,equals spurious_share_of_euclidean_pct = (E-N)/E; not an overstatement
FDR-510,Srinagar to Shanglipora,Regional_District,139280.40625,84380.2265625,39.417015763837924,65.06284934757282,39.417015763837924,equals spurious_share_of_euclidean_pct = (E-N)/E; not an overstatement
FDR-466,Srinagar to Isganderpora,Regional_District,90822.7578125,63641.359375,29.927959789125676,42.7102731689568,29.927959789125676,equals spurious_share_of_euclidean_pct = (E-N)/E; not an overstatement
FDR-454,Srinagar to Aboora,Regional_District,132626.21875,80661.953125,39.18099008986486,64.42227544933378,39.18099008986486,equals spurious_share_of_euclidean_pct = (E-N)/E; not an overstatement
FDR-536,Srinagar to Arizal,Regional_District,99594.6484375,66094.1953125,33.636800421081865,50.68592327451222,33.636800421081865,equals spurious_share_of_euclidean_pct = (E-N)/E; not an overstatement
FDR-453,Srinagar to Baderkote,Regional_District,143203.453125,85914.9765625,40.00495470768698,66.68043088020251,40.00495470768698,equals spurious_share_of_euclidean_pct = (E-N)/E; not an overstatement
FDR-514,Srinagar to Loolpora,Regional_District,127087.8828125,75117.921875,40.89293155837228,69.18450303241966,40.89293155837228,equals spurious_share_of_euclidean_pct = (E-N)/E; not an overstatement
FDR-384,Srinagar to Beeru,Regional_District,105936.046875,63695.6015625,39.873533663514856,66.31611018078294,39.873533663514856,equals spurious_share_of_euclidean_pct = (E-N)/E; not an overstatement
FDR-565,Srinagar to Dardpora,Regional_District,237542.09375,135168.390625,43.09707871512773,75.73790192487911,43.09707871512773,equals spurious_share_of_euclidean_pct = (E-N)/E; not an overstatement
FDR-038,Srinagar to Ratnipora,Regional_District,65346.74609375,35577.75,45.55543752865947,83.67307121375016,45.55543752865947,equals spurious_share_of_euclidean_pct = (E-N)/E; not an overstatement
FDR-437,Srinagar to Ratsun,Regional_District,126717.1171875,78018.78125,38.43074796709772,62.418734511441755,38.43074796709772,equals spurious_share_of_euclidean_pct = (E-N)/E; not an overstatement
FDR-487,Srinagar to Khag,Regional_District,133836.1875,81401.125,39.17853868932123,64.41564843237731,39.17853868932123,equals spurious_share_of_euclidean_pct = (E-N)/E; not an overstatement
FDR-463,Srinagar to Karhama,Regional_District,131638.234375,79976.4140625,39.24530024106076,64.59631995018844,39.24530024106076,equals spurious_share_of_euclidean_pct = (E-N)/E; not an overstatement
FDR-508,Srinagar to Chewdara,Regional_District,92026.71875,62405.1640625,32.1879939759343,47.466511998643945,32.1879939759343,equals spurious_share_of_euclidean_pct = (E-N)/E; not an overstatement
FDR-464,Srinagar to Badrun,Regional_District,120519.9375,75029.8828125,37.74483760207725,60.62924928348861,37.74483760207725,equals spurious_share_of_euclidean_pct = (E-N)/E; not an overstatement
FDR-439,Srinagar to Tangmarg,Regional_District,146684.28125,86584.984375,40.97187262524082,69.41076135639136,40.97187262524082,equals spurious_share_of_euclidean_pct = (E-N)/E; not an overstatement
FDR-570,Srinagar to Khoor,Regional_District,226694.125,128735.21875,43.21192984158721,76.09332333542176,43.21192984158721,equals spurious_share_of_euclidean_pct = (E-N)/E; not an overstatement
FDR-551,Srinagar to Handwara,Regional_District,185073.78125,110154.8671875,40.48056594321083,68.01235022595674,40.48056594321083,equals spurious_share_of_euclidean_pct = (E-N)/E; not an overstatement
FDR-563,Srinagar to Trehgam KUP,Regional_District,223984.34375,128254.0,42.73974785347023,74.64121489388245,42.73974785347023,equals spurious_share_of_euclidean_pct = (E-N)/E; not an overstatement
FDR-562,Srinagar to Chowkibal,Regional_District,221717.328125,126872.1484375,42.77752239284973,74.75650160856448,42.77752239284973,equals spurious_share_of_euclidean_pct = (E-N)/E; not an overstatement
FDR-509,Srinagar to Hajin,Regional_District,123151.9453125,80591.421875,34.55935943967592,52.8102401562201,34.55935943967592,equals spurious_share_of_euclidean_pct = (E-N)/E; not an overstatement
FDR-486,Srinagar to Safapora Sumbal,Regional_District,113867.40625,74374.375,34.683350179498795,53.10032017075774,34.683350179498795,equals spurious_share_of_euclidean_pct = (E-N)/E; not an overstatement
FDR-504,Srinagar to Safapora GBL,Regional_District,119364.9296875,78900.609375,33.89967255745593,51.28518098026414,33.89967255745593,equals spurious_share_of_euclidean_pct = (E-N)/E; not an overstatement
FDR-513,Srinagar to Narwara Budgam,Regional_District,90477.5546875,61371.765625,32.1690712829589,47.4253734858227,32.1690712829589,equals spurious_share_of_euclidean_pct = (E-N)/E; not an overstatement
FDR-465,Srinagar to Charishreef,Regional_District,122888.515625,74159.0,39.653433339288085,65.70951014037406,39.653433339288085,equals spurious_share_of_euclidean_pct = (E-N)/E; not an overstatement
FDR-519,Srinagar to Pakherpora,Regional_District,130031.1015625,77771.859375,40.18980194702217,67.19556740377855,40.18980194702217,equals spurious_share_of_euclidean_pct = (E-N)/E; not an overstatement
FDR-555,Srinagar to Pasthoon,Regional_District,97505.453125,53815.58203125,44.80761813161411,81.18442548550318,44.80761813161411,equals spurious_share_of_euclidean_pct = (E-N)/E; not an overstatement
FDR-546,Srinagar to Pinglish,Regional_District,94100.0859375,52956.55078125,43.723164273810525,77.69300407461098,43.723164273810525,equals spurious_share_of_euclidean_pct = (E-N)/E; not an overstatement
FDR-552,Srinagar to Tral Nowdal,Regional_District,83023.90625,45371.015625,45.351865897059014,82.98886438030888,45.351865897059014,equals spurious_share_of_euclidean_pct = (E-N)/E; not an overstatement
FDR-007,Srinagar to Qazigund,Regional_District,114605.9296875,52467.2578125,54.219421320027415,118.43323715728067,54.219421320027415,equals spurious_share_of_euclidean_pct = (E-N)/E; not an overstatement
FDR-529,Srinagar to Mirpora Budgam,Regional_District,93772.0703125,63406.1875,32.38265158410624,47.89104030659468,32.38265158410624,equals spurious_share_of_euclidean_pct = (E-N)/E; not an overstatement
FDR-507,Srinagar to Vijipopra,Regional_District,121599.1875,79781.625,34.38967262836357,52.41502977659329,34.38967262836357,equals spurious_share_of_euclidean_pct = (E-N)/E; not an overstatement
FDR-553,Srinagar to Kupwara DAY,Regional_District,214800.0,123277.546875,42.60821840083799,74.24097529925804,42.60821840083799,equals spurious_share_of_euclidean_pct = (E-N)/E; not an overstatement
FDR-541,Srinagar to URI Baramulla,Regional_District,217179.71875,126685.90625,41.667708670425746,71.43163369840124,41.667708670425746,equals spurious_share_of_euclidean_pct = (E-N)/E; not an overstatement
FDR-571,Srinagar to Tangdar,Regional_District,226790.28125,128822.3828125,43.197573501620234,76.0488172153216,43.197573501620234,equals spurious_share_of_euclidean_pct = (E-N)/E; not an overstatement
FDR-543,Bandipora to Srinagar,Regional_District,152522.4375,101709.03125,33.31536466560863,49.95958139164756,33.31536466560863,equals spurious_share_of_euclidean_pct = (E-N)/E; not an overstatement
FDR-003,Bandipora to Soura,Regional_District,110513.796875,69990.84375,36.66777748196881,57.8975062363068,36.66777748196881,equals spurious_share_of_euclidean_pct = (E-N)/E; not an overstatement
FDR-549,Bankoot to Srinagar via Bandipora,Regional_District,153088.15625,100705.09375,34.21758010754016,52.016298827982574,34.21758010754016,equals spurious_share_of_euclidean_pct = (E-N)/E; not an overstatement
FDR-004,Bandipora to Baramulla,Regional_District,127053.6328125,77585.046875,38.935199917111774,63.760464071382955,38.935199917111774,equals spurious_share_of_euclidean_pct = (E-N)/E; not an overstatement
FDR-511,Sopore to Srinagar,Regional_District,173095.890625,107398.3359375,37.95442771650143,61.17185533091724,37.95442771650143,equals spurious_share_of_euclidean_pct = (E-N)/E; not an overstatement
FDR-539,Zaloora to Srinagar,Regional_District,184167.28125,107210.2265625,41.78649658352384,71.78144954542802,41.78649658352384,equals spurious_share_of_euclidean_pct = (E-N)/E; not an overstatement
FDR-530,Botingue to Srinagar,Regional_District,197458.484375,126024.4375,36.1767422155116,56.68269447741039,36.1767422155116,equals spurious_share_of_euclidean_pct = (E-N)/E; not an overstatement
FDR-515,Baramulla to Srinagar,Regional_District,195401.5625,117612.953125,39.80961481564407,66.13949170405205,39.80961481564407,equals spurious_share_of_euclidean_pct = (E-N)/E; not an overstatement
FDR-592,Kamalkote to Baramulla,Regional_District,49785.6796875,21518.75,56.77722964701666,131.35953383677025,56.77722964701666,equals spurious_share_of_euclidean_pct = (E-N)/E; not an overstatement
FDR-593,Garkote to Baramulla,Urban,18889.2734375,10092.5458984375,46.569962408393984,87.16063942225306,46.569962408393984,equals spurious_share_of_euclidean_pct = (E-N)/E; not an overstatement
FDR-521,Fathgath to Srinagar,Regional_District,189588.65625,117591.015625,37.97571123140444,61.22716114180173,37.97571123140444,equals spurious_share_of_euclidean_pct = (E-N)/E; not an overstatement
FDR-574,Pehilpora to URI via Baramulla,Peri_Urban,44924.50390625,22284.69140625,50.395242087136985,101.59356522949383,50.395242087136985,equals spurious_share_of_euclidean_pct = (E-N)/E; not an overstatement
FDR-005,Baramula to Kupwra,Regional_District,65465.828125,31318.349609375,52.16076767626622,109.03345464092754,52.16076767626622,equals spurious_share_of_euclidean_pct = (E-N)/E; not an overstatement
FDR-567,Kupwara to Srinagar,Regional_District,223732.421875,126650.2734375,43.39207863746279,76.65372194037036,43.39207863746279,equals spurious_share_of_euclidean_pct = (E-N)/E; not an overstatement
FDR-564,Sogam to Srinagar,Regional_District,240418.296875,139648.375,41.914414661789664,72.15975257499416,41.914414661789664,equals spurious_share_of_euclidean_pct = (E-N)/E; not an overstatement
FDR-516,Shopian to Srinagar,Regional_District,154092.828125,97632.53125,36.64044431010082,57.82938960214657,36.64044431010082,equals spurious_share_of_euclidean_pct = (E-N)/E; not an overstatement
FDR-538,Sedow to Srinagar,Regional_District,88317.046875,53988.28125,38.8699201792689,63.585587149989145,38.8699201792689,equals spurious_share_of_euclidean_pct = (E-N)/E; not an overstatement
FDR-520,Harman to Srinagar,Regional_District,153090.125,94226.1171875,38.45055833124442,62.47101076590777,38.45055833124442,equals spurious_share_of_euclidean_pct = (E-N)/E; not an overstatement
FDR-535,Kaprin to Srinagar,Regional_District,166568.96875,103818.09375,37.67260821202629,60.443100748033146,37.67260821202629,equals spurious_share_of_euclidean_pct = (E-N)/E; not an overstatement
FDR-540,Nehama to Srinagar,Regional_District,170773.515625,106697.921875,37.52080263470304,60.05327247616555,37.52080263470304,equals spurious_share_of_euclidean_pct = (E-N)/E; not an overstatement
FDR-008,Khull Ahmadabad to Srinagar,Regional_District,112342.6875,54519.9375,51.4699721777619,106.05799025356549,51.4699721777619,equals spurious_share_of_euclidean_pct = (E-N)/E; not an overstatement
FDR-537,Pariwan to Srinagar,Regional_District,169296.21875,106955.4453125,36.82348837900433,58.286675592209576,36.82348837900433,equals spurious_share_of_euclidean_pct = (E-N)/E; not an overstatement
FDR-010,Kulgam to Srinagar,Regional_District,112860.859375,57466.95703125,49.0815882942146,96.39261447865998,49.0815882942146,equals spurious_share_of_euclidean_pct = (E-N)/E; not an overstatement
FDR-011,Katrosoo to Srinagar,Regional_District,108179.84375,56749.28125,47.54172377883472,90.62768966787574,47.54172377883472,equals spurious_share_of_euclidean_pct = (E-N)/E; not an overstatement
FDR-012,Yaripora to Srinagar,Regional_District,104777.6640625,54322.28125,48.15471242268133,92.88156103072346,48.15471242268133,equals spurious_share_of_euclidean_pct = (E-N)/E; not an overstatement
FDR-444,Pulwama to Srinagar,Peri_Urban,116819.578125,72692.25,37.77391498348214,60.7043090907215,37.77391498348214,equals spurious_share_of_euclidean_pct = (E-N)/E; not an overstatement
FDR-039,Koil to Srinagar,Peri_Urban,41661.65625,25151.794921875,39.62843250650891,65.6408871788552,39.62843250650891,equals spurious_share_of_euclidean_pct = (E-N)/E; not an overstatement
FDR-505,Wasoora to Srinagar,Peri_Urban,138701.984375,87071.515625,37.22403034293286,59.2966234472848,37.22403034293286,equals spurious_share_of_euclidean_pct = (E-N)/E; not an overstatement
FDR-440,Srinagar to Lettar,Peri_Urban,119054.578125,74954.2265625,37.04212996849003,58.836377326537104,37.04212996849003,equals spurious_share_of_euclidean_pct = (E-N)/E; not an overstatement
FDR-506,Heff to Srinagar,Regional_District,140845.890625,90933.671875,35.437468944614444,54.88859926234008,35.437468944614444,equals spurious_share_of_euclidean_pct = (E-N)/E; not an overstatement
FDR-531,Srinagar to Keller,Regional_District,145704.125,91075.984375,37.49251479668129,59.98084017414717,37.49251479668129,equals spurious_share_of_euclidean_pct = (E-N)/E; not an overstatement
FDR-532,Sangerwani to Srinagar,Regional_District,129285.84375,75981.4140625,41.22990432778917,70.15456390908098,41.22990432778917,equals spurious_share_of_euclidean_pct = (E-N)/E; not an overstatement
FDR-013,Anantnagh to Srinagar,Regional_District,139591.84375,71186.0,49.004183849387694,96.0945182339224,49.004183849387694,equals spurious_share_of_euclidean_pct = (E-N)/E; not an overstatement
FDR-006,Phalgam to Anantnagh,Peri_Urban,45203.890625,19990.318359375,55.77743843951485,126.12891807098417,55.77743843951485,equals spurious_share_of_euclidean_pct = (E-N)/E; not an overstatement
FDR-023,Mawan to Srinagar,Regional_District,127485.765625,67212.171875,47.27868515712967,89.67660480023731,47.27868515712967,equals spurious_share_of_euclidean_pct = (E-N)/E; not an overstatement
FDR-024,Devsur to Srinagar,Regional_District,105221.7890625,52068.8046875,50.51518782238915,102.08220583131664,50.51518782238915,equals spurious_share_of_euclidean_pct = (E-N)/E; not an overstatement
FDR-025,Lammer to Anantnagh,Urban,23312.732421875,13157.814453125,43.55953555757948,77.17784746795994,43.55953555757948,equals spurious_share_of_euclidean_pct = (E-N)/E; not an overstatement
FDR-028,Shangus to Srinagar,Regional_District,168021.03125,89672.140625,46.63040694496392,87.37261102380425,46.63040694496392,equals spurious_share_of_euclidean_pct = (E-N)/E; not an overstatement
FDR-029,Uttersoo to Srinagar,Regional_District,162469.6875,85634.671875,47.29190829827872,89.72418991358458,47.29190829827872,equals spurious_share_of_euclidean_pct = (E-N)/E; not an overstatement
FDR-035,Anantnagh to Shopian,Regional_District,104268.0859375,57141.82421875,45.197206120191225,82.47244879397185,45.197206120191225,equals spurious_share_of_euclidean_pct = (E-N)/E; not an overstatement
FDR-435,Srinagar to NEW Khanda,Urban,105400.203125,66323.7578125,37.07435484365913,58.9177190818571,37.07435484365913,equals spurious_share_of_euclidean_pct = (E-N)/E; not an overstatement
FDR-596,Srinagar to By Pass,Urban,32914.41015625,22174.04296875,32.63120054867685,48.43666625268319,32.63120054867685,equals spurious_share_of_euclidean_pct = (E-N)/E; not an overstatement
FDR-476,Srinagar to Khrew,Urban,75677.2890625,45766.203125,39.5245209071868,65.35627579986186,39.5245209071868,equals spurious_share_of_euclidean_pct = (E-N)/E; not an overstatement
FDR-093,Srinagar to Railway,Urban,72798.3203125,44573.328125,38.771488224369875,63.322604290051544,38.771488224369875,equals spurious_share_of_euclidean_pct = (E-N)/E; not an overstatement
FDR-123,Srinagar to Bypass,Urban,67620.90625,43810.015625,35.21232107858655,54.35033584286698,35.21232107858655,equals spurious_share_of_euclidean_pct = (E-N)/E; not an overstatement
FDR-144,Srinagar to Gulabagh,Urban,107464.1640625,76019.40625,29.26069177275884,41.36411919489308,29.26069177275884,equals spurious_share_of_euclidean_pct = (E-N)/E; not an overstatement
FDR-040,Srinagar to Ratnipura,Urban,65581.1875,35665.9921875,45.61551330936177,83.87596552826167,45.61551330936177,equals spurious_share_of_euclidean_pct = (E-N)/E; not an overstatement
FDR-052,Srinagar to Buchpora,Urban,89560.1640625,64886.41796875,27.549911673376688,38.026056709792705,27.549911673376688,equals spurious_share_of_euclidean_pct = (E-N)/E; not an overstatement
FDR-370,Srinagar to Pampore,Urban,70070.8359375,41581.33203125,40.658147608887305,68.51513050336872,40.658147608887305,equals spurious_share_of_euclidean_pct = (E-N)/E; not an overstatement
FDR-479,Srinagar to Budgam,Urban,85255.75,59053.6015625,30.73358505144814,44.370110787855474,30.73358505144814,equals spurious_share_of_euclidean_pct = (E-N)/E; not an overstatement
FDR-517,Srinagar to Gund,Peri_Urban,173535.71875,113633.421875,34.518713096349224,52.71538591955299,34.518713096349224,equals spurious_share_of_euclidean_pct = (E-N)/E; not an overstatement
FDR-326,Srinagar to Chadoora,Urban,108837.7421875,65942.484375,39.41211656026664,65.04950218218102,39.41211656026664,equals spurious_share_of_euclidean_pct = (E-N)/E; not an overstatement
FDR-036,Srinagar to Bugam,Peri_Urban,97971.5625,49330.96484375,49.64766960438137,98.60053986439013,49.64766960438137,equals spurious_share_of_euclidean_pct = (E-N)/E; not an overstatement
FDR-597,Srinagar to Rasoo,Urban,40371.08203125,28325.697265625,29.836665651668792,42.52458342920591,29.836665651668792,equals spurious_share_of_euclidean_pct = (E-N)/E; not an overstatement
FDR-599,Srinagar to Harwan,Urban,54601.85546875,32351.130859375,40.75085804018078,68.7788155106392,40.75085804018078,equals spurious_share_of_euclidean_pct = (E-N)/E; not an overstatement
FDR-288,Srinagar to Ganderbal,Urban,102295.390625,74104.640625,27.558182072292176,38.041814604643726,27.558182072292176,equals spurious_share_of_euclidean_pct = (E-N)/E; not an overstatement
FDR-602,TRC Srinagar to Airport,Urban,96113.578125,59225.34375,38.379836745881214,62.284542459916075,38.379836745881214,equals spurious_share_of_euclidean_pct = (E-N)/E; not an overstatement
SSCL-01,Parimpora to Harwan via Brein Nishat,Peri_Urban,130613.453125,91747.453125,29.756505987790067,42.36193886172249,29.756505987790067,equals spurious_share_of_euclidean_pct = (E-N)/E; not an overstatement
SSCL-02,Batamaloo to Nasrullah Pora via Jehangir Chowk Rambagh Hyderpora,Urban,33128.8359375,23049.4296875,30.424872968719896,43.72952557462275,30.424872968719896,equals spurious_share_of_euclidean_pct = (E-N)/E; not an overstatement
SSCL-03,Batamaloo to Hazratbal via Khanyar,Urban,98884.515625,67829.59375,31.40524244743197,45.783735620560165,31.40524244743197,equals spurious_share_of_euclidean_pct = (E-N)/E; not an overstatement
SSCL-04,Batamaloo to Chadoora Chowk via Jehangir Chowk,Urban,39243.53515625,26732.818359375,31.879688583260876,46.79909401504457,31.879688583260876,equals spurious_share_of_euclidean_pct = (E-N)/E; not an overstatement
SSCL-05,LD Hospital to Pandach via Jehangir Chowk Dalgate Khanyar,Urban,96318.0078125,68726.6171875,28.646139233601584,40.14658621960856,28.646139233601584,equals spurious_share_of_euclidean_pct = (E-N)/E; not an overstatement
SSCL-06,Pantha Chowk to Narbal Crossing via Sonwar Jehangir Chowk Qamarwari,Peri_Urban,101268.71875,54914.5703125,45.773412569713194,84.41138330631456,45.773412569713194,equals spurious_share_of_euclidean_pct = (E-N)/E; not an overstatement
SSCL-07,Batamaloo to Drussu Pulwama via Marwal,Peri_Urban,119488.25,65751.171875,44.972688214113106,81.72793973491441,44.972688214113106,equals spurious_share_of_euclidean_pct = (E-N)/E; not an overstatement
SSCL-08,Batamaloo to Budgam Railway Station via Khumeni Chowk,Peri_Urban,45980.7734375,30964.353515625,32.658041175158296,48.49582896764671,32.658041175158296,equals spurious_share_of_euclidean_pct = (E-N)/E; not an overstatement
SSCL-09,Parimpora to Naseem Bagh via Noorbagh Gojwara Mill Stop,Peri_Urban,113999.671875,81653.5625,28.373861821696583,39.61383727133767,28.373861821696583,equals spurious_share_of_euclidean_pct = (E-N)/E; not an overstatement
SSCL-10,Pantha Chowk to Agri Kalan Kanihama via Bypass,Peri_Urban,111578.6875,61356.47265625,45.01058039757817,81.85316506885957,45.01058039757817,equals spurious_share_of_euclidean_pct = (E-N)/E; not an overstatement
SSCL-11,Old City Loop Downtown Srinagar,Urban,17429.71484375,11752.1875,32.573839530059004,48.31038769378041,32.573839530059004,equals spurious_share_of_euclidean_pct = (E-N)/E; not an overstatement
SSCL-12,Rangreth to District Court Srinagar via Barzulla Jehangir Chowk,Urban,94206.84375,60689.2421875,35.57873316661243,55.228242031671854,35.57873316661243,equals spurious_share_of_euclidean_pct = (E-N)/E; not an overstatement
SSCL-13,Batamaloo to Beehama Ganderbal via Hazratbal Zakura,Peri_Urban,151791.890625,104111.5625,31.411643882079094,45.797341793808926,31.411643882079094,equals spurious_share_of_euclidean_pct = (E-N)/E; not an overstatement
SSCL-14,TRC to Central University Ganderbal via Karan Nagar Zoonimar 90ft Road,Peri_Urban,125267.578125,88566.125,29.298445515069304,41.43960585946376,29.298445515069304,equals spurious_share_of_euclidean_pct = (E-N)/E; not an overstatement
SSCL-15,TRC to Pulwama via Nowgam Kaanipora,Peri_Urban,127294.859375,81123.3046875,36.27134270322925,56.915278372053805,36.27134270322925,equals spurious_share_of_euclidean_pct = (E-N)/E; not an overstatement
SSCL-16,Batamaloo Circular via Khonmoh,Urban,81327.3984375,38503.375,52.656330167022624,111.22147977287705,52.656330167022624,equals spurious_share_of_euclidean_pct = (E-N)/E; not an overstatement
SSCL-17,Batamaloo to Womens College Batpora via Rainawari,Urban,42253.6796875,25734.74609375,39.09466279841382,64.18922313658197,39.09466279841382,equals spurious_share_of_euclidean_pct = (E-N)/E; not an overstatement
SSCL-18,Jkpdc Jehangir Chowk to Wadwan,Peri_Urban,87323.53125,53655.0234375,38.556053941645885,62.749963853279695,38.556053941645885,equals spurious_share_of_euclidean_pct = (E-N)/E; not an overstatement
SSCL-19,Pantha Chowk to Sumbal,Peri_Urban,119519.703125,71368.421875,40.28731664405228,67.46860864366002,40.28731664405228,equals spurious_share_of_euclidean_pct = (E-N)/E; not an overstatement
SSCL-20,Pantha Chowk to Safapora,Regional_District,140087.640625,82739.515625,40.93731948381867,69.31165183504179,40.93731948381867,equals spurious_share_of_euclidean_pct = (E-N)/E; not an overstatement
SSCL-21,Batamaloo to Arath,Urban,72856.9140625,33616.1015625,53.8601078633902,116.73219283634772,53.8601078633902,equals spurious_share_of_euclidean_pct = (E-N)/E; not an overstatement
SSCL-22,Batamaloo to Khrew Bus Stand,Peri_Urban,96806.421875,47276.015625,51.164380720481,104.76857153716621,51.164380720481,equals spurious_share_of_euclidean_pct = (E-N)/E; not an overstatement
SSCL-23,Batamaloo to Charesharief via Chadoora,Peri_Urban,114853.34375,64704.1640625,43.663665375436665,77.50533588388402,43.663665375436665,equals spurious_share_of_euclidean_pct = (E-N)/E; not an overstatement
SSCL-24,Pantha Chowk to Palhalan via Sangrama Sopore,Peri_Urban,130978.703125,71875.3359375,45.12441013490147,82.23038740145019,45.12441013490147,equals spurious_share_of_euclidean_pct = (E-N)/E; not an overstatement
SSCL-25,Batamaloo to Dadsara Tral via Awantipora,Regional_District,112635.109375,54607.0390625,51.51863449548854,106.26481733624944,51.51863449548854,equals spurious_share_of_euclidean_pct = (E-N)/E; not an overstatement
SSCL-26,Batamaloo to Kangan via Hazratbal Manigam,Regional_District,120082.7421875,69939.9296875,41.756884949967116,71.69411339708819,41.756884949967116,equals spurious_share_of_euclidean_pct = (E-N)/E; not an overstatement
SSCL-27,Batamaloo to Manigam,Regional_District,93746.25,55407.796875,40.89598583943358,69.19324587384617,40.89598583943358,equals spurious_share_of_euclidean_pct = (E-N)/E; not an overstatement
SSCL-28,Batamaloo to Pinglena Pampore via Galandar,Peri_Urban,108588.359375,54648.89453125,49.673339899606525,98.70184073514181,49.673339899606525,equals spurious_share_of_euclidean_pct = (E-N)/E; not an overstatement
SSCL-29,Pantha Chowk to Panzinara,Urban,65624.6796875,38672.703125,41.06987903155242,69.69250759478686,41.06987903155242,equals spurious_share_of_euclidean_pct = (E-N)/E; not an overstatement
SSCL-30,Batamaloo to Dc Office Budgam,Peri_Urban,45980.7734375,30964.353515625,32.658041175158296,48.49582896764671,32.658041175158296,equals spurious_share_of_euclidean_pct = (E-N)/E; not an overstatement
