New_Route_ID,pop_euclid_W300_S250,pop_euclid_W400_S250,pop_euclid_W500_S250,pop_euclid_W600_S250,pop_euclid_W800_S250,pop_euclid_W400_S150,pop_euclid_W400_S400,pop_euclid_base_all_touched,pop_net_base_all_touched,pop_euclid_base_quad16
FDR-059,70909.2109375,95291.65625,118863.9140625,141254.296875,182936.328125,96645.484375,92326.21875,107934.640625,82569.078125,95384.9375
FDR-488,42626.15625,54337.6875,64750.0859375,74374.9296875,92815.75,55497.28125,52985.6796875,60036.8984375,43225.12890625,54410.4609375
FDR-271,40173.52734375,51943.921875,63279.8984375,75069.5546875,95995.59375,52971.14453125,50082.83203125,58859.69921875,46336.86328125,52073.359375
FDR-429,79333.3125,102759.0625,125679.53125,147259.3125,193010.53125,104420.84375,100048.9375,114354.046875,72117.6875,102821.90625
FDR-394,62422.015625,82756.515625,101763.875,120265.3125,158050.875,84254.2578125,80352.3984375,92901.859375,65677.1953125,82757.5546875
FDR-068,48410.703125,65553.359375,82950.734375,98627.453125,130772.2890625,67124.546875,61154.1171875,74507.2890625,59592.984375,65816.328125
FDR-002,53860.4765625,67978.5546875,82535.828125,95707.5703125,119157.625,68573.40625,65733.5703125,76373.5703125,56895.296875,68267.0546875
FDR-481,24673.208984375,32536.2890625,40168.34765625,47052.19921875,60336.72265625,34012.69140625,32181.38671875,36416.1953125,28916.64453125,32813.0703125
FDR-081,60443.94921875,82673.953125,104249.1171875,123025.6875,162271.109375,84639.6875,79416.265625,93869.4609375,73213.1640625,83040.953125
FDR-122,53789.77734375,73944.6015625,93015.53125,112298.875,153814.125,75658.3359375,70199.859375,83250.2421875,62917.03125,74105.484375
TRK-031,29779.6328125,40761.2265625,51011.14453125,60656.84375,79726.7734375,41071.59375,39090.78125,47222.6328125,37168.7265625,40941.40625
FDR-161,45000.90625,59275.46484375,72891.9921875,85398.96875,112385.96875,60486.234375,56936.78515625,66167.40625,52710.671875,59483.39453125
FDR-147,40287.921875,53729.20703125,66576.703125,77881.1015625,101689.1875,54707.96484375,51132.5234375,60259.171875,45673.5703125,53793.5234375
FDR-262,87676.0703125,117008.84375,144239.0625,169431.8125,216286.6875,118387.921875,113616.171875,132272.5625,95882.671875,117138.578125
FDR-101,65426.31640625,87580.453125,109737.734375,131947.0,173033.625,89915.46875,82370.2734375,99626.796875,76042.5703125,88125.1328125
FDR-269,42935.4765625,58410.94921875,72615.0625,87376.0625,118422.59375,59918.1953125,54994.3203125,66591.28125,51963.8359375,58493.24609375
FDR-173,69704.46875,92397.1796875,113951.765625,133810.484375,176395.078125,94412.75,88481.828125,104255.1484375,78965.8203125,92683.15625
FDR-467,52365.4296875,68912.421875,84412.28125,99489.4375,128626.8125,69361.9375,66612.34375,78122.28125,59884.6640625,68949.5390625
FDR-106,61265.1484375,81094.6640625,99725.6015625,117633.890625,154477.171875,83778.546875,80249.7890625,92069.9765625,70719.125,81233.765625
FDR-275,52970.0546875,70204.0234375,86844.6328125,103882.828125,141802.71875,71627.3671875,66353.609375,79997.15625,59560.48828125,70280.359375
FDR-289,100338.34375,133104.078125,164265.03125,194998.125,258324.078125,135548.40625,128963.3203125,152117.15625,103257.578125,133241.34375
FDR-265,31913.63671875,44661.23828125,56693.78125,70648.3828125,100309.4921875,44918.99609375,41922.5546875,50751.21875,36138.56640625,44739.640625
FDR-338,74868.546875,97534.9375,120139.765625,141415.453125,187531.34375,99390.671875,94311.5234375,108699.5625,77477.625,97796.8125
FDR-097,61616.30859375,83150.3984375,103224.4921875,122250.28125,158364.96875,84662.4375,79455.46875,93730.7265625,72346.828125,83258.484375
FDR-132,12867.103515625,18856.5703125,25768.0546875,33352.1328125,49565.5234375,19318.9296875,16699.13671875,22805.8359375,16699.890625,18965.3125
FDR-455,70973.015625,93028.8671875,112984.046875,132552.015625,172108.171875,94724.6484375,91123.296875,104128.15625,71078.234375,93225.1953125
FDR-098,70511.6015625,95859.625,119906.0546875,142770.171875,189145.125,97248.90625,92433.03125,107819.421875,85216.9765625,96442.203125
FDR-270,47418.16796875,63470.73046875,78197.890625,93228.0859375,124616.5234375,64693.03125,61413.00390625,72369.0390625,54583.77734375,63584.484375
FDR-575,22064.548828125,31858.97265625,42686.61328125,53251.11328125,77489.140625,32586.919921875,29308.09375,37234.84375,28007.6484375,32077.123046875
FDR-316,91272.90625,121767.65625,151997.609375,180840.078125,239860.421875,124476.8984375,118263.03125,139641.5,95639.3671875,122169.453125
FDR-117,57839.75,77114.2890625,94957.2109375,112265.2109375,146145.84375,79132.15625,74851.1640625,86615.984375,68501.28125,77329.421875
FDR-164,72890.59375,96770.140625,118832.609375,139625.765625,180880.25,98225.9375,92930.796875,108467.78125,83035.9453125,96947.1640625
FDR-199,53518.45703125,71584.2421875,88232.921875,102508.9296875,129755.453125,72710.7109375,66570.390625,81010.3671875,63548.28125,71610.296875
FDR-446,67194.125,87643.515625,107211.4453125,127222.21875,168431.65625,87668.6875,84704.1171875,98053.96875,64127.078125,87853.984375
FDR-108,72629.9296875,96735.8203125,117785.7578125,139571.609375,179785.8125,98634.5546875,93023.546875,108742.9609375,83236.390625,96843.296875
FDR-401,36977.734375,48623.58203125,61772.1796875,74639.84375,103859.25,49235.03125,47265.76953125,55892.0703125,42950.78125,48623.58203125
FDR-407,69035.765625,92672.6015625,117425.5234375,140902.1875,187452.96875,94080.2109375,90604.2578125,106183.734375,64709.1328125,92763.1953125
FDR-219,38555.734375,52034.625,66249.9296875,80271.5625,111129.21875,53776.73828125,50939.5859375,60673.69140625,46786.1640625,52140.9609375
FDR-332,103320.15625,136066.53125,167670.234375,197724.09375,256738.515625,138185.625,133331.15625,151426.921875,97671.71875,136129.375
FDR-261,26066.89453125,34836.91796875,43180.6796875,51780.36328125,68782.1875,35240.3203125,32959.9140625,39123.859375,27136.498046875,34869.2109375
FDR-335,57777.375,78287.46875,99141.859375,118239.859375,154631.984375,79246.953125,75523.0,90473.78125,59131.1484375,78707.5859375
FDR-104,100374.0078125,132138.4375,164742.0,195017.0625,256380.5625,136085.71875,129274.703125,148707.0625,109884.09375,132535.625
FDR-438,21529.2421875,31222.634765625,39711.87109375,49716.125,71586.78125,31387.35546875,29180.29296875,35493.15625,24559.7109375,31222.634765625
FDR-151,76387.3046875,101165.453125,122366.03125,142288.53125,184673.703125,103842.421875,95547.265625,113178.5078125,84342.90625,101463.9375
FDR-001,89774.203125,117997.5390625,143776.15625,168561.609375,217934.84375,119679.5703125,113639.2421875,131695.0625,91436.9765625,118225.875
FDR-176,37982.0390625,52214.12109375,64583.890625,76607.4765625,102541.421875,52947.765625,49687.4375,59117.8515625,45474.8515625,52214.12109375
FDR-078,99878.625,132523.96875,164890.296875,197423.859375,262699.25,134641.359375,129228.546875,148875.953125,107064.0,133070.890625
FDR-191,97894.140625,129138.3046875,157983.3125,186465.0625,246908.046875,133205.71875,126251.28125,144871.9375,101991.6796875,129559.8203125
FDR-341,69485.6875,92731.6015625,116268.6484375,138101.796875,177251.3125,93950.03125,89068.625,106698.2265625,72403.3828125,93243.765625
FDR-080,27955.87109375,36536.05078125,46436.2578125,57967.765625,86232.75,37556.5703125,34941.23046875,42040.109375,32383.71484375,36664.3515625
FDR-160,34386.8828125,45813.55859375,57674.6484375,67460.890625,90236.0390625,46655.71875,41812.6640625,52090.63671875,40805.01171875,45813.55859375
FDR-201,45728.4609375,59995.0859375,75196.1875,90191.140625,122491.2890625,60456.3125,57322.421875,68705.3984375,50064.4375,60135.56640625
FDR-096,55395.3671875,74791.1171875,93236.125,110890.5859375,144040.96875,75541.5546875,71459.828125,85008.59375,65858.3046875,74884.3984375
TRK-032,43304.3203125,59388.8046875,75487.828125,90724.0,120793.578125,60233.0859375,56329.296875,67586.4375,51986.859375,59482.0859375
FDR-067,79379.09375,107575.078125,132897.671875,157043.9375,206640.3125,108142.359375,103388.0625,120102.734375,95192.078125,107940.71875
FDR-333,27778.83984375,37382.90625,47087.83203125,55137.875,73426.671875,37231.09375,34454.13671875,42385.515625,32614.3359375,37460.46875
FDR-525,52349.5234375,68864.3359375,84317.546875,98994.859375,127050.2890625,69565.0625,66716.5546875,77752.0859375,61892.171875,69084.6171875
FDR-320,112371.359375,147932.421875,181703.953125,215032.390625,281141.125,150350.96875,142800.53125,168671.78125,116617.0546875,148103.4375
FDR-105,90447.875,119572.203125,147629.375,174662.84375,226761.90625,121914.9453125,115504.9609375,133779.859375,106558.359375,120044.3203125
FDR-088,90140.4453125,118642.1953125,146302.0625,171082.125,221441.84375,119849.453125,113192.8125,132432.4375,106693.6953125,118930.4921875
FDR-406,16937.712890625,22475.158203125,27603.236328125,31988.59375,42905.2734375,22914.1796875,21144.2734375,25253.78515625,19796.376953125,22509.38671875
FDR-190,61791.359375,82966.0,103853.6484375,125537.5625,171076.28125,86216.421875,83867.90625,94000.7734375,67873.8203125,83028.375
FDR-158,72738.90625,96879.53125,120454.0625,142012.0,185789.375,98344.90625,93788.21875,108650.59375,85200.6875,97167.828125
FDR-050,63939.6640625,86102.2265625,107312.5625,127502.234375,169050.875,87658.296875,83406.609375,97618.71875,74009.65625,86195.5078125
FDR-325,89259.640625,117647.671875,142876.9375,169299.1875,223346.21875,119522.96875,114040.25,131758.03125,93873.90625,117830.9921875
FDR-510,108524.25,139280.40625,167567.640625,196432.9375,251727.375,140822.6875,135171.984375,155782.90625,108108.9296875,139744.1875
FDR-466,70513.90625,90822.7578125,110491.859375,128347.890625,166310.65625,91860.2734375,88390.1796875,102568.9375,78273.4609375,90982.6640625
FDR-454,103196.34375,132626.21875,159765.265625,187262.46875,240211.0625,133916.203125,128339.3125,148440.609375,103600.515625,133105.921875
FDR-536,77228.5078125,99594.6484375,120678.875,141637.03125,181826.796875,100680.5703125,96299.0390625,112486.78125,82488.7578125,100057.109375
FDR-453,111759.96875,143203.453125,171815.34375,200719.71875,256584.828125,144512.9375,138962.03125,159965.34375,110812.390625,143752.578125
FDR-514,99434.984375,127087.8828125,153048.96875,178644.0,232243.53125,128975.375,124030.125,139603.546875,96088.6953125,127173.9765625
FDR-384,80816.265625,105936.046875,128980.96875,150679.28125,191330.5,107425.515625,102726.265625,119259.453125,80573.859375,106317.9375
FDR-565,187497.6875,237542.09375,281195.4375,324158.6875,407616.65625,239643.40625,230981.796875,262650.625,177879.59375,238016.15625
FDR-038,49517.03515625,65346.74609375,80704.40625,96555.921875,128150.265625,66434.546875,63135.25,73708.859375,46443.43359375,65466.734375
FDR-437,98250.75,126717.1171875,152671.15625,179342.25,231307.25,128180.125,123394.7734375,141976.84375,99719.1328125,127156.421875
FDR-487,103988.4921875,133836.1875,161321.671875,189568.703125,243820.546875,135333.625,129398.21875,149870.234375,104302.703125,134281.75
FDR-463,102391.78125,131638.234375,158359.5,185972.53125,239653.453125,132837.0625,127664.1015625,147204.84375,103041.453125,132118.078125
FDR-508,71138.6328125,92026.71875,111305.8515625,130636.5,168412.8125,93029.2109375,89123.453125,103779.140625,77467.140625,92528.15625
FDR-464,93771.1875,120519.9375,146222.171875,170591.828125,220836.96875,121462.1015625,117094.1875,135458.125,95936.859375,120861.9375
FDR-439,113938.3671875,146684.28125,176727.15625,207170.78125,265037.15625,147975.5,142161.84375,164248.296875,111987.2890625,147230.15625
FDR-570,178372.71875,226694.125,269236.21875,311300.15625,393514.5,228802.46875,220552.015625,250946.28125,169853.0,227163.71875
FDR-551,144438.9375,185073.78125,220886.359375,256652.859375,325325.9375,187442.09375,180255.53125,205200.875,143051.390625,185480.109375
FDR-563,175840.65625,223984.34375,266569.03125,308792.6875,391067.9375,225968.921875,217916.109375,248383.65625,168997.859375,224435.375
FDR-562,174106.109375,221717.328125,263779.375,305369.3125,386615.375,223810.625,215789.1875,245699.28125,167110.84375,222168.359375
FDR-509,96344.5859375,123151.9453125,148586.234375,174359.859375,225792.140625,124287.3359375,119060.25,137635.921875,100360.3828125,123517.7578125
FDR-486,88183.1953125,113867.40625,138491.0,163986.109375,215342.109375,115641.90625,110837.3125,127936.53125,92107.1015625,114175.390625
FDR-504,92928.8359375,119364.9296875,144173.453125,170024.4375,222142.65625,120815.8125,115924.4609375,133509.234375,97387.90625,119672.90625
FDR-513,69964.5859375,90477.5546875,109503.578125,128744.578125,166662.53125,91475.875,87406.265625,102110.203125,76193.53125,90955.40625
FDR-465,95546.8125,122888.515625,148600.09375,174041.109375,226128.90625,124946.7890625,119900.453125,135081.65625,93762.640625,122935.34375
FDR-519,101314.8984375,130031.1015625,156476.578125,182471.84375,235757.609375,131993.65625,127073.453125,142673.46875,98533.390625,130100.03125
FDR-555,75965.125,97505.453125,117253.84375,136721.25,175688.953125,99138.2578125,95031.9140625,108863.4296875,70235.453125,97688.109375
FDR-546,72840.8984375,94100.0859375,113998.015625,132968.453125,170568.15625,95649.8203125,91886.15625,105542.6484375,68928.609375,94299.421875
FDR-552,64300.578125,83023.90625,100451.21875,117892.640625,154658.53125,84596.84375,81180.671875,93062.953125,59316.94921875,83195.0234375
FDR-007,87952.1875,114605.9296875,141407.515625,169409.734375,227810.46875,116290.296875,111708.03125,129343.78125,72604.46875,114863.046875
FDR-529,72803.390625,93772.0703125,113287.84375,132840.703125,171125.40625,94842.765625,90773.1484375,105681.9765625,78796.0703125,94288.890625
FDR-507,95022.765625,121599.1875,146540.578125,171873.53125,222596.484375,122859.109375,118037.1796875,135777.53125,99068.984375,121938.34375
FDR-553,167815.09375,214800.0,256808.296875,298480.53125,379920.4375,217261.8125,209128.890625,238578.234375,162483.90625,215331.53125
FDR-541,170462.453125,217179.71875,258221.0,297677.125,371616.375,219334.046875,211474.40625,240897.171875,165973.125,217601.4375
FDR-571,178466.375,226790.28125,269336.09375,311379.9375,393615.9375,228898.125,220648.1875,251082.8125,169958.390625,227259.890625
FDR-543,120821.203125,152522.4375,181982.25,211709.53125,270557.9375,153467.03125,148409.84375,168979.90625,126449.0546875,152803.9375
FDR-003,88430.59375,110513.796875,131120.1875,150244.015625,184725.078125,111636.875,107433.1171875,121644.15625,89585.140625,110656.953125
FDR-549,121778.8671875,153088.15625,182262.84375,211734.828125,272092.0625,155069.5625,148330.078125,170345.09375,124763.359375,153314.671875
FDR-004,101027.609375,127053.6328125,149758.71875,170465.25,204555.6875,129123.96875,124483.7421875,139710.671875,101568.453125,127212.3203125
FDR-511,135831.96875,173095.890625,207680.890625,240687.671875,306451.6875,175127.65625,169501.9375,192824.78125,138138.90625,173791.828125
FDR-539,143887.40625,184167.28125,220417.625,255735.625,326011.375,185614.609375,177947.4375,205056.4375,140707.390625,184558.34375
FDR-530,154937.96875,197458.484375,234863.96875,271142.3125,339989.4375,200908.15625,191017.671875,219010.765625,159838.03125,197835.96875
FDR-515,153397.328125,195401.5625,234298.5625,269887.75,339614.4375,197539.859375,189444.984375,217736.359375,154238.9375,195891.875
FDR-592,37539.9921875,49785.6796875,61103.5703125,71033.03125,86869.2265625,50511.1796875,47585.3203125,56196.27734375,29485.8125,49890.73046875
FDR-593,14911.59375,18889.2734375,23598.2734375,28656.642578125,38180.96875,19864.5,19012.96875,21505.5859375,14289.146484375,18979.7109375
FDR-521,148550.65625,189588.65625,225107.875,258675.46875,323920.15625,191975.84375,186849.5625,210165.3125,151676.46875,190050.53125
FDR-574,35146.42578125,44924.50390625,53999.859375,61779.140625,74809.453125,45900.8515625,43867.82421875,50073.046875,30375.44921875,44986.2578125
FDR-005,50249.3359375,65465.828125,80143.6640625,94690.3359375,124909.671875,66302.375,62743.3515625,73279.0703125,44837.6484375,65542.21875
FDR-567,176778.8125,223732.421875,265551.0,307173.15625,390803.21875,225938.75,219123.625,248245.4375,167592.9375,224362.21875
FDR-564,190270.21875,240418.296875,284840.34375,328386.0,413521.34375,243595.734375,234806.375,265968.25,182322.578125,240813.359375
FDR-516,120588.4375,154092.828125,183828.59375,212357.5,267833.6875,155643.484375,147986.40625,169011.265625,122874.5078125,154407.09375
FDR-538,72687.734375,88317.046875,102219.328125,115495.7109375,138787.0625,89396.6640625,85444.3046875,95648.59375,70031.71875,88406.734375
FDR-520,121202.34375,153090.125,182565.40625,211766.828125,267309.3125,156085.28125,147191.296875,168800.09375,119450.34375,153219.640625
FDR-535,132108.578125,166568.96875,196633.625,226660.796875,284216.9375,168869.5,163043.140625,183031.78125,131621.625,166882.125
FDR-540,135894.3125,170773.515625,202024.421875,231662.828125,289491.4375,172740.21875,166994.21875,186186.296875,134306.015625,171224.125
FDR-008,86271.984375,112342.6875,138828.3125,166559.96875,220673.015625,113779.9765625,107731.4296875,127390.9296875,74462.6484375,112457.0703125
FDR-537,134263.34375,169296.21875,200620.53125,230328.59375,288212.09375,171296.90625,164625.953125,185130.5625,134374.375,169664.03125
FDR-010,86437.5859375,112860.859375,138910.4375,166486.640625,221388.40625,114818.0,110165.8125,127004.0625,77035.984375,113085.484375
FDR-011,83473.21875,108179.84375,133278.390625,160530.546875,214361.765625,110072.515625,103799.015625,121880.59375,75536.6484375,108583.4375
FDR-012,80696.1171875,104777.6640625,129409.484375,155954.53125,208972.3125,106728.609375,102196.9765625,118066.421875,72274.578125,105224.328125
FDR-444,90385.0390625,116819.578125,141332.96875,165683.890625,214437.28125,119539.4609375,112989.5546875,129552.3203125,91470.703125,117099.421875
FDR-039,33621.359375,41661.65625,49203.9140625,56834.6328125,67738.53125,41632.484375,39794.27734375,45729.2890625,33074.44921875,41705.2890625
FDR-505,108784.40625,138701.984375,165771.765625,191629.90625,241241.328125,140622.546875,133274.96875,152901.96875,110581.3984375,138934.46875
FDR-440,92129.0,119054.578125,144472.96875,168744.65625,217278.78125,121468.7734375,114323.234375,131913.65625,93768.40625,119252.78125
FDR-506,110505.6484375,140845.890625,167747.6875,194130.28125,244086.578125,142877.109375,136453.96875,155047.84375,114461.328125,141033.53125
FDR-531,115725.90625,145704.125,173529.15625,200477.1875,253737.984375,147793.65625,141698.984375,159948.640625,114718.234375,145916.96875
FDR-532,100596.2421875,129285.84375,155289.109375,182470.3125,236092.453125,131249.265625,125768.015625,141930.421875,96492.40625,129336.8359375
FDR-013,108818.40625,139591.84375,168932.28125,198275.703125,256717.15625,141234.78125,136359.03125,156369.75,95085.828125,140075.53125
FDR-006,36425.56640625,45203.890625,53772.29296875,61307.5234375,72981.0,46033.515625,44177.1015625,49721.296875,27950.521484375,45348.515625
FDR-023,99005.109375,127485.765625,154945.390625,184364.34375,243209.75,128748.796875,123431.7265625,143671.25,89636.390625,127624.8125
FDR-024,79767.59375,105221.7890625,130325.4140625,156699.125,210911.296875,106939.640625,100659.3125,118718.5390625,70454.015625,105355.90625
FDR-025,18409.8046875,23312.732421875,27649.4609375,32119.00390625,41366.36328125,23377.5703125,21791.978515625,25692.841796875,17566.4921875,23420.20703125
FDR-028,132500.71875,168021.03125,201231.6875,235183.5625,301066.96875,170538.890625,163454.8125,186941.796875,118406.6640625,168264.3125
FDR-029,127814.703125,162469.6875,194810.765625,228032.75,293683.0,164664.875,158515.90625,180859.953125,114020.59375,162759.28125
FDR-035,85166.4375,104268.0859375,120300.328125,133829.0,158373.6875,105573.625,101550.6796875,113673.046875,75512.6484375,104322.734375
FDR-435,81279.1875,105400.203125,128078.5703125,149911.4375,193803.84375,107499.5,101884.359375,116877.203125,82973.0625,105580.796875
FDR-596,24096.513671875,32914.41015625,42702.71875,53033.6015625,77390.546875,33109.828125,32300.3828125,37833.39453125,28299.3984375,32914.41015625
FDR-476,57478.80078125,75677.2890625,93053.34375,109710.078125,142006.828125,76864.53125,73068.875,85882.28125,57401.3828125,75685.71875
FDR-093,54347.99609375,72798.3203125,90740.75,108316.2421875,145548.5625,73543.0625,69598.484375,81550.28125,56163.53125,73036.46875
FDR-123,51024.875,67620.90625,83654.6875,100704.515625,135674.34375,68562.296875,64857.80078125,77416.1171875,55291.7578125,68065.515625
FDR-144,81990.15625,107464.1640625,133523.09375,158482.71875,204284.078125,109718.96875,105133.921875,121253.3671875,92585.8046875,107804.25
FDR-040,49713.89453125,65581.1875,80956.7890625,96820.828125,128377.734375,66769.2890625,63641.9296875,74025.4453125,46494.125,65701.171875
FDR-052,67092.359375,89560.1640625,111768.3828125,132556.953125,171727.625,90754.46875,87268.609375,100879.84375,78466.296875,89823.828125
FDR-370,52620.40234375,70070.8359375,86664.9921875,103194.7109375,135387.875,71207.84375,69121.8828125,79739.03125,52527.0546875,70093.734375
FDR-479,65253.5234375,85255.75,104055.375,122365.2578125,157851.703125,86255.96875,82307.46875,96981.3515625,73008.25,85717.125
FDR-517,136002.765625,173535.71875,211271.34375,246778.53125,310657.25,175981.96875,170461.140625,194076.46875,141177.453125,173998.296875
FDR-326,83330.65625,108837.7421875,133221.828125,157536.484375,208112.59375,110670.703125,106379.25,120341.2265625,83431.6875,108893.046875
FDR-036,75348.875,97971.5625,121136.7421875,145134.34375,195622.46875,100108.8125,95634.4375,110873.8828125,66140.1328125,98152.15625
FDR-597,29217.3515625,40371.08203125,51818.58984375,63189.71875,88562.0546875,41590.6640625,39361.2578125,46412.08203125,35036.3828125,40591.0703125
FDR-599,41425.6640625,54601.85546875,66887.0859375,78955.703125,105282.921875,55428.21484375,53090.7265625,60813.2890625,41279.9453125,54724.359375
FDR-288,77021.8671875,102295.390625,126151.265625,148372.140625,189924.953125,103558.28125,99375.296875,114079.21875,88869.8125,102776.015625
FDR-602,72972.6875,96113.578125,118184.078125,141141.5,189793.234375,97323.203125,93240.546875,106786.5234375,73729.5,96198.375
SSCL-01,100331.515625,130613.453125,159323.9375,186049.1875,238503.9375,133589.609375,125500.21875,147081.359375,111413.09375,130914.0625
SSCL-02,25815.48828125,33128.8359375,39758.8359375,46291.6171875,59690.5078125,33672.80078125,32289.3671875,37033.3515625,28131.970703125,33298.140625
SSCL-03,75045.515625,98884.515625,120937.359375,142538.390625,187338.6875,100744.3046875,95973.4609375,110275.1875,82571.203125,98975.453125
SSCL-04,30775.34765625,39243.53515625,47035.51953125,54302.3125,69083.4765625,40071.8828125,38691.078125,43842.16796875,32781.8671875,39417.58203125
SSCL-05,72860.234375,96318.0078125,119862.984375,142001.890625,185094.0625,99186.75,93455.8671875,108364.71875,84543.4296875,96645.984375
SSCL-06,77140.15625,101268.71875,123107.375,144528.53125,186351.515625,102296.796875,98287.5234375,113581.7265625,72139.234375,101613.046875
SSCL-07,93151.3203125,119488.25,144255.296875,168903.75,216141.515625,121100.6328125,116488.8828125,133095.640625,85799.71875,119785.484375
SSCL-08,36228.16796875,45980.7734375,54794.51171875,62868.40234375,79287.3203125,46936.0546875,45093.38671875,51140.81640625,37674.71875,46176.8828125
SSCL-09,87754.765625,113999.671875,138339.3125,160393.03125,204430.3125,116552.6875,109651.046875,128262.3515625,98915.7265625,114293.1328125
SSCL-10,85708.640625,111578.6875,135018.15625,157866.765625,202042.9375,112627.953125,107708.234375,124895.984375,80302.953125,111959.328125
SSCL-11,11952.2646484375,17429.71484375,22951.2734375,29396.908203125,42534.10546875,18220.26171875,15094.3037109375,20688.16796875,15352.552734375,17652.41796875
SSCL-12,69455.4765625,94206.84375,116414.0625,140611.328125,193406.8125,95511.6640625,89856.4921875,105240.25,75202.3046875,94458.2734375
SSCL-13,117742.0625,151791.890625,185605.5,218518.671875,278623.1875,154227.96875,148127.71875,170114.546875,128987.96875,152128.5625
SSCL-14,97794.8828125,125267.578125,153730.984375,181354.171875,231663.875,127659.765625,123162.1015625,140806.65625,108891.484375,125528.59375
SSCL-15,97781.609375,127294.859375,153884.5625,180044.8125,230044.046875,128821.8671875,122494.9140625,141563.640625,102452.1328125,127759.015625
SSCL-16,60732.3046875,81327.3984375,100971.5078125,121308.25,160789.078125,81759.34375,79582.2890625,92278.25,51862.2265625,81554.65625
SSCL-17,30895.826171875,42253.6796875,54185.3203125,67258.7421875,93533.984375,44518.62109375,42498.1328125,48119.55859375,33282.76171875,42363.1015625
SSCL-18,65732.984375,87323.53125,107507.6875,127521.0,169701.453125,88531.4765625,84522.03125,98829.0234375,67095.1875,87331.984375
SSCL-19,92841.0703125,119519.703125,144645.28125,170025.5625,219920.078125,120793.1015625,116510.9453125,133618.953125,91018.3125,119919.140625
SSCL-20,110751.78125,140087.640625,167158.5625,194280.734375,246944.0,141474.3125,136134.09375,155100.875,105473.9609375,140491.03125
SSCL-21,54159.4765625,72856.9140625,90279.1171875,108335.2421875,143491.640625,73254.125,71247.171875,82543.21875,45818.6484375,73084.171875
SSCL-22,72278.84375,96806.421875,120304.3515625,143650.1875,188542.53125,97580.0390625,94547.71875,110319.375,62607.92578125,97093.53125
SSCL-23,89210.6875,114853.34375,138470.484375,161407.578125,205180.34375,115918.4296875,112168.6171875,127229.1875,84242.4765625,115125.1171875
SSCL-24,101220.3515625,130978.703125,157363.65625,182777.046875,232598.3125,132418.859375,127615.671875,145763.75,94280.5,131341.234375
SSCL-25,85501.4375,112635.109375,137684.921875,163655.375,216387.359375,113530.296875,109337.3671875,126644.859375,73398.875,112839.609375
SSCL-26,94939.1875,120082.7421875,143095.59375,165154.65625,208819.21875,121412.7109375,117553.1796875,132470.484375,88330.140625,120242.546875
SSCL-27,73711.6875,93746.25,111638.484375,128711.46875,162670.671875,94827.03125,91285.4765625,103297.953125,69871.359375,93859.46875
SSCL-28,81675.71875,108588.359375,133982.203125,159595.921875,208290.15625,109726.3671875,106330.921875,123338.9921875,72333.1015625,108838.2578125
SSCL-29,49615.03125,65624.6796875,80408.78125,94466.84375,123240.0,66388.5390625,63345.98828125,74101.5859375,49633.47265625,65968.9140625
SSCL-30,36228.16796875,45980.7734375,54794.51171875,62868.40234375,79287.3203125,46936.0546875,45093.38671875,51140.81640625,37674.71875,46176.8828125
