New_Route_ID,Route_Name,Route_Type,Route_KM,cdi_net_equal,cdi_net_entropy,cdi_net_pca,tier_class,tier_rank,tier_label,class_quantile,class_kmeans,class_equal_interval,tier_class_cdi_net_entropy,tier_class_cdi_net_pca
FDR-059,Soura to LD,Urban,10.099,0.7238428580432055,0.670825185294752,0.7238428580432055,2,1,Tier 1,2,2,2,2,2
FDR-488,Parimpora to Budgam,Peri_Urban,17.0,0.1248076690503592,0.0964211438806787,0.1248076690503592,0,3,Tier 3,0,0,0,0,0
FDR-271,Parimpora to Hazratbal,Peri_Urban,10.5,0.3181738701476643,0.2787322972109445,0.3181738701476643,1,2,Tier 2,1,1,0,1,1
FDR-429,Parimpora to Chadora,Peri_Urban,18.0,0.2491473895714185,0.211016436878741,0.2491473895714186,0,3,Tier 3,1,0,0,0,0
FDR-394,Lawaypora to Jehangir Chowk,Urban,14.207,0.2827855009363881,0.2335276600308879,0.2827855009363881,1,2,Tier 2,1,1,0,0,1
FDR-068,Lalbazar to LD,Urban,6.5,0.7128647214854112,0.6358190487297029,0.7128647214854112,2,1,Tier 1,2,2,2,2,2
FDR-002,Soura to Gadoora,Peri_Urban,17.862,0.2201325731498007,0.1981675037163321,0.2201325731498007,0,3,Tier 3,1,0,0,0,0
FDR-481,Soura to Ganderbal,Urban,12.5,0.1585716637807616,0.1437806616832824,0.1585716637807616,0,3,Tier 3,1,0,0,0,0
FDR-081,Lalbazar to Lalchowk,Urban,8.433,0.7030701344615172,0.6292120376404795,0.7030701344615172,2,1,Tier 1,2,2,2,2,2
FDR-122,Jehangir Chowk to Soura,Urban,10.004,0.5622138475074161,0.5296279130063722,0.5622138475074161,2,1,Tier 1,2,2,1,2,2
TRK-031,Soura to Hazratbal,Urban,6.0,0.4573477980030662,0.3988196915957817,0.4573477980030662,1,2,Tier 2,2,1,1,1,1
FDR-161,TRC to Hazratbal,Urban,8.127,0.4980292783246646,0.4459405386635841,0.4980292783246646,1,2,Tier 2,2,1,1,1,1
FDR-147,Hazratbal to LD,Urban,6.5,0.5528668604162854,0.4952653045366246,0.5528668604162854,2,1,Tier 1,2,2,1,2,2
FDR-262,Soura to Railway Station,Peri_Urban,18.799,0.4474950450915351,0.4217358585881952,0.4474950450915351,1,2,Tier 2,2,1,1,1,1
FDR-101,Malbagh to LD,Urban,9.0,0.6484022063346261,0.5696441160139131,0.6484022063346262,2,1,Tier 1,2,2,1,2,2
FDR-269,Jehangir Chowk to JVC,Urban,4.5,0.7083333333333334,0.630071774287023,0.7083333333333334,2,1,Tier 1,2,2,2,2,2
FDR-173,Soura to Parimpora,Urban,12.314,0.503922331284628,0.4481665326846559,0.503922331284628,1,2,Tier 2,2,1,1,1,1
FDR-467,Jehangir Chowk to Budgam,Regional_District,11.5,0.347870207107922,0.2925439233072233,0.347870207107922,1,2,Tier 2,1,1,1,1,1
FDR-106,Parimpora to Saidakadal,Urban,9.0,0.5778614123777539,0.5010681084113127,0.577861412377754,2,1,Tier 1,2,2,1,2,2
FDR-275,Jehangir Chowk to HMT,Urban,10.311,0.3926711597843925,0.3334090024258373,0.3926711597843926,1,2,Tier 2,2,1,1,1,1
FDR-289,Parimpora to Pantha Chowk,Peri_Urban,21.307,0.3697645985679916,0.3351965868448145,0.3697645985679916,1,2,Tier 2,2,1,1,1,1
FDR-265,Baghat Shora to Lalchowk,Urban,4.5,0.6104772885149707,0.5445940893136256,0.6104772885149709,2,1,Tier 1,2,2,1,2,2
FDR-338,Parimpora to Rawalpora,Urban,14.409,0.3296068740683156,0.2666900686430353,0.3296068740683157,1,2,Tier 2,1,1,0,1,1
FDR-097,Lalbazar to Qamarwari,Urban,8.695,0.6397984324933953,0.5654920634066088,0.6397984324933954,2,1,Tier 1,2,2,1,2,2
FDR-132,Safakadal to SMHS,Urban,1.5,1.0,1.0,1.0,2,1,Tier 1,2,2,2,2,2
FDR-455,Narbal to Jehangir Chowk,Peri_Urban,17.0,0.2536628532960041,0.2119277649338303,0.2536628532960041,0,3,Tier 3,1,0,0,0,0
FDR-098,Soura to SMHS,Urban,11.97,0.6350069747311008,0.5912909831451327,0.6350069747311008,2,1,Tier 1,2,2,1,2,2
FDR-270,Soura to Qamarwari,Urban,9.3,0.4206657745493138,0.3644999576474797,0.4206657745493139,1,2,Tier 2,2,1,1,1,1
FDR-575,Safakadal to Jehangir Chowk,Urban,3.149,0.803873150753934,0.7512473462070615,0.803873150753934,2,1,Tier 1,2,2,2,2,2
FDR-316,Qamarwari to Pathachowk,Peri_Urban,19.719,0.3639380639559666,0.3296292922869531,0.3639380639559666,1,2,Tier 2,1,1,1,1,1
FDR-117,Qamarwari to Dalgate,Urban,8.844,0.6141955652310472,0.5435493821835023,0.6141955652310473,2,1,Tier 1,2,2,1,2,2
FDR-164,Lalbazar to Parimpora,Urban,10.0,0.6350494678893048,0.5590261008955522,0.6350494678893048,2,1,Tier 1,2,2,1,2,2
FDR-199,Qamarwari to Hazratbal,Urban,8.0,0.6126807267519774,0.5397969374063887,0.6126807267519774,2,1,Tier 1,2,2,1,2,2
FDR-446,Parimpora to Rangrath,Peri_Urban,19.812,0.1899060515972965,0.1589145451398099,0.1899060515972965,0,3,Tier 3,1,0,0,0,0
FDR-108,Saidakadal to Bypass,Urban,7.5,0.6922413793103448,0.609661941144238,0.6922413793103449,2,1,Tier 1,2,2,2,2,2
FDR-401,Jehangir Chowk to Panzinara,Peri_Urban,10.0,0.365777543988025,0.3398004234818801,0.365777543988025,1,2,Tier 2,1,1,1,1,1
FDR-407,Batamallo to Pantha Chowk,Peri_Urban,17.436,0.2008877591339562,0.1633022950574376,0.2008877591339562,0,3,Tier 3,1,0,0,0,0
FDR-219,Qamarwari to Jehangir Chowk,Urban,5.5,0.5856285249684188,0.5010383294531912,0.5856285249684189,2,1,Tier 1,2,2,1,2,2
FDR-332,Parimpora to Jehangir Chowk,Peri_Urban,20.711,0.3024118520686127,0.2557783715051857,0.3024118520686127,1,2,Tier 2,1,1,0,1,1
FDR-261,JVC to Batwara,Urban,9.5,0.1812297330409645,0.1585328260050079,0.1812297330409645,0,3,Tier 3,1,0,0,0,0
FDR-335,LD to Panthachowk,Urban,13.344,0.3528742037502345,0.3286548848110057,0.3528742037502344,1,2,Tier 2,1,1,1,1,1
FDR-104,Hazratbal to Bone Joint Hospital Barzalla,Peri_Urban,15.276,0.5713864649426679,0.5166458694708755,0.5713864649426679,2,1,Tier 1,2,2,1,2,2
FDR-438,GBS to LAL Chowk,Peri_Urban,2.931,0.7033460002083004,0.6519414987968029,0.7033460002083004,2,1,Tier 1,2,2,2,2,2
FDR-151,Parimpora to Jawahairnagar,Urban,12.642,0.4905218004769255,0.4354767304526336,0.4905218004769255,1,2,Tier 2,2,1,1,1,1
FDR-001,Qamarwari to Baghi Mehtab,Peri_Urban,16.223,0.366471982580207,0.3077054803301874,0.3664719825802071,1,2,Tier 2,2,1,1,1,1
FDR-176,Jehangir Chowk to Bemina,Urban,6.545,0.4713841087260806,0.3904912930147884,0.4713841087260807,1,2,Tier 2,2,1,1,1,1
FDR-078,Chanapora to Soura,Urban,11.5,0.706896551724138,0.6282494677564172,0.7068965517241381,2,1,Tier 1,2,2,2,2,2
FDR-191,Parimpora to Humhama,Peri_Urban,16.99,0.4227473259889241,0.3654744325781227,0.4227473259889241,1,2,Tier 2,2,1,1,1,1
FDR-341,LD to Pampore,Peri_Urban,15.854,0.3579238766448817,0.3299476774097605,0.3579238766448817,1,2,Tier 2,1,1,1,1,1
FDR-080,Batmaloo to Dalgate,Urban,3.5,0.8333515689981932,0.7901678847091584,0.8333515689981932,2,1,Tier 1,2,2,2,2,2
FDR-160,"Hazratbal, Lalbazar",Urban,6.356,0.5118295926297546,0.4569232577892139,0.5118295926297546,1,2,Tier 2,2,1,1,1,1
FDR-201,LD to Parimpora,Urban,8.5,0.4126806642146675,0.3631784111845508,0.4126806642146675,1,2,Tier 2,2,1,1,1,1
FDR-096,Soura to Dalgate,Urban,7.0,0.8371305418719214,0.7934285382806143,0.8371305418719214,2,1,Tier 1,2,2,2,2,2
TRK-032,Soura to Chuntwaliwar,Urban,5.78,0.7628713757308198,0.6992437557428901,0.7628713757308198,2,1,Tier 1,2,2,2,2,2
FDR-067,Soura to Batamallo,Urban,11.366,0.7006676770247313,0.6341591326154651,0.7006676770247313,2,1,Tier 1,2,2,2,2,2
FDR-333,Rangpora to Soura,Peri_Urban,4.0,0.6557243771708648,0.587338360317293,0.6557243771708648,2,1,Tier 1,2,2,1,2,2
FDR-525,LD to Budgam,Peri_Urban,14.0,0.2943632420942111,0.2505710413410649,0.2943632420942112,1,2,Tier 2,1,1,0,1,1
FDR-320,Parimpora to Pampore,Peri_Urban,23.817,0.3706604023302478,0.3348661512680124,0.3706604023302478,1,2,Tier 2,2,1,1,1,1
FDR-105,Rangpora to Dalgate,Peri_Urban,15.533,0.5988851203650261,0.5590363463578922,0.5988851203650261,2,1,Tier 1,2,2,1,2,2
FDR-088,Rangpora to Lalchowk,Urban,13.983,0.6684767077355691,0.6206210075465128,0.6684767077355691,2,1,Tier 1,2,2,2,2,2
FDR-406,Qamarwari to Parimpora,Urban,2.5,0.490050992198965,0.3904793539945494,0.4900509921989651,1,2,Tier 2,2,1,1,1,1
FDR-190,Ma Road to Safakadal,Urban,13.244,0.4432260170388338,0.419921628868223,0.4432260170388338,1,2,Tier 2,2,1,1,1,1
FDR-158,Rangpora to LD,Peri_Urban,9.5,0.7300362976406535,0.6575981939861739,0.7300362976406536,2,1,Tier 1,2,2,2,2,2
FDR-050,Soura to Lalchowk,Urban,9.494,0.6870759950131473,0.635379870447204,0.6870759950131473,2,1,Tier 1,2,2,2,2,2
FDR-325,Ma Road to Parimpora,Peri_Urban,18.669,0.336526137925918,0.2904611013138194,0.336526137925918,1,2,Tier 2,1,1,1,1,1
FDR-510,Srinagar to Shanglipora,Regional_District,35.0,0.1835984220528904,0.1568379524713257,0.1835984220528904,0,3,Tier 3,1,0,0,0,0
FDR-466,Srinagar to Isganderpora,Regional_District,26.5,0.1814870002139683,0.1545243149151984,0.1814870002139683,0,3,Tier 3,1,0,0,0,0
FDR-454,Srinagar to Aboora,Regional_District,32.753,0.1886814501989183,0.1612534355359611,0.1886814501989183,0,3,Tier 3,1,0,0,0,0
FDR-536,Srinagar to Arizal,Regional_District,44.306,0.0957512629525897,0.0814141196698698,0.0957512629525898,0,3,Tier 3,0,0,0,0,0
FDR-453,Srinagar to Baderkote,Regional_District,42.864,0.1468430684178359,0.1261401735055465,0.1468430684178359,0,3,Tier 3,0,0,0,0,0
FDR-514,Srinagar to Loolpora,Regional_District,38.921,0.1388005735753419,0.1188515487441004,0.1388005735753419,0,3,Tier 3,0,0,0,0,0
FDR-384,Srinagar to Beeru,Regional_District,25.0,0.1904530433884822,0.1601680105136817,0.1904530433884822,0,3,Tier 3,1,0,0,0,0
FDR-565,Srinagar to Dardpora,Regional_District,106.39,0.0715708164865377,0.0594110157085767,0.0715708164865377,0,3,Tier 3,0,0,0,0,0
FDR-038,Srinagar to Ratnipora,Regional_District,32.5,0.0816227012641412,0.0790449570546047,0.0816227012641412,0,3,Tier 3,0,0,0,0,0
FDR-437,Srinagar to Ratsun,Regional_District,28.474,0.2154122533770829,0.1842981235626921,0.2154122533770829,0,3,Tier 3,1,0,0,0,0
FDR-487,Srinagar to Khag,Regional_District,37.849,0.161454522868511,0.1389419107810626,0.161454522868511,0,3,Tier 3,1,0,0,0,0
FDR-463,Srinagar to Karhama,Regional_District,32.861,0.1864262542332454,0.1595271173640828,0.1864262542332454,0,3,Tier 3,1,0,0,0,0
FDR-508,Srinagar to Chewdara,Regional_District,23.0,0.2059000230890962,0.1732804649875794,0.2059000230890962,0,3,Tier 3,1,0,0,0,0
FDR-464,Srinagar to Badrun,Regional_District,25.0,0.246556133674032,0.2135694382078616,0.246556133674032,0,3,Tier 3,1,0,0,0,0
FDR-439,Srinagar to Tangmarg,Regional_District,40.568,0.1590957522753465,0.1365910794886564,0.1590957522753465,0,3,Tier 3,1,0,0,0,0
FDR-570,Srinagar to Khoor,Regional_District,111.183,0.0627854053721623,0.0526792725343381,0.0627854053721623,0,3,Tier 3,0,0,0,0,0
FDR-551,Srinagar to Handwara,Regional_District,73.767,0.0931958424025225,0.0781136881030105,0.0931958424025225,0,3,Tier 3,0,0,0,0,0
FDR-563,Srinagar to Trehgam KUP,Regional_District,96.17,0.0775720205250636,0.0645505607456957,0.0775720205250636,0,3,Tier 3,0,0,0,0,0
FDR-562,Srinagar to Chowkibal,Regional_District,125.5,0.0506295822687414,0.0430161785162094,0.0506295822687414,0,3,Tier 3,0,0,0,0,0
FDR-509,Srinagar to Hajin,Regional_District,35.566,0.1594499557343318,0.1318844360727538,0.1594499557343319,0,3,Tier 3,1,0,0,0,0
FDR-486,Srinagar to Safapora Sumbal,Regional_District,30.51,0.1745632726566932,0.1443272504228392,0.1745632726566932,0,3,Tier 3,1,0,0,0,0
FDR-504,Srinagar to Safapora GBL,Regional_District,32.954,0.1690985471391901,0.1390974505999046,0.1690985471391901,0,3,Tier 3,1,0,0,0,0
FDR-513,Srinagar to Narwara Budgam,Regional_District,28.415,0.1540633997793248,0.129208985856261,0.1540633997793248,0,3,Tier 3,1,0,0,0,0
FDR-465,Srinagar to Charishreef,Regional_District,31.248,0.1821633900621606,0.1564913368400337,0.1821633900621606,0,3,Tier 3,1,0,0,0,0
FDR-519,Srinagar to Pakherpora,Regional_District,42.101,0.1341674170632567,0.1162156294629069,0.1341674170632567,0,3,Tier 3,0,0,0,0,0
FDR-555,Srinagar to Pasthoon,Regional_District,41.5,0.1130195398256287,0.1109529740033241,0.1130195398256287,0,3,Tier 3,0,0,0,0,0
FDR-546,Srinagar to Pinglish,Regional_District,43.953,0.1044025783037024,0.1036236049880146,0.1044025783037024,0,3,Tier 3,0,0,0,0,0
FDR-552,Srinagar to Tral Nowdal,Regional_District,39.5,0.0968553259375101,0.0962526712265554,0.0968553259375101,0,3,Tier 3,0,0,0,0,0
FDR-007,Srinagar to Qazigund,Regional_District,71.019,0.0364827321273865,0.0357319026052375,0.0364827321273865,0,3,Tier 3,0,0,0,0,0
FDR-529,Srinagar to Mirpora Budgam,Regional_District,31.366,0.1421081580396506,0.1194638150053138,0.1421081580396506,0,3,Tier 3,0,0,0,0,0
FDR-507,Srinagar to Vijipopra,Regional_District,34.662,0.1609320993958678,0.1323647829479071,0.1609320993958678,0,3,Tier 3,1,0,0,0,0
FDR-553,Srinagar to Kupwara DAY,Regional_District,88.147,0.0836319985220442,0.0696938067702566,0.0836319985220442,0,3,Tier 3,0,0,0,0,0
FDR-541,Srinagar to URI Baramulla,Regional_District,101.0,0.0707702648540646,0.0590294410382109,0.0707702648540646,0,3,Tier 3,0,0,0,0,0
FDR-571,Srinagar to Tangdar,Regional_District,151.0,0.0372341639158347,0.0322066082461126,0.0372341639158347,0,3,Tier 3,0,0,0,0,0
FDR-543,Bandipora to Srinagar,Regional_District,58.597,0.1135810429966896,0.0944733323787576,0.1135810429966896,0,3,Tier 3,0,0,0,0,0
FDR-003,Bandipora to Soura,Regional_District,51.094,0.0908758641159934,0.0800053867943108,0.0908758641159934,0,3,Tier 3,0,0,0,0,0
FDR-549,Bankoot to Srinagar via Bandipora,Regional_District,60.768,0.1070931354223892,0.0893201268544971,0.1070931354223892,0,3,Tier 3,0,0,0,0,0
FDR-004,Bandipora to Baramulla,Regional_District,45.97,0.0945185379260641,0.0721759391501746,0.0945185379260641,0,3,Tier 3,0,0,0,0,0
FDR-511,Sopore to Srinagar,Regional_District,50.022,0.1575673998022577,0.134155071514873,0.1575673998022577,0,3,Tier 3,1,0,0,0,0
FDR-539,Zaloora to Srinagar,Regional_District,52.0,0.147021983564566,0.124120174915134,0.147021983564566,0,3,Tier 3,0,0,0,0,0
FDR-530,Botingue to Srinagar,Regional_District,61.995,0.1407744911852488,0.1173288862238617,0.1407744911852488,0,3,Tier 3,0,0,0,0,0
FDR-515,Baramulla to Srinagar,Regional_District,56.316,0.1431638710403777,0.1181807257171023,0.1431638710403778,0,3,Tier 3,0,0,0,0,0
FDR-592,Kamalkote to Baramulla,Regional_District,45.819,0.0,0.0,0.0,0,3,Tier 3,0,0,0,0,0
FDR-593,Garkote to Baramulla,Urban,2.961,0.2144692633772094,0.1569217242249323,0.2144692633772095,0,3,Tier 3,1,0,0,0,0
FDR-521,Fathgath to Srinagar,Regional_District,56.5,0.1450752328633895,0.1208865227733744,0.1450752328633895,0,3,Tier 3,0,0,0,0,0
FDR-574,Pehilpora to URI via Baramulla,Peri_Urban,25.43,0.0296775799137372,0.0217143330356667,0.0296775799137372,0,3,Tier 3,0,0,0,0,0
FDR-005,Baramula to Kupwra,Regional_District,46.645,0.0147248187998662,0.0107737767108881,0.0147248187998662,0,3,Tier 3,0,0,0,0,0
FDR-567,Kupwara to Srinagar,Regional_District,88.0,0.0884627124295564,0.0742282376903394,0.0884627124295564,0,3,Tier 3,0,0,0,0,0
FDR-564,Sogam to Srinagar,Regional_District,105.052,0.0759695129851172,0.0626861239693325,0.0759695129851172,0,3,Tier 3,0,0,0,0,0
FDR-516,Shopian to Srinagar,Regional_District,48.367,0.148327418333573,0.1274660941982136,0.148327418333573,0,3,Tier 3,1,0,0,0,0
FDR-538,Sedow to Srinagar,Regional_District,46.0,0.0661351590797012,0.0563094425250797,0.0661351590797012,0,3,Tier 3,0,0,0,0,0
FDR-520,Harman to Srinagar,Regional_District,48.805,0.1388131000464618,0.1188417775435315,0.1388131000464618,0,3,Tier 3,0,0,0,0,0
FDR-535,Kaprin to Srinagar,Regional_District,58.528,0.1284261977742793,0.1118104225209705,0.1284261977742793,0,3,Tier 3,0,0,0,0,0
FDR-540,Nehama to Srinagar,Regional_District,62.131,0.1206046780989412,0.1041034512128677,0.1206046780989412,0,3,Tier 3,0,0,0,0,0
FDR-008,Khull Ahmadabad to Srinagar,Regional_District,66.828,0.0491600688841285,0.0487934701393851,0.0491600688841285,0,3,Tier 3,0,0,0,0,0
FDR-537,Pariwan to Srinagar,Regional_District,60.618,0.1236071449299646,0.1060665097812655,0.1236071449299646,0,3,Tier 3,0,0,0,0,0
FDR-010,Kulgam to Srinagar,Regional_District,67.019,0.0511665861365105,0.0497073170336055,0.0511665861365105,0,3,Tier 3,0,0,0,0,0
FDR-011,Katrosoo to Srinagar,Regional_District,69.172,0.0427026880675634,0.04042390474318,0.0427026880675634,0,3,Tier 3,0,0,0,0,0
FDR-012,Yaripora to Srinagar,Regional_District,64.929,0.045104693270457,0.0428346900066147,0.045104693270457,0,3,Tier 3,0,0,0,0,0
FDR-444,Pulwama to Srinagar,Peri_Urban,28.043,0.2058494144677329,0.1779588447765269,0.205849414467733,0,3,Tier 3,1,0,0,0,0
FDR-039,Koil to Srinagar,Peri_Urban,17.5,0.092041384916972,0.0788440061828691,0.092041384916972,0,3,Tier 3,0,0,0,0,0
FDR-505,Wasoora to Srinagar,Peri_Urban,39.631,0.1679895153732206,0.145414216772146,0.1679895153732206,0,3,Tier 3,1,0,0,0,0
FDR-440,Srinagar to Lettar,Peri_Urban,28.413,0.2135384652964982,0.18591523335247,0.2135384652964982,0,3,Tier 3,1,0,0,0,0
FDR-506,Heff to Srinagar,Regional_District,40.635,0.1672232820014497,0.1428460561942314,0.1672232820014497,0,3,Tier 3,1,0,0,0,0
FDR-531,Srinagar to Keller,Regional_District,50.376,0.1306486879085172,0.1132936029314235,0.1306486879085172,0,3,Tier 3,0,0,0,0,0
FDR-532,Sangerwani to Srinagar,Regional_District,44.959,0.1204097274586248,0.104924961063605,0.1204097274586248,0,3,Tier 3,0,0,0,0,0
FDR-013,Anantnagh to Srinagar,Regional_District,59.305,0.0818874939254774,0.0752436905410637,0.0818874939254774,0,3,Tier 3,0,0,0,0,0
FDR-006,Phalgam to Anantnagh,Peri_Urban,39.73,0.002445280929961,0.0017891500800697,0.002445280929961,0,3,Tier 3,0,0,0,0,0
FDR-023,Mawan to Srinagar,Regional_District,56.111,0.0764177627271415,0.0684039723446168,0.0764177627271415,0,3,Tier 3,0,0,0,0,0
FDR-024,Devsur to Srinagar,Regional_District,65.241,0.0415106729691725,0.0397857313818727,0.0415106729691725,0,3,Tier 3,0,0,0,0,0
FDR-025,Lammer to Anantnagh,Urban,4.333,0.2410510077308798,0.2051985321715866,0.2410510077308798,0,3,Tier 3,1,0,0,0,0
FDR-028,Shangus to Srinagar,Regional_District,80.474,0.0652829123390066,0.0575532049596128,0.0652829123390066,0,3,Tier 3,0,0,0,0,0
FDR-029,Uttersoo to Srinagar,Regional_District,73.746,0.0726497628031253,0.065059554320465,0.0726497628031253,0,3,Tier 3,0,0,0,0,0
FDR-035,Anantnagh to Shopian,Regional_District,37.0,0.0983515326389372,0.0826518255574349,0.0983515326389372,0,3,Tier 3,0,0,0,0,0
FDR-435,Srinagar to NEW Khanda,Urban,22.786,0.2380145863152328,0.206279136935717,0.2380145863152328,0,3,Tier 3,1,0,0,0,0
FDR-596,Srinagar to By Pass,Urban,3.279,0.7254240291486573,0.6736267028178534,0.7254240291486572,2,1,Tier 1,2,2,2,2,2
FDR-476,Srinagar to Khrew,Urban,19.597,0.1915826414376498,0.1699212097707445,0.1915826414376498,0,3,Tier 3,1,0,0,0,0
FDR-093,Srinagar to Railway,Urban,7.778,0.5136134752264474,0.4453887296405486,0.5136134752264475,1,2,Tier 2,2,1,1,1,1
FDR-123,Srinagar to Bypass,Urban,8.341,0.4583266110691754,0.3939997384538097,0.4583266110691754,1,2,Tier 2,2,1,1,1,1
FDR-144,Srinagar to Gulabagh,Urban,14.022,0.5494968038857427,0.503011913724551,0.5494968038857427,2,1,Tier 1,2,2,1,2,2
FDR-040,Srinagar to Ratnipura,Urban,25.991,0.1108947076151397,0.1053018301262816,0.1108947076151397,0,3,Tier 3,0,0,0,0,0
FDR-052,Srinagar to Buchpora,Urban,9.37,0.7270869211449114,0.6693728982812956,0.7270869211449112,2,1,Tier 1,2,2,2,2,2
FDR-370,Srinagar to Pampore,Urban,12.883,0.3066606188006355,0.2809342205546331,0.3066606188006355,1,2,Tier 2,1,1,0,1,1
FDR-479,Srinagar to Budgam,Urban,15.908,0.2935331573278757,0.2453064391804506,0.2935331573278757,1,2,Tier 2,1,1,0,1,1
FDR-517,Srinagar to Gund,Peri_Urban,57.421,0.1595758999787373,0.14328467804344,0.1595758999787373,0,3,Tier 3,1,0,0,0,0
FDR-326,Srinagar to Chadoora,Urban,14.5,0.3885729975030242,0.3331244452013741,0.3885729975030242,1,2,Tier 2,2,1,1,1,1
FDR-036,Srinagar to Bugam,Peri_Urban,62.557,0.0418783560004522,0.0406250324937685,0.0418783560004522,0,3,Tier 3,0,0,0,0,0
FDR-597,Srinagar to Rasoo,Urban,4.174,0.6902189495487487,0.628043789037494,0.6902189495487487,2,1,Tier 1,2,2,2,2,2
FDR-599,Srinagar to Harwan,Urban,16.558,0.1785959531690037,0.1683930822799892,0.1785959531690037,0,3,Tier 3,1,0,0,0,0
FDR-288,Srinagar to Ganderbal,Urban,16.689,0.4396983663872555,0.4021753331692609,0.4396983663872555,1,2,Tier 2,2,1,1,1,1
FDR-602,TRC Srinagar to Airport,Urban,12.0,0.4541350571639759,0.4010953096086297,0.4541350571639759,1,2,Tier 2,2,1,1,1,1
SSCL-01,Parimpora to Harwan via Brein Nishat,Peri_Urban,23.249,0.3360340440087986,0.2900431873635506,0.3360340440087987,1,2,Tier 2,1,1,1,1,1
SSCL-02,Batamaloo to Nasrullah Pora via Jehangir Chowk Rambagh Hyderpora,Urban,7.083,0.2187266713133024,0.1683644919021334,0.2187266713133024,0,3,Tier 3,1,0,0,0,0
SSCL-03,Batamaloo to Hazratbal via Khanyar,Urban,12.926,0.5097402488536757,0.4593984335511205,0.5097402488536757,1,2,Tier 2,2,1,1,1,1
SSCL-04,Batamaloo to Chadoora Chowk via Jehangir Chowk,Urban,10.858,0.1555224025405632,0.1192242290748469,0.1555224025405632,0,3,Tier 3,1,0,0,0,0
SSCL-05,LD Hospital to Pandach via Jehangir Chowk Dalgate Khanyar,Urban,10.884,0.6089092996858312,0.5433924245833556,0.6089092996858312,2,1,Tier 1,2,2,1,2,2
SSCL-06,Pantha Chowk to Narbal Crossing via Sonwar Jehangir Chowk Qamarwari,Peri_Urban,19.752,0.1934957957309775,0.1549264680206039,0.1934957957309775,0,3,Tier 3,1,0,0,0,0
SSCL-07,Batamaloo to Drussu Pulwama via Marwal,Peri_Urban,32.735,0.1448972869081925,0.1235067363119575,0.1448972869081925,0,3,Tier 3,0,0,0,0,0
SSCL-08,Batamaloo to Budgam Railway Station via Khumeni Chowk,Peri_Urban,15.685,0.1188624505064636,0.0918353261694747,0.1188624505064637,0,3,Tier 3,0,0,0,0,0
SSCL-09,Parimpora to Naseem Bagh via Noorbagh Gojwara Mill Stop,Peri_Urban,15.058,0.4932717153468516,0.4316545738966677,0.4932717153468516,1,2,Tier 2,2,1,1,1,1
SSCL-10,Pantha Chowk to Agri Kalan Kanihama via Bypass,Peri_Urban,23.59,0.1807523674579962,0.1457837037027064,0.1807523674579963,0,3,Tier 3,1,0,0,0,0
SSCL-11,Old City Loop Downtown Srinagar,Urban,1.169,0.7931329459307985,0.7376252722161478,0.7931329459307985,2,1,Tier 1,2,2,2,2,2
SSCL-12,Rangreth to District Court Srinagar via Barzulla Jehangir Chowk,Urban,10.327,0.5367164920221655,0.46897060718528,0.5367164920221655,1,2,Tier 2,2,1,1,1,1
SSCL-13,Batamaloo to Beehama Ganderbal via Hazratbal Zakura,Peri_Urban,26.584,0.3775127236072232,0.3438254739200411,0.3775127236072232,1,2,Tier 2,2,1,1,1,1
SSCL-14,TRC to Central University Ganderbal via Karan Nagar Zoonimar 90ft Road,Peri_Urban,27.314,0.2960943110646488,0.26694897240829,0.2960943110646488,1,2,Tier 2,1,1,0,1,1
SSCL-15,TRC to Pulwama via Nowgam Kaanipora,Peri_Urban,29.364,0.2292115199942739,0.20091192839498,0.229211519994274,0,3,Tier 3,1,0,0,0,0
SSCL-16,Batamaloo Circular via Khonmoh,Urban,13.87,0.2177249931382595,0.1858208580940087,0.2177249931382595,0,3,Tier 3,1,0,0,0,0
SSCL-17,Batamaloo to Womens College Batpora via Rainawari,Urban,4.508,0.5960317624151007,0.5507838804519619,0.5960317624151007,2,1,Tier 1,2,2,1,2,2
SSCL-18,Jkpdc Jehangir Chowk to Wadwan,Peri_Urban,15.202,0.3291994399786904,0.2976989710938069,0.3291994399786904,1,2,Tier 2,1,1,0,1,1
SSCL-19,Pantha Chowk to Sumbal,Peri_Urban,35.736,0.1225060454581109,0.0955572566065827,0.1225060454581109,0,3,Tier 3,0,0,0,0,0
SSCL-20,Pantha Chowk to Safapora,Regional_District,60.631,0.0727788935701178,0.0572563549593951,0.0727788935701178,0,3,Tier 3,0,0,0,0,0
SSCL-21,Batamaloo to Arath,Urban,12.395,0.2100705914720447,0.1786170396235941,0.2100705914720447,0,3,Tier 3,1,0,0,0,0
SSCL-22,Batamaloo to Khrew Bus Stand,Peri_Urban,18.186,0.1956111183075261,0.1646830752650115,0.1956111183075261,0,3,Tier 3,1,0,0,0,0
SSCL-23,Batamaloo to Charesharief via Chadoora,Peri_Urban,29.633,0.1510379546818588,0.124444338570894,0.1510379546818588,0,3,Tier 3,1,0,0,0,0
SSCL-24,Pantha Chowk to Palhalan via Sangrama Sopore,Peri_Urban,36.463,0.1273100833240335,0.1026653013009659,0.1273100833240336,0,3,Tier 3,0,0,0,0,0
SSCL-25,Batamaloo to Dadsara Tral via Awantipora,Regional_District,43.869,0.0889909542639871,0.0825128530134353,0.0889909542639871,0,3,Tier 3,0,0,0,0,0
SSCL-26,Batamaloo to Kangan via Hazratbal Manigam,Regional_District,55.703,0.0608379509923122,0.0463822783953762,0.0608379509923122,0,3,Tier 3,0,0,0,0,0
SSCL-27,Batamaloo to Manigam,Regional_District,37.093,0.0799657895266329,0.0613151778933813,0.0799657895266329,0,3,Tier 3,0,0,0,0,0
SSCL-28,Batamaloo to Pinglena Pampore via Galandar,Peri_Urban,22.233,0.1814563114889048,0.1522747219450062,0.1814563114889048,0,3,Tier 3,1,0,0,0,0
SSCL-29,Pantha Chowk to Panzinara,Urban,10.811,0.2489062099072863,0.1939932887667734,0.2489062099072863,0,3,Tier 3,1,0,0,0,0
SSCL-30,Batamaloo to Dc Office Budgam,Peri_Urban,15.685,0.1188624505064636,0.0918353261694747,0.1188624505064637,0,3,Tier 3,0,0,0,0,0
