New_Route_ID,Route_Name,Route_Type,Fleet_Required,depot_district,depot_leg_km,circuity,service_km_per_bus_day,deadhead_km_per_bus_day_D1,deadhead_share_D1,service_km_per_bus_day_observed,deadhead_share_D1_observed_day
FDR-059,Soura to LD,Urban,6,Srinagar,2.5636419188798683,1.6265261541706582,161.58333333333334,5.1272838377597365,0.030755592683684132,54.24462871287129,0.08635874469072063
FDR-488,Parimpora to Budgam,Peri_Urban,4,Budgam,0.346464284081757,1.5385861138099635,430.425,0.692928568163514,0.0016072831173244886,86.8,0.007919823687507169
FDR-271,Parimpora to Hazratbal,Peri_Urban,3,Srinagar,11.34093703117939,1.833337318334375,294.46666666666664,22.68187406235878,0.0715181410269782,86.80000000000001,0.20717469678532918
FDR-429,Parimpora to Chadora,Peri_Urban,4,Srinagar,8.902157521588999,1.1321297257823013,353.175,17.804315043177997,0.0479927433180628,86.8,0.17020631544529335
FDR-394,Lawaypora to Jehangir Chowk,Urban,5,Srinagar,1.918851020649329,1.293069762022545,155.88,3.837702041298658,0.02402803191036603,54.22900615655234,0.06609126228100336
FDR-068,Lalbazar to LD,Urban,4,Srinagar,2.064117857056118,1.3095985266379913,223.4,4.128235714112236,0.018143839164205262,54.25,0.07071532161966801
FDR-002,Soura to Gadoora,Peri_Urban,4,Ganderbal,4.30271580505224,2.0,244.975,8.60543161010448,0.033935708506624286,86.80972004479283,0.09018936155160212
FDR-481,Soura to Ganderbal,Urban,4,Ganderbal,0.0011398499492249648,1.8364536899869133,135.225,0.0022796998984499295,1.6858284094075742e-05,54.25,4.202035215958301e-05
FDR-081,Lalbazar to Lalchowk,Urban,5,Srinagar,1.374412336391704,1.3890236862422338,161.92000000000002,2.748824672783408,0.016693048476210663,54.221066666666665,0.048250481230599135
FDR-122,Jehangir Chowk to Soura,Urban,5,Srinagar,2.027190373497194,1.3660771709860924,192.07999999999998,4.054380746994388,0.020671443382608068,54.271699999999996,0.06951231241785975
TRK-031,Soura to Hazratbal,Urban,3,Srinagar,11.049039837357473,1.8251347713530788,152.43333333333334,22.098079674714945,0.12661376707983177,54.25,0.2894385787941883
FDR-161,TRC to Hazratbal,Urban,3,Srinagar,0.5192833177402099,1.3795365578189307,148.6,1.0385666354804197,0.006940501094282521,54.263353846153855,0.018779937955777266
FDR-147,Hazratbal to LD,Urban,3,Srinagar,0.8172934038592983,1.1679160779010325,169.79999999999998,1.6345868077185965,0.009534755139882905,54.25,0.02924933154364546
FDR-262,Soura to Railway Station,Peri_Urban,7,Srinagar,8.659535303867607,1.4142769611349555,147.32857142857142,17.319070607735213,0.10518869504317689,43.723290460878886,0.28372216120978466
FDR-101,Malbagh to LD,Urban,5,Srinagar,1.9823284597527213,1.2577064925484738,219.42,3.9646569195054426,0.01774811651873687,54.25,0.0681041017726421
FDR-269,Jehangir Chowk to JVC,Urban,3,Srinagar,1.6323451253030388,1.1,141.23333333333332,3.2646902506060775,0.022593321137777417,54.25,0.05676271986132577
FDR-173,Soura to Parimpora,Urban,4,Ganderbal,13.61243528843774,2.0,168.875,27.22487057687548,0.13883166009639325,54.25660913705584,0.3341234188733161
FDR-467,Jehangir Chowk to Budgam,Regional_District,2,Budgam,0.2473869515393802,1.1,875.15,0.4947739030787604,0.0005650395203906336,144.66666666666669,0.0034084389155743964
FDR-106,Parimpora to Saidakadal,Urban,5,Srinagar,3.984311193312568,1.206563471148021,270.08000000000004,7.968622386625136,0.028659096809135805,54.25,0.1280745551887712
FDR-275,Jehangir Chowk to HMT,Urban,4,Srinagar,2.2891172239336774,1.5425836774925785,141.4,4.578234447867355,0.03136244567680645,54.24210909090909,0.07783420110168554
FDR-289,Parimpora to Pantha Chowk,Peri_Urban,5,Srinagar,9.72003332117465,1.2361824079884904,233.76,19.4400666423493,0.0767774941773962,86.82852582159624,0.18293332198734882
FDR-265,Baghat Shora to Lalchowk,Urban,3,Srinagar,1.3215703771330354,1.3356199651795764,237.76666666666665,2.6431407542660708,0.01099431334611988,54.25,0.046457986309498614
FDR-338,Parimpora to Rawalpora,Urban,5,Srinagar,8.181406884137706,1.2809935269530641,158.07999999999998,16.362813768275412,0.09380044620245168,54.23682567215959,0.2317690840628264
FDR-097,Lalbazar to Qamarwari,Urban,5,Srinagar,8.193977012864691,1.4914198976567445,166.94,16.387954025729382,0.0893914630358521,54.21882183908047,0.2321017186382685
FDR-132,Safakadal to SMHS,Urban,2,Srinagar,3.699143104771144,1.529547290993856,171.6,7.398286209542288,0.04133160359357614,54.25,0.12000797855751483
FDR-455,Narbal to Jehangir Chowk,Peri_Urban,4,Srinagar,1.8487057541740144,1.2458004732387031,296.7,3.697411508348029,0.012308400028424607,86.8,0.04085654436654199
FDR-098,Soura to SMHS,Urban,6,Srinagar,4.836912368191698,2.0,191.51666666666665,9.673824736383397,0.048082912213796306,54.227348643006266,0.15138727858639822
FDR-270,Soura to Qamarwari,Urban,5,Srinagar,8.79704785959891,1.601187335264147,102.03999999999999,17.59409571919782,0.1470658980069883,37.68627450980392,0.3182702222563522
FDR-575,Safakadal to Jehangir Chowk,Urban,3,Srinagar,1.7575941618378172,1.1844024575762917,100.76666666666667,3.5151883236756345,0.0337085327452334,41.9222699386503,0.07736322536752065
FDR-316,Qamarwari to Pathachowk,Peri_Urban,4,Srinagar,7.306129527495382,1.3298190774829328,270.425,14.612259054990764,0.05126438242998855,86.79559837728196,0.144093953121432
FDR-117,Qamarwari to Dalgate,Urban,5,Srinagar,1.4985453801385986,1.5278841377429746,169.8,2.9970907602771972,0.01734456724410416,54.21322033898305,0.052387248079760064
FDR-164,Lalbazar to Parimpora,Urban,4,Srinagar,8.560520344520144,1.507717851462578,173.425,17.12104068904029,0.08985251347720627,54.25,0.23988778254804669
FDR-199,Qamarwari to Hazratbal,Urban,3,Srinagar,5.911613908943812,1.3212251068853784,257.46666666666664,11.823227817887624,0.04390520424287875,54.25,0.17894127785727443
FDR-446,Parimpora to Rangrath,Peri_Urban,4,Srinagar,11.814960426813705,1.6642174411602533,271.7,23.62992085362741,0.0800119432034757,86.76496468213927,0.21404905434655835
FDR-108,Saidakadal to Bypass,Urban,4,Srinagar,3.9095790857783523,1.1839324499506723,318.725,7.819158171556705,0.023945178549018013,54.25,0.1259749350868407
FDR-401,Jehangir Chowk to Panzinara,Peri_Urban,3,Srinagar,1.8386871390842474,1.241992891146842,301.59999999999997,3.677374278168495,0.012046009917582935,86.8,0.0406441312815133
FDR-407,Batamallo to Pantha Chowk,Peri_Urban,4,Srinagar,4.1244841783254005,1.5244668663885559,239.125,8.248968356650801,0.03334614556030355,86.78009174311926,0.086804692669698
FDR-219,Qamarwari to Jehangir Chowk,Urban,3,Srinagar,1.8642697867481717,1.256288718381344,231.46666666666667,3.7285395734963434,0.015852957350198073,54.25,0.06430895984832233
FDR-332,Parimpora to Jehangir Chowk,Peri_Urban,4,Srinagar,2.9679002278237068,2.0,284.025,5.9358004556474135,0.02047104452160373,86.7622972972973,0.06403368137572006
FDR-261,JVC to Batwara,Urban,4,Srinagar,6.862219269137527,2.0,201.05,13.724438538275054,0.06390163853613899,54.25,0.20190587569983526
FDR-335,LD to Panthachowk,Urban,5,Srinagar,1.9205692564639196,1.2185227989638918,146.4,3.8411385129278393,0.025566489650884264,54.22561797752809,0.06615038870922958
FDR-104,Hazratbal to Bone Joint Hospital Barzalla,Peri_Urban,5,Srinagar,5.863555286052747,1.7326179597283355,293.3,11.727110572105493,0.038446125493928236,86.77727748691099,0.11905165651178386
FDR-438,GBS to LAL Chowk,Peri_Urban,2,Srinagar,1.279730237286125,1.293335023649131,557.5,2.55946047457225,0.004569979895355155,86.53428571428572,0.028727723146210405
FDR-151,Parimpora to Jawahairnagar,Urban,4,Srinagar,2.702791789552528,1.549151915418321,173.375,5.405583579105056,0.030235853753734096,54.26931750741839,0.09058387162246699
FDR-001,Qamarwari to Baghi Mehtab,Peri_Urban,4,Srinagar,9.181786270621382,1.6712151765298555,222.475,18.363572541242764,0.07624846945186933,86.81605425400741,0.17459248621399415
FDR-176,Jehangir Chowk to Bemina,Urban,3,Srinagar,2.8616638004091786,1.9284097043299675,119.66666666666667,5.723327600818357,0.045644212955375164,54.208587786259535,0.09549715813108121
FDR-078,Chanapora to Soura,Urban,6,Srinagar,5.123158965974472,1.1,225.73333333333335,10.246317931948944,0.043420345258626966,56.84510250569476,0.15272173200554168
FDR-191,Parimpora to Humhama,Peri_Urban,4,Budgam,8.69413441925419,1.65531999750887,233.0,17.38826883850838,0.06944522169176864,86.85111896348644,0.16681092632218647
FDR-341,LD to Pampore,Peri_Urban,4,Srinagar,1.977245991534158,1.2544818739212178,217.425,3.954491983068316,0.017862955360701458,86.76716267339218,0.043589284146579525
FDR-080,Batmaloo to Dalgate,Urban,3,Srinagar,1.198869881700324,1.1,171.70000000000002,2.397739763400648,0.013772377324709578,54.25,0.042327192107138506
FDR-160,"Hazratbal, Lalbazar",Urban,3,Srinagar,2.0762834138907813,1.2756767340864068,161.06666666666666,4.152566827781563,0.025133676872560358,54.30125984251969,0.07104011942970648
FDR-201,LD to Parimpora,Urban,3,Srinagar,2.1310072167801484,1.3520370950767542,190.9,4.262014433560297,0.021838340037278255,54.25,0.07283998807458192
FDR-096,Soura to Dalgate,Urban,4,Srinagar,1.0788775650145257,1.1,281.875,2.1577551300290514,0.007596853148297068,54.25,0.038252809831823206
TRK-032,Soura to Chuntwaliwar,Urban,4,Srinagar,3.5044814546982823,1.205312631339271,138.725,7.008962909396565,0.048094231224289616,54.29696969696969,0.11432764516282272
FDR-067,Soura to Batamallo,Urban,6,Srinagar,4.014375101944067,1.4837690163363966,181.85,8.028750203888134,0.04228356356499617,54.266710671067095,0.1288817851432888
FDR-333,Rangpora to Soura,Peri_Urban,2,Ganderbal,7.415495801707226,1.3239962660378268,604.9,14.830991603414452,0.023931337635774194,86.8,0.14592981303663854
FDR-525,LD to Budgam,Peri_Urban,3,Budgam,0.2799485319884693,1.2432015179876457,398.3333333333333,0.5598970639769386,0.0014036263874903654,86.8,0.006409085665095336
FDR-320,Parimpora to Pampore,Peri_Urban,5,Srinagar,9.914562571850677,1.260922409342295,261.3,19.829125143701354,0.07053386992032769,86.78906801007557,0.18598256598760332
FDR-105,Rangpora to Dalgate,Peri_Urban,5,Srinagar,1.7045413562962421,1.7379131355842237,298.24,3.4090827125924843,0.01130148542782282,86.7609009009009,0.0378072899203936
FDR-088,Rangpora to Lalchowk,Urban,7,Srinagar,1.3738403089166822,1.3884455775546527,191.77142857142857,2.7476806178333644,0.014125504837470462,54.32965085049239,0.048139612472215
FDR-406,Qamarwari to Parimpora,Urban,2,Srinagar,6.043485626222764,1.1,399.85,12.086971252445528,0.029341797643694188,54.25,0.182205654316784
FDR-190,Ma Road to Safakadal,Urban,5,Srinagar,4.502140432144969,1.337075285729723,145.3,9.004280864289939,0.05835405741081915,54.225433962264155,0.14240584334421955
FDR-158,Rangpora to LD,Peri_Urban,3,Srinagar,1.7337600772892183,1.1,400.73333333333335,3.4675201545784367,0.008578705672332624,86.8,0.038413818709547895
FDR-050,Soura to Lalchowk,Urban,7,Srinagar,1.2645839233651495,1.2780276895700955,130.2,2.529167846730299,0.019055102113281302,40.87694444444444,0.0582675506565587
FDR-325,Ma Road to Parimpora,Peri_Urban,4,Srinagar,8.483947135871768,1.2973368704927817,256.025,16.967894271743535,0.06215507666237384,86.8418649517685,0.16345182185819435
FDR-510,Srinagar to Shanglipora,Regional_District,4,Srinagar,0.00022197849014645476,1.2050439810146152,403.55,0.0004439569802929095,1.1001275972830715e-06,144.66666666666669,3.068817635045386e-06
FDR-466,Srinagar to Isganderpora,Regional_District,3,Srinagar,1.0012172436405602,1.1513781457198355,430.3,2.0024344872811204,0.004632022231510322,144.66666666666666,0.013652735794564611
FDR-454,Srinagar to Aboora,Regional_District,3,Srinagar,0.00023025218939847338,1.2499590152496536,419.23333333333335,0.00046050437879694675,1.098442886918631e-06,144.60632756866735,3.1845280912008727e-06
FDR-536,Srinagar to Arizal,Regional_District,4,Srinagar,0.0002376815692331606,1.2902905331663421,425.35,0.0004753631384663212,1.1175798923475633e-06,144.6862603461249,3.2854645322949723e-06
FDR-453,Srinagar to Baderkote,Regional_District,4,Srinagar,0.00023570225998395604,1.2795455519938561,411.5,0.00047140451996791207,1.1455746778586416e-06,144.65766718506998,3.258748692358992e-06
FDR-514,Srinagar to Loolpora,Regional_District,4,Srinagar,0.0002646754733732103,1.4368310456573985,373.65,0.0005293509467464206,1.4167006471687188e-06,144.6208390410959,3.6602540318346656e-06
FDR-384,Srinagar to Beeru,Regional_District,3,Budgam,0.825087515372394,1.365714966207478,195.53333333333333,1.650175030744788,0.00836872740745599,144.66666666666669,0.01127809356463154
FDR-565,Srinagar to Dardpora,Regional_District,9,Srinagar,0.00023561770465370965,1.2790865305287182,453.93333333333334,0.0004712354093074193,1.0381148188668476e-06,144.6530701754386,3.2576831836353525e-06
FDR-038,Srinagar to Ratnipora,Regional_District,3,Srinagar,0.0002897223012952038,1.5728015588859259,327.26666666666665,0.0005794446025904076,1.7705548278222727e-06,144.66666666666669,4.005361394276725e-06
FDR-437,Srinagar to Ratsun,Regional_District,3,Srinagar,0.00025096255420493783,1.3623883791856866,364.4666666666667,0.0005019251084098757,1.3771476601012082e-06,144.7039344262295,3.4686228084342694e-06
FDR-487,Srinagar to Khag,Regional_District,4,Srinagar,0.0002483752152797017,1.3483426164784822,363.35,0.0004967504305594034,1.3671384379600816e-06,144.72657268722466,3.4323256353462676e-06
FDR-463,Srinagar to Karhama,Regional_District,3,Srinagar,0.00021724218056902832,1.179332204415297,420.6333333333334,0.00043448436113805664,1.032927915873756e-06,144.64172413793102,3.003857003217416e-06
FDR-508,Srinagar to Chewdara,Regional_District,3,Srinagar,0.00020660069821558844,1.1215632996415712,360.5,0.00041320139643117687,1.1461884128280836e-06,144.66666666666669,2.8562226928753793e-06
FDR-464,Srinagar to Badrun,Regional_District,3,Srinagar,1.0052878291023828,1.15605923083977,426.3333333333333,2.0105756582047656,0.00469383506103383,144.66666666666669,0.013707481994729598
FDR-439,Srinagar to Tangmarg,Regional_District,4,Srinagar,0.0002037101276324982,1.1058713977795815,389.45,0.0004074202552649964,1.046141556158009e-06,144.6714215283484,2.8161685535180254e-06
FDR-570,Srinagar to Khoor,Regional_District,9,Srinagar,0.00024021449334623828,1.3040408967930937,474.37777777777774,0.00048042898669247656,1.012755071255974e-06,144.68792203898053,3.320438808485977e-06
FDR-551,Srinagar to Handwara,Regional_District,6,Srinagar,0.00022202227681953734,1.2052816836263052,472.1166666666666,0.0004440445536390747,9.405389967123714e-07,144.66732037957522,3.069409107181955e-06
FDR-563,Srinagar to Trehgam KUP,Regional_District,7,Srinagar,0.00022966933927033378,1.246794924718698,527.5571428571428,0.00045933867854066755,8.706891467941885e-07,144.67168110918544,3.1750320214983e-06
FDR-562,Srinagar to Chowkibal,Regional_District,10,Srinagar,0.00030139343415559484,1.636160077973775,364.69,0.0006027868683111897,1.6528719514702414e-06,144.66666666666669,4.166712142892805e-06
FDR-509,Srinagar to Hajin,Regional_District,4,Srinagar,0.00021881359068042996,1.1878628431055624,341.425,0.0004376271813608599,1.2817650155250757e-06,144.6639550140581,3.0251202342939615e-06
FDR-486,Srinagar to Safapora Sumbal,Regional_District,3,Srinagar,0.00022768664664320562,1.236031576364781,390.5333333333333,0.00045537329328641124,1.1660278993900136e-06,144.71409836065575,3.1467000487289884e-06
FDR-504,Srinagar to Safapora GBL,Regional_District,3,Srinagar,0.0002441871343512202,1.325606982446829,421.8,0.0004883742687024404,1.1578323927143013e-06,144.61108190091002,3.377145188127906e-06
FDR-513,Srinagar to Narwara Budgam,Regional_District,3,Srinagar,0.00028222054440737055,1.532077131132795,363.7,0.0005644410888147411,1.5519389959763662e-06,144.74307511737086,3.899591654158816e-06
FDR-465,Srinagar to Charishreef,Regional_District,3,Srinagar,0.00023929894939260114,1.299070727251185,399.9666666666667,0.0004785978987852023,1.1965930313316737e-06,144.73459978655285,3.3067166862889287e-06
FDR-519,Srinagar to Pakherpora,Regional_District,4,Srinagar,0.00026463186962306966,1.4365943360707085,404.175,0.0005292637392461393,1.3094898155023519e-06,144.67010292953287,3.658404827726692e-06
FDR-555,Srinagar to Pasthoon,Regional_District,4,Srinagar,0.0003033284903824561,1.6466648248867104,480.025,0.0006066569807649122,1.2638012896641583e-06,144.66666666666666,4.193463848646047e-06
FDR-546,Srinagar to Pinglish,Regional_District,4,Srinagar,0.00023918877511516548,1.2984726294363973,421.95,0.00047837755023033096,1.1337291334986739e-06,144.62169825625475,3.30777451539553e-06
FDR-552,Srinagar to Tral Nowdal,Regional_District,4,Srinagar,0.00023459934980738493,1.2735582364255777,379.2,0.00046919869961476986,1.2373368118616741e-06,144.66666666666669,3.2432984644931873e-06
FDR-007,Srinagar to Qazigund,Regional_District,6,Srinagar,0.00020974376024417615,1.1386258897015644,454.51666666666665,0.0004194875204883523,9.229301455700355e-07,144.63747536367904,2.900260135284134e-06
FDR-529,Srinagar to Mirpora Budgam,Regional_District,3,Srinagar,0.0003073793051805988,1.6686552888613335,401.5,0.0006147586103611976,1.5311523513626547e-06,144.66359192348568,4.249555743337039e-06
FDR-507,Srinagar to Vijipopra,Regional_District,4,Srinagar,0.00021706992917180684,1.1783971115182053,332.75,0.0004341398583436137,1.304701102692297e-06,144.6471923076923,3.001361785228001e-06
FDR-553,Srinagar to Kupwara DAY,Regional_District,7,Srinagar,0.00022472706009888502,1.2199650108647977,483.54285714285714,0.00044945412019777004,9.295012754098158e-07,144.68909984871408,3.1063343715105886e-06
FDR-541,Srinagar to URI Baramulla,Regional_District,9,Srinagar,0.00031461770067443704,1.70795001924849,331.1666666666667,0.0006292354013488741,1.900052961554966e-06,144.66666666666666,4.3495345470121495e-06
FDR-571,Srinagar to Tangdar,Regional_District,12,Srinagar,0.0003152720283976435,1.7115021367709615,386.65000000000003,0.000630544056795287,1.6307850213720002e-06,144.66666666666666,4.358580473628618e-06
FDR-543,Bandipora to Srinagar,Regional_District,5,Srinagar,0.0002551680502909407,1.3852185540475603,450.02,0.0005103361005818814,1.134028536167682e-06,144.65926052332196,3.5278370589831485e-06
FDR-003,Bandipora to Soura,Regional_District,6,Ganderbal,9.875907538592891,1.4510125968395065,467.15000000000003,19.751815077185782,0.04056632048918248,144.64968036529677,0.12014376769520413
FDR-549,Bankoot to Srinagar via Bandipora,Regional_District,5,Srinagar,0.0002695906021746904,1.4635135696002695,466.7,0.0005391812043493807,1.1553044384635574e-06,144.66984092155786,3.7269633491416125e-06
FDR-004,Bandipora to Baramulla,Regional_District,5,Baramulla,7.99472479515226,1.2779349179171362,504.36,15.98944959030452,0.030728291541182107,144.67715736040608,0.09951943277926927
FDR-511,Sopore to Srinagar,Regional_District,5,Srinagar,0.00022742887279928546,1.23463221186386,384.15999999999997,0.0004548577455985709,1.18403063055255e-06,144.63389740173218,3.1448804415602753e-06
FDR-539,Zaloora to Srinagar,Regional_District,5,Srinagar,0.00020262857041575383,1.1,484.84,0.00040525714083150766,8.358567818137491e-07,144.66666666666666,2.8013087943395053e-06
FDR-530,Botingue to Srinagar,Regional_District,5,Srinagar,0.00025412065430316795,1.3795326056929624,476.12,0.0005082413086063359,1.0674635933740283e-06,144.655,3.5134597692505964e-06
FDR-515,Baramulla to Srinagar,Regional_District,5,Srinagar,0.00022336194896778772,1.2125542975526227,432.5,0.00044672389793557545,1.032886558428823e-06,144.70777975133214,3.087066359783228e-06
FDR-592,Kamalkote to Baramulla,Regional_District,5,Baramulla,9.371510168332286,1.4980102986145678,502.7,18.74302033666457,0.03594452242272478,144.62142545454546,0.11473133120176789
FDR-593,Garkote to Baramulla,Urban,2,Baramulla,4.982668399383508,1.2606992160062083,81.2,9.965336798767016,0.10931059050178153,54.22253164556962,0.15525265194635496
FDR-521,Fathgath to Srinagar,Regional_District,5,Srinagar,0.00023575668360276228,1.2798409988825354,433.91999999999996,0.00047151336720552457,1.0866354508720138e-06,144.66666666666669,3.259298366839471e-06
FDR-574,Pehilpora to URI via Baramulla,Peri_Urban,5,Baramulla,5.695425209870253,1.4410387208977846,279.0,11.390850419740506,0.039225927412230084,86.76588050314466,0.11604757322948638
FDR-005,Baramula to Kupwra,Regional_District,5,Baramulla,8.061045980190523,1.288536178164322,511.76000000000005,16.122091960381045,0.030541085227022723,144.70285918513224,0.10024621083698566
FDR-567,Kupwara to Srinagar,Regional_District,7,Srinagar,0.0002026346013024095,1.1000327395850824,564.8,0.000405269202604819,7.175441073057557e-07,144.66666666666669,2.8013921701855847e-06
FDR-564,Sogam to Srinagar,Regional_District,9,Srinagar,0.00031132904495822703,1.6900970517207197,448.22222222222223,0.0006226580899164541,1.3891708042742019e-06,144.6464720812183,4.304670557252784e-06
FDR-516,Shopian to Srinagar,Regional_District,4,Srinagar,0.00022538930514638369,1.2235601087858552,464.325,0.00045077861029276737,9.70824686729692e-07,144.66766368022053,3.115949993397118e-06
FDR-538,Sedow to Srinagar,Regional_District,4,Shopian,8.35546734107568,1.1025420484337236,554.6,16.71093468215136,0.02925015725709588,144.66666666666669,0.10355176023487075
FDR-520,Harman to Srinagar,Regional_District,4,Srinagar,0.00022613919040745904,1.2276309749302021,468.525,0.0004522783808149181,9.653229693617386e-07,144.68148907103824,3.1260181927102275e-06
FDR-535,Kaprin to Srinagar,Regional_District,5,Srinagar,0.00023602661732130304,1.2813063751114926,449.5,0.0004720532346426061,1.0501729452838049e-06,144.65348519362186,3.263327486001869e-06
FDR-540,Nehama to Srinagar,Regional_District,5,Srinagar,0.0002315329982415879,1.2569120807750886,477.16,0.0004630659964831758,9.704617886983833e-07,144.6612339055794,3.20102699040066e-06
FDR-008,Khull Ahmadabad to Srinagar,Regional_District,6,Srinagar,0.00024072723696787006,1.306824403495222,427.7,0.00048145447393574013,1.1256813934332407e-06,144.65512219451372,3.3282808393929056e-06
FDR-537,Pariwan to Srinagar,Regional_District,5,Srinagar,0.00023881036955353412,1.2964183973163146,465.53999999999996,0.00047762073910706824,1.025948896104735e-06,144.6300824628917,3.302350062330465e-06
FDR-010,Kulgam to Srinagar,Regional_District,6,Srinagar,0.0002411305862521013,1.3090140464056172,428.9166666666667,0.0004822611725042026,1.124369062206319e-06,144.63573346593736,3.33430441386894e-06
FDR-011,Katrosoo to Srinagar,Regional_District,6,Srinagar,0.00027677894256646497,1.5025365682560272,442.7,0.0005535578851329299,1.2504115494866886e-06,144.677821686747,3.826127326885834e-06
FDR-012,Yaripora to Srinagar,Regional_District,5,Srinagar,0.0002772231592031744,1.5049480658023888,498.66,0.0005544463184063488,1.1118712187330948e-06,144.65701232032853,3.832819331882922e-06
FDR-444,Pulwama to Srinagar,Peri_Urban,6,Srinagar,0.00022153764508547937,1.2026507865797043,256.40000000000003,0.00044307529017095874,1.728059767981184e-06,86.80928673323824,5.10398190557932e-06
FDR-039,Koil to Srinagar,Peri_Urban,4,Pulwama,4.970989897853079,1.1,448.8,9.941979795706159,0.02167226945337261,86.8,0.10276800016601922
FDR-505,Wasoora to Srinagar,Peri_Urban,7,Srinagar,0.00023588173773816877,1.2805198742684936,310.57142857142856,0.00047176347547633755,1.5190153229175375e-06,86.78029263370334,5.436267803740091e-06
FDR-440,Srinagar to Lettar,Peri_Urban,6,Srinagar,0.0002235201164023818,1.2134129335174153,259.78333333333336,0.0004470402328047636,1.720816565845353e-06,86.77862068965518,5.151475401835832e-06
FDR-506,Heff to Srinagar,Regional_District,4,Srinagar,0.00021985166075276383,1.1934981643103872,390.1,0.00043970332150552766,1.1271541294337685e-06,144.6726004922067,3.0392899804363045e-06
FDR-531,Srinagar to Keller,Regional_District,5,Srinagar,0.0002648010364872612,1.4375126841113073,386.88,0.0005296020729745224,1.3689034015726924e-06,144.6934745201853,3.660152168620881e-06
FDR-532,Sangerwani to Srinagar,Regional_District,4,Srinagar,0.00025902702053858293,1.4061675607137814,431.6,0.0005180540410771659,1.2003091270902966e-06,144.6420014825797,3.581616544960725e-06
FDR-013,Anantnagh to Srinagar,Regional_District,5,Anantnag,0.0001101470576870333,1.1912897320959752,455.46000000000004,0.0002202941153740666,4.836736679919285e-07,144.67886453063517,1.5226396796807804e-06
FDR-006,Phalgam to Anantnagh,Peri_Urban,7,Anantnag,0.0001121834709930993,1.2133144535253306,311.35714285714283,0.0002243669419861986,7.206090672803032e-07,86.82185297079556,2.5842153155747707e-06
FDR-023,Mawan to Srinagar,Regional_District,5,Srinagar,0.00021174313773326733,1.1494798143652372,430.93999999999994,0.00042348627546653466,9.827026019990484e-07,144.69503267973855,2.926742046278595e-06
FDR-024,Devsur to Srinagar,Regional_District,5,Srinagar,0.00022016371530722906,1.1951921999007655,501.06000000000006,0.0004403274306144581,8.787910502906894e-07,144.68366888094022,3.043371058671746e-06
FDR-025,Lammer to Anantnagh,Urban,2,Anantnag,0.00010389564668275104,1.1236779238743386,118.85,0.0002077912933655021,1.7483460670964372e-06,60.08057507987221,3.4585317207180877e-06
FDR-028,Shangus to Srinagar,Regional_District,6,Srinagar,0.00024366109877537609,1.3227513183504913,515.0333333333333,0.00048732219755075217,9.461945565642514e-07,144.67985086992542,3.3682683054253746e-06
FDR-029,Uttersoo to Srinagar,Regional_District,6,Srinagar,0.00022513743143352309,1.2221927740433844,471.9666666666667,0.00045027486286704617,9.540386325745427e-07,144.69151898734177,3.1119547626798643e-06
FDR-035,Anantnagh to Shopian,Regional_District,5,Anantnag,0.00010444186461000642,1.1295855152516312,481.02,0.00020888372922001284,4.342514625419898e-07,144.66666666666666,1.4438946609256554e-06
FDR-435,Srinagar to NEW Khanda,Urban,6,Srinagar,0.00022577175765319226,1.2256363103630872,208.33333333333334,0.00045154351530638453,2.1674041758196024e-06,62.78808888888889,7.19149564867652e-06
FDR-596,Srinagar to By Pass,Urban,3,Srinagar,0.000254768993972471,1.3830522161544587,104.93333333333334,0.000509537987944942,4.855802227407038e-06,54.31625954198473,9.380859660388297e-06
FDR-476,Srinagar to Khrew,Urban,6,Srinagar,0.00020508327364537868,1.1133257296690549,179.16666666666666,0.00041016654729075737,2.2892964184071613e-06,54.24169642857143,7.561773925050111e-06
FDR-093,Srinagar to Railway,Urban,4,Srinagar,0.00026386570686613286,1.4324351050654198,186.675,0.0005277314137322657,2.8269983759818725e-06,61.04253164556962,8.645232056164767e-06
FDR-123,Srinagar to Bypass,Urban,5,Srinagar,0.00026561916215622153,1.4419540036844054,160.14000000000001,0.0005312383243124431,3.317325852515399e-06,54.272773613193394,9.788206665612466e-06
FDR-144,Srinagar to Gulabagh,Urban,4,Srinagar,0.00021992600190866223,1.1939017365772224,192.3,0.00043985200381732446,2.287316680897031e-06,59.31333333333334,7.415680712857759e-06
FDR-040,Srinagar to Ratnipura,Urban,7,Srinagar,0.00022692586461858688,1.2319015554829105,203.68571428571428,0.00045385172923717375,2.2281912089922732e-06,62.98209938581798,7.2059912770670085e-06
FDR-052,Srinagar to Buchpora,Urban,5,Srinagar,0.00020262857041575383,1.1,179.9,0.00040525714083150766,2.2526749745352318e-06,54.221066666666665,7.474108069234613e-06
FDR-370,Srinagar to Pampore,Urban,5,Srinagar,0.00021425841814978107,1.163134396502831,141.34,0.00042851683629956214,3.0318065453474816e-06,50.280773381294956,8.522406388926999e-06
FDR-479,Srinagar to Budgam,Urban,5,Srinagar,0.0002474210595408255,1.3431628369902773,259.36,0.000494842119081651,1.9079317356441546e-06,54.23465828750982,9.124010729699895e-06
FDR-517,Srinagar to Gund,Peri_Urban,11,Srinagar,0.00033048822598195395,1.794105578666637,286.3636363636364,0.0006609764519639079,2.308166409372351e-06,86.80151166840821,7.6147454818695295e-06
FDR-326,Srinagar to Chadoora,Urban,5,Srinagar,0.00020262857041575383,1.1,185.35999999999999,0.00040525714083150766,2.186319889996548e-06,54.25,7.470121908041687e-06
FDR-036,Srinagar to Bugam,Peri_Urban,11,Srinagar,0.00024646387490310996,1.3379666146642413,311.97272727272724,0.0004929277498062199,1.5800322524140365e-06,86.79583759590793,5.679131212486737e-06
FDR-597,Srinagar to Rasoo,Urban,3,Srinagar,0.0002159943559275248,1.1725581986428752,133.56666666666666,0.0004319887118550496,3.234244931602803e-06,54.23700598802396,7.964769870589085e-06
FDR-599,Srinagar to Harwan,Urban,5,Srinagar,0.0002506917712111591,1.3609183925369854,181.66,0.0005013835424223182,2.7600030749873357e-06,57.078411437648924,8.784041560023766e-06
FDR-288,Srinagar to Ganderbal,Urban,5,Srinagar,0.0002204232801511601,1.1966012871175302,183.1,0.0004408465603023202,2.407676127179581e-06,54.25487640449438,8.125407474117212e-06
FDR-602,TRC Srinagar to Airport,Urban,4,Srinagar,0.4443369983148791,1.1804329394489987,199.175,0.8886739966297582,0.004441955797756312,54.25,0.016117072323575947
SSCL-01,Parimpora to Harwan via Brein Nishat,Peri_Urban,10,Srinagar,11.21512443269295,1.4263263374720085,297.59000000000003,22.4302488653859,0.07009009256417711,86.83361445783132,0.20528515268615577
SSCL-02,Batamaloo to Nasrullah Pora via Jehangir Chowk Rambagh Hyderpora,Urban,5,Budgam,4.581524061296547,1.3680926636170747,181.32,9.163048122593095,0.04810427076269718,70.83,0.11454805558290883
SSCL-03,Batamaloo to Hazratbal via Khanyar,Urban,9,Srinagar,5.424068361299945,1.419700489730643,183.83333333333334,10.84813672259989,0.05572249233315914,54.254197292069634,0.1666320706743859
SSCL-04,Batamaloo to Chadoora Chowk via Jehangir Chowk,Urban,6,Budgam,6.209181728923848,1.66853971889857,231.63333333333333,12.418363457847695,0.050884151272561205,71.61659574468086,0.14777615858560486
SSCL-05,LD Hospital to Pandach via Jehangir Chowk Dalgate Khanyar,Urban,7,Srinagar,1.9367947452732215,1.22881720931745,199.02857142857144,3.873589490546443,0.01909092280239715,54.23256027554536,0.06666401931877612
SSCL-06,Pantha Chowk to Narbal Crossing via Sonwar Jehangir Chowk Qamarwari,Peri_Urban,9,Srinagar,4.460650733320806,1.263398839969397,280.9222222222222,8.921301466641612,0.030779716424570846,86.76485829959513,0.09323502467270643
SSCL-07,Batamaloo to Drussu Pulwama via Marwal,Peri_Urban,13,Pulwama,3.3583596310907815,1.329276092477072,322.31538461538463,6.716719262181563,0.02041356810787337,86.78674404398289,0.07183390887018348
SSCL-08,Batamaloo to Budgam Railway Station via Khumeni Chowk,Peri_Urban,7,Budgam,4.475437533843847,1.470631021966718,286.81428571428575,8.950875067687694,0.030263453085625353,86.82767857142858,0.09345385503954956
SSCL-09,Parimpora to Naseem Bagh via Noorbagh Gojwara Mill Stop,Peri_Urban,7,Srinagar,11.626067853567758,1.722364836672171,275.34285714285716,23.252135707135515,0.07787182057274772,86.78847277556441,0.21130504481707868
SSCL-10,Pantha Chowk to Agri Kalan Kanihama via Bypass,Peri_Urban,10,Srinagar,4.555113182703935,1.2901536244406,301.95,9.11022636540787,0.029287660694703954,86.76322033898305,0.09502345726129642
SSCL-11,Old City Loop Downtown Srinagar,Urban,2,Srinagar,2.6557031803880613,1.1561978868072125,74.8,5.311406360776123,0.06630025113847803,53.97297872340425,0.08959199548471718
SSCL-12,Rangreth to District Court Srinagar via Barzulla Jehangir Chowk,Urban,7,Srinagar,4.36927165104155,1.221116088945084,188.84285714285716,8.7385433020831,0.044227560298714746,54.26050847457628,0.1387091242747983
SSCL-13,Batamaloo to Beehama Ganderbal via Hazratbal Zakura,Peri_Urban,11,Srinagar,5.340576795248321,1.3978473327797485,309.3454545454546,10.681153590496642,0.03337582975587816,86.81306245297215,0.10955679243304384
SSCL-14,TRC to Central University Ganderbal via Karan Nagar Zoonimar 90ft Road,Peri_Urban,12,Srinagar,1.8981181099208444,1.2962239145470946,291.34999999999997,3.796236219841689,0.012862221346485464,86.78093704245974,0.04191162169356081
SSCL-15,TRC to Pulwama via Nowgam Kaanipora,Peri_Urban,12,Pulwama,0.5919855774599919,1.175249684521246,313.21666666666664,1.1839711549199838,0.0037658039217841974,86.81182561307901,0.013454860327494107
SSCL-16,Batamaloo Circular via Khonmoh,Urban,9,Srinagar,5.356875438980643,1.4021133543243547,197.26666666666668,10.713750877961285,0.05151326747222417,61.36167176350663,0.14864638298766258
SSCL-17,Batamaloo to Womens College Batpora via Rainawari,Urban,4,Srinagar,2.4426265726536704,1.3392845307395278,144.25,4.885253145307341,0.03275719886663873,54.195900277008306,0.08268716608132642
SSCL-18,Jkpdc Jehangir Chowk to Wadwan,Peri_Urban,7,Srinagar,1.823769068026089,1.1526623970334864,277.9857142857143,3.647538136052178,0.012951375963906853,86.81142105263157,0.04032257466553383
SSCL-19,Pantha Chowk to Sumbal,Peri_Urban,14,Srinagar,4.321279015599741,1.2239243155064046,326.7285714285714,8.642558031199481,0.025770131272543514,86.79028539451595,0.09056167374837591
SSCL-20,Pantha Chowk to Safapora,Regional_District,15,Srinagar,5.570017016355337,1.5776068241581889,517.3866666666667,11.140034032710673,0.021077523648227292,144.66109950522264,0.0715016237670593
SSCL-21,Batamaloo to Arath,Urban,9,Srinagar,6.84003802692643,1.7903176526846647,176.2888888888889,13.68007605385286,0.0720121629234341,54.61350253807107,0.20031277223874455
SSCL-22,Batamaloo to Khrew Bus Stand,Peri_Urban,9,Srinagar,4.991339402992174,1.3064376263026205,258.64444444444445,9.982678805984348,0.03716184235304472,86.82864686468646,0.103114782664407
SSCL-23,Batamaloo to Charesharief via Chadoora,Peri_Urban,12,Srinagar,5.34899652465475,1.4000511202627741,316.0833333333333,10.6979930493095,0.03273746749158715,86.77950067476384,0.1097483392381014
SSCL-24,Pantha Chowk to Palhalan via Sangrama Sopore,Peri_Urban,15,Srinagar,4.180013050544958,1.18391327966265,311.15333333333336,8.360026101089916,0.026164871841002697,86.80714207350522,0.08784569575247302
SSCL-25,Batamaloo to Dadsara Tral via Awantipora,Regional_District,11,Srinagar,4.911259656529379,1.2854774820533528,510.47272727272724,9.822519313058757,0.018878741209947276,144.67436170212767,0.06357746026014106
SSCL-26,Batamaloo to Kangan via Hazratbal Manigam,Regional_District,14,Srinagar,7.641144594278534,2.0,509.2857142857143,15.282289188557067,0.029133094445983727,144.67445840813886,0.09554013455617885
SSCL-27,Batamaloo to Manigam,Regional_District,13,Srinagar,5.974130791918023,1.5636743208317974,536.2769230769231,11.948261583836047,0.021794441259077892,144.6393710691824,0.07630399273173842
SSCL-28,Batamaloo to Pinglena Pampore via Galandar,Peri_Urban,10,Srinagar,5.0770346162648705,1.328867567842233,284.58000000000004,10.154069232529741,0.03445163044425214,86.7726798561151,0.10476023727199689
SSCL-29,Pantha Chowk to Panzinara,Urban,7,Srinagar,5.727753879430635,1.6222829446939437,197.68571428571428,11.45550775886127,0.05477403090061168,54.24247398843931,0.17436620508257789
SSCL-30,Batamaloo to Dc Office Budgam,Peri_Urban,7,Budgam,4.475437533843847,1.470631021966718,286.81428571428575,8.950875067687694,0.030263453085625353,86.82767857142858,0.09345385503954956
