New_Route_ID,Route_Name,Route_Type,Headway_Min,mean_capacity,peak_hour_capacity,Daily_Demand_Pax,proxy_peak_hour_boardings,proxy_boarding_to_capacity
FDR-059,Soura to LD,Urban,20,35.0,105.0,193.0,20.5931,0.1961247619047619
FDR-488,Parimpora to Budgam,Peri_Urban,35,35.0,60.0,64.0,6.8288,0.11381333333333334
FDR-271,Parimpora to Hazratbal,Peri_Urban,35,20.0,34.285714285714285,104.0,11.0968,0.3236566666666667
FDR-429,Parimpora to Chadora,Peri_Urban,35,35.0,60.0,210.0,22.407,0.37345
FDR-394,Lawaypora to Jehangir Chowk,Urban,35,35.0,60.0,50.0,5.335,0.08891666666666667
FDR-068,Lalbazar to LD,Urban,20,35.0,105.0,226.0,24.1142,0.22965904761904762
FDR-002,Soura to Gadoora,Peri_Urban,35,35.0,60.0,1144.0,122.0648,2.0344133333333336
FDR-481,Soura to Ganderbal,Urban,35,20.0,34.285714285714285,623.0,66.4741,1.9388279166666669
FDR-081,Lalbazar to Lalchowk,Urban,20,35.0,105.0,96.0,10.2432,0.09755428571428572
FDR-122,Jehangir Chowk to Soura,Urban,20,35.0,105.0,154.0,16.4318,0.15649333333333332
TRK-031,Soura to Hazratbal,Urban,35,35.0,60.0,443.0,47.268100000000004,0.7878016666666667
FDR-161,TRC to Hazratbal,Urban,35,20.0,34.285714285714285,84.0,8.9628,0.261415
FDR-147,Hazratbal to LD,Urban,35,35.0,60.0,143.0,15.2581,0.2543016666666667
FDR-262,Soura to Railway Station,Peri_Urban,35,35.0,60.0,75.0,8.0025,0.133375
FDR-101,Malbagh to LD,Urban,20,35.0,105.0,365.0,38.9455,0.37090952380952386
FDR-269,Jehangir Chowk to JVC,Urban,35,20.0,34.285714285714285,42.0,4.4814,0.1307075
FDR-173,Soura to Parimpora,Urban,35,20.0,34.285714285714285,75.0,8.0025,0.23340624999999998
FDR-467,Jehangir Chowk to Budgam,Regional_District,50,20.0,24.0,55.0,5.8685,0.24452083333333333
FDR-106,Parimpora to Saidakadal,Urban,20,20.0,60.0,65.0,6.9355,0.11559166666666668
FDR-275,Jehangir Chowk to HMT,Urban,35,20.0,34.285714285714285,25.0,2.6675,0.07780208333333334
FDR-289,Parimpora to Pantha Chowk,Peri_Urban,35,20.0,34.285714285714285,34.0,3.6278,0.10581083333333334
FDR-265,Baghat Shora to Lalchowk,Urban,35,20.0,34.285714285714285,48.0,5.1216,0.14938
FDR-338,Parimpora to Rawalpora,Urban,35,35.0,60.0,152.0,16.2184,0.27030666666666664
FDR-097,Lalbazar to Qamarwari,Urban,20,35.0,105.0,217.0,23.1539,0.22051333333333334
FDR-132,Safakadal to SMHS,Urban,35,20.0,34.285714285714285,39.0,4.1613,0.12137125
FDR-455,Narbal to Jehangir Chowk,Peri_Urban,35,20.0,34.285714285714285,64.0,6.8288,0.19917333333333334
FDR-098,Soura to SMHS,Urban,20,35.0,105.0,124.0,13.2308,0.12600761904761906
FDR-270,Soura to Qamarwari,Urban,35,20.0,34.285714285714285,171.0,18.2457,0.53216625
FDR-575,Safakadal to Jehangir Chowk,Urban,20,35.0,105.0,80.0,8.536,0.08129523809523809
FDR-316,Qamarwari to Pathachowk,Peri_Urban,35,35.0,60.0,35.0,3.7345,0.06224166666666667
FDR-117,Qamarwari to Dalgate,Urban,20,35.0,105.0,151.0,16.1117,0.1534447619047619
FDR-164,Lalbazar to Parimpora,Urban,35,35.0,60.0,94.0,10.0298,0.16716333333333333
FDR-199,Qamarwari to Hazratbal,Urban,35,35.0,60.0,140.0,14.938,0.24896666666666667
FDR-446,Parimpora to Rangrath,Peri_Urban,35,35.0,60.0,99.0,10.5633,0.176055
FDR-108,Saidakadal to Bypass,Urban,20,20.0,60.0,85.0,9.0695,0.15115833333333334
FDR-401,Jehangir Chowk to Panzinara,Peri_Urban,35,35.0,60.0,41.0,4.3747,0.07291166666666667
FDR-407,Batamallo to Pantha Chowk,Peri_Urban,35,35.0,60.0,132.0,14.0844,0.23474
FDR-219,Qamarwari to Jehangir Chowk,Urban,35,35.0,60.0,28.0,2.9876,0.049793333333333335
FDR-332,Parimpora to Jehangir Chowk,Peri_Urban,35,35.0,60.0,123.0,13.1241,0.218735
FDR-261,JVC to Batwara,Urban,35,35.0,60.0,41.0,4.3747,0.07291166666666667
FDR-335,LD to Panthachowk,Urban,35,35.0,60.0,60.0,6.402,0.1067
FDR-104,Hazratbal to Bone Joint Hospital Barzalla,Peri_Urban,20,35.0,105.0,127.0,13.5509,0.1290561904761905
FDR-438,GBS to LAL Chowk,Peri_Urban,35,35.0,60.0,58.0,6.1886,0.10314333333333334
FDR-151,Parimpora to Jawahairnagar,Urban,35,35.0,60.0,40.0,4.268,0.07113333333333333
FDR-001,Qamarwari to Baghi Mehtab,Peri_Urban,35,35.0,60.0,297.0,31.6899,0.528165
FDR-176,Jehangir Chowk to Bemina,Urban,35,35.0,60.0,36.0,3.8412,0.06402000000000001
FDR-078,Chanapora to Soura,Urban,20,35.0,105.0,127.0,13.5509,0.1290561904761905
FDR-191,Parimpora to Humhama,Peri_Urban,35,35.0,60.0,55.0,5.8685,0.09780833333333333
FDR-341,LD to Pampore,Peri_Urban,35,35.0,60.0,63.0,6.7221,0.11203500000000001
FDR-080,Batmaloo to Dalgate,Urban,20,35.0,105.0,25.0,2.6675,0.025404761904761906
FDR-160,"Hazratbal, Lalbazar",Urban,35,20.0,34.285714285714285,62.0,6.6154,0.19294916666666667
FDR-201,LD to Parimpora,Urban,35,35.0,60.0,24.0,2.5608,0.04268
FDR-096,Soura to Dalgate,Urban,20,20.0,60.0,89.0,9.4963,0.15827166666666667
TRK-032,Soura to Chuntwaliwar,Urban,20,35.0,105.0,232.0,24.7544,0.23575619047619048
FDR-067,Soura to Batamallo,Urban,20,35.0,105.0,123.0,13.1241,0.12499142857142857
FDR-333,Rangpora to Soura,Peri_Urban,35,35.0,60.0,66.0,7.0422,0.11737
FDR-525,LD to Budgam,Peri_Urban,35,35.0,60.0,64.0,6.8288,0.11381333333333334
FDR-320,Parimpora to Pampore,Peri_Urban,35,35.0,60.0,41.0,4.3747,0.07291166666666667
FDR-105,Rangpora to Dalgate,Peri_Urban,20,35.0,105.0,117.0,12.4839,0.11889428571428572
FDR-088,Rangpora to Lalchowk,Urban,20,20.0,60.0,143.0,15.2581,0.2543016666666667
FDR-406,Qamarwari to Parimpora,Urban,35,35.0,60.0,32.0,3.4144,0.05690666666666667
FDR-190,Ma Road to Safakadal,Urban,35,20.0,34.285714285714285,41.0,4.3747,0.12759541666666666
FDR-158,Rangpora to LD,Peri_Urban,35,35.0,60.0,83.0,8.8561,0.14760166666666666
FDR-050,Soura to Lalchowk,Urban,20,35.0,105.0,81.0,8.6427,0.08231142857142856
FDR-325,Ma Road to Parimpora,Peri_Urban,35,35.0,60.0,45.0,4.8015,0.080025
FDR-510,Srinagar to Shanglipora,Regional_District,50,47.5,57.0,64.0,6.8288,0.11980350877192983
FDR-466,Srinagar to Isganderpora,Regional_District,50,51.666666666666664,61.99999999999999,48.0,5.1216,0.08260645161290324
FDR-454,Srinagar to Aboora,Regional_District,50,43.333333333333336,52.0,49.0,5.2283,0.10054423076923077
FDR-536,Srinagar to Arizal,Regional_District,50,47.5,57.0,97.0,10.3499,0.18157719298245614
FDR-453,Srinagar to Baderkote,Regional_District,50,47.5,57.0,88.0,9.3896,0.1647298245614035
FDR-514,Srinagar to Loolpora,Regional_District,50,47.5,57.0,163.0,17.3921,0.30512456140350874
FDR-384,Srinagar to Beeru,Regional_District,50,51.666666666666664,61.99999999999999,23.0,2.4541,0.03958225806451613
FDR-565,Srinagar to Dardpora,Regional_District,50,43.333333333333336,52.0,187.0,19.9529,0.3837096153846154
FDR-038,Srinagar to Ratnipora,Regional_District,50,43.333333333333336,52.0,49.0,5.2283,0.10054423076923077
FDR-437,Srinagar to Ratsun,Regional_District,50,43.333333333333336,52.0,40.0,4.268,0.08207692307692308
FDR-487,Srinagar to Khag,Regional_District,50,47.5,57.0,56.0,5.9752,0.1048280701754386
FDR-463,Srinagar to Karhama,Regional_District,50,43.333333333333336,52.0,48.0,5.1216,0.09849230769230768
FDR-508,Srinagar to Chewdara,Regional_District,50,43.333333333333336,52.0,42.0,4.4814,0.08618076923076923
FDR-464,Srinagar to Badrun,Regional_District,50,43.333333333333336,52.0,48.0,5.1216,0.09849230769230768
FDR-439,Srinagar to Tangmarg,Regional_District,50,47.5,57.0,86.0,9.1762,0.1609859649122807
FDR-570,Srinagar to Khoor,Regional_District,50,43.333333333333336,52.0,179.0,19.0993,0.36729423076923073
FDR-551,Srinagar to Handwara,Regional_District,50,43.333333333333336,52.0,118.0,12.5906,0.24212692307692307
FDR-563,Srinagar to Trehgam KUP,Regional_District,50,45.714285714285715,54.857142857142854,160.0,17.072,0.3112083333333333
FDR-562,Srinagar to Chowkibal,Regional_District,50,45.0,54.0,156.0,16.6452,0.30824444444444443
FDR-509,Srinagar to Hajin,Regional_District,50,47.5,57.0,52.0,5.5484,0.09734035087719298
FDR-486,Srinagar to Safapora Sumbal,Regional_District,50,43.333333333333336,52.0,41.0,4.3747,0.08412884615384615
FDR-504,Srinagar to Safapora GBL,Regional_District,50,43.333333333333336,52.0,45.0,4.8015,0.09233653846153846
FDR-513,Srinagar to Narwara Budgam,Regional_District,50,43.333333333333336,52.0,42.0,4.4814,0.08618076923076923
FDR-465,Srinagar to Charishreef,Regional_District,50,43.333333333333336,52.0,121.0,12.9107,0.24828269230769232
FDR-519,Srinagar to Pakherpora,Regional_District,50,47.5,57.0,167.0,17.8189,0.3126122807017544
FDR-555,Srinagar to Pasthoon,Regional_District,50,47.5,57.0,115.0,12.2705,0.21527192982456142
FDR-546,Srinagar to Pinglish,Regional_District,50,47.5,57.0,97.0,10.3499,0.18157719298245614
FDR-552,Srinagar to Tral Nowdal,Regional_District,50,47.5,57.0,77.0,8.2159,0.14413859649122807
FDR-007,Srinagar to Qazigund,Regional_District,50,43.333333333333336,52.0,148.0,15.7916,0.3036846153846154
FDR-529,Srinagar to Mirpora Budgam,Regional_District,50,43.333333333333336,52.0,48.0,5.1216,0.09849230769230768
FDR-507,Srinagar to Vijipopra,Regional_District,50,47.5,57.0,50.0,5.335,0.09359649122807018
FDR-553,Srinagar to Kupwara DAY,Regional_District,50,45.714285714285715,54.857142857142854,142.0,15.1514,0.27619739583333336
FDR-541,Srinagar to URI Baramulla,Regional_District,50,43.333333333333336,52.0,140.0,14.938,0.2872692307692308
FDR-571,Srinagar to Tangdar,Regional_District,50,43.333333333333336,52.0,192.0,20.4864,0.39396923076923074
FDR-543,Bandipora to Srinagar,Regional_District,50,45.0,54.0,95.0,10.1365,0.18771296296296297
FDR-003,Bandipora to Soura,Regional_District,35,43.333333333333336,74.28571428571429,2079.0,221.82930000000002,2.986163653846154
FDR-549,Bankoot to Srinagar via Bandipora,Regional_District,50,45.0,54.0,97.0,10.3499,0.19166481481481482
FDR-004,Bandipora to Baramulla,Regional_District,35,45.0,77.14285714285714,3074.0,327.99580000000003,4.251797407407408
FDR-511,Sopore to Srinagar,Regional_District,50,45.0,54.0,76.0,8.1092,0.15017037037037037
FDR-539,Zaloora to Srinagar,Regional_District,50,45.0,54.0,96.0,10.2432,0.18968888888888888
FDR-530,Botingue to Srinagar,Regional_District,50,45.0,54.0,107.0,11.4169,0.21142407407407407
FDR-515,Baramulla to Srinagar,Regional_District,50,45.0,54.0,94.0,10.0298,0.18573703703703703
FDR-592,Kamalkote to Baramulla,Regional_District,35,45.0,77.14285714285714,1206.0,128.6802,1.6680766666666669
FDR-593,Garkote to Baramulla,Urban,35,47.5,81.42857142857143,764.0,81.5188,1.0011080701754385
FDR-521,Fathgath to Srinagar,Regional_District,50,45.0,54.0,92.0,9.8164,0.1817851851851852
FDR-574,Pehilpora to URI via Baramulla,Peri_Urban,35,45.0,77.14285714285714,1449.0,154.6083,2.0041816666666668
FDR-005,Baramula to Kupwra,Regional_District,35,45.0,77.14285714285714,1584.0,169.0128,2.190906666666667
FDR-567,Kupwara to Srinagar,Regional_District,50,42.142857142857146,50.57142857142858,169.0,18.0323,0.35657090395480223
FDR-564,Sogam to Srinagar,Regional_District,50,43.333333333333336,52.0,190.0,20.273,0.3898653846153846
FDR-516,Shopian to Srinagar,Regional_District,50,47.5,57.0,164.0,17.4988,0.30699649122807016
FDR-538,Sedow to Srinagar,Regional_District,50,47.5,57.0,202.0,21.5534,0.3781298245614035
FDR-520,Harman to Srinagar,Regional_District,50,47.5,57.0,164.0,17.4988,0.30699649122807016
FDR-535,Kaprin to Srinagar,Regional_District,50,45.0,54.0,209.0,22.3003,0.4129685185185185
FDR-540,Nehama to Srinagar,Regional_District,50,45.0,54.0,229.0,24.4343,0.452487037037037
FDR-008,Khull Ahmadabad to Srinagar,Regional_District,50,43.333333333333336,52.0,131.0,13.9777,0.2688019230769231
FDR-537,Pariwan to Srinagar,Regional_District,50,45.0,54.0,219.0,23.3673,0.43272777777777777
FDR-010,Kulgam to Srinagar,Regional_District,50,43.333333333333336,52.0,132.0,14.0844,0.27085384615384617
FDR-011,Katrosoo to Srinagar,Regional_District,50,43.333333333333336,52.0,131.0,13.9777,0.2688019230769231
FDR-012,Yaripora to Srinagar,Regional_District,50,45.0,54.0,120.0,12.804,0.2371111111111111
FDR-444,Pulwama to Srinagar,Peri_Urban,35,43.333333333333336,74.28571428571429,157.0,16.7519,0.22550634615384613
FDR-039,Koil to Srinagar,Peri_Urban,35,41.25,70.71428571428571,141.0,15.0447,0.21275333333333335
FDR-505,Wasoora to Srinagar,Peri_Urban,35,45.714285714285715,78.36734693877551,260.0,27.742,0.3539994791666667
FDR-440,Srinagar to Lettar,Peri_Urban,35,43.333333333333336,74.28571428571429,160.0,17.072,0.2298153846153846
FDR-506,Heff to Srinagar,Regional_District,50,47.5,57.0,142.0,15.1514,0.26581403508771934
FDR-531,Srinagar to Keller,Regional_District,50,45.0,54.0,163.0,17.3921,0.32207592592592593
FDR-532,Sangerwani to Srinagar,Regional_District,50,47.5,57.0,177.0,18.8859,0.3313315789473684
FDR-013,Anantnagh to Srinagar,Regional_District,50,45.0,54.0,136.0,14.5112,0.2687259259259259
FDR-006,Phalgam to Anantnagh,Peri_Urban,35,45.714285714285715,78.36734693877551,1899.0,202.6233,2.585557734375
FDR-023,Mawan to Srinagar,Regional_District,50,45.0,54.0,120.0,12.804,0.2371111111111111
FDR-024,Devsur to Srinagar,Regional_District,50,45.0,54.0,122.0,13.0174,0.24106296296296298
FDR-025,Lammer to Anantnagh,Urban,35,47.5,81.42857142857143,943.0,100.6181,1.2356608771929825
FDR-028,Shangus to Srinagar,Regional_District,50,43.333333333333336,52.0,292.0,31.1564,0.5991615384615385
FDR-029,Uttersoo to Srinagar,Regional_District,50,43.333333333333336,52.0,259.0,27.6353,0.5314480769230769
FDR-035,Anantnagh to Shopian,Regional_District,35,45.0,77.14285714285714,2521.0,268.9907,3.4869164814814817
FDR-435,Srinagar to NEW Khanda,Urban,35,35.0,60.0,157.0,16.7519,0.2791983333333333
FDR-596,Srinagar to By Pass,Urban,20,35.0,105.0,25.0,2.6675,0.025404761904761906
FDR-476,Srinagar to Khrew,Urban,35,35.0,60.0,109.0,11.6303,0.19383833333333333
FDR-093,Srinagar to Railway,Urban,20,35.0,105.0,94.0,10.0298,0.09552190476190477
FDR-123,Srinagar to Bypass,Urban,20,35.0,105.0,52.0,5.5484,0.052841904761904764
FDR-144,Srinagar to Gulabagh,Urban,35,35.0,60.0,128.0,13.6576,0.22762666666666667
FDR-040,Srinagar to Ratnipura,Urban,35,35.0,60.0,119.0,12.6973,0.21162166666666668
FDR-052,Srinagar to Buchpora,Urban,20,35.0,105.0,134.0,14.2978,0.13616952380952382
FDR-370,Srinagar to Pampore,Urban,35,35.0,60.0,57.0,6.0819,0.101365
FDR-479,Srinagar to Budgam,Urban,35,35.0,60.0,67.0,7.1489,0.11914833333333334
FDR-517,Srinagar to Gund,Peri_Urban,35,35.0,60.0,570.0,60.819,1.01365
FDR-326,Srinagar to Chadoora,Urban,35,35.0,60.0,150.0,16.005,0.26675
FDR-036,Srinagar to Bugam,Peri_Urban,35,35.0,60.0,209.0,22.3003,0.3716716666666667
FDR-597,Srinagar to Rasoo,Urban,20,35.0,105.0,70.0,7.469,0.07113333333333334
FDR-599,Srinagar to Harwan,Urban,35,35.0,60.0,483.0,51.536100000000005,0.8589350000000001
FDR-288,Srinagar to Ganderbal,Urban,35,35.0,60.0,146.0,15.5782,0.2596366666666667
FDR-602,TRC Srinagar to Airport,Urban,35,35.0,60.0,133.0,14.1911,0.23651833333333333
SSCL-01,Parimpora to Harwan via Brein Nishat,Peri_Urban,15,35.0,140.0,555.0,59.2185,0.4229892857142857
SSCL-02,Batamaloo to Nasrullah Pora via Jehangir Chowk Rambagh Hyderpora,Urban,15,35.0,140.0,300.0,32.01,0.22864285714285712
SSCL-03,Batamaloo to Hazratbal via Khanyar,Urban,15,35.0,140.0,150.0,16.005,0.11432142857142856
SSCL-04,Batamaloo to Chadoora Chowk via Jehangir Chowk,Urban,15,35.0,140.0,400.0,42.68,0.3048571428571429
SSCL-05,LD Hospital to Pandach via Jehangir Chowk Dalgate Khanyar,Urban,15,35.0,140.0,452.0,48.2284,0.3444885714285714
SSCL-06,Pantha Chowk to Narbal Crossing via Sonwar Jehangir Chowk Qamarwari,Peri_Urban,15,46.111111111111114,184.44444444444446,339.0,36.1713,0.1961094578313253
SSCL-07,Batamaloo to Drussu Pulwama via Marwal,Peri_Urban,15,46.53846153846154,186.15384615384616,1916.0,204.43720000000002,1.0982163636363638
SSCL-08,Batamaloo to Budgam Railway Station via Khumeni Chowk,Peri_Urban,15,35.0,140.0,530.0,56.551,0.4039357142857143
SSCL-09,Parimpora to Naseem Bagh via Noorbagh Gojwara Mill Stop,Peri_Urban,15,35.0,140.0,210.0,22.407,0.16005
SSCL-10,Pantha Chowk to Agri Kalan Kanihama via Bypass,Peri_Urban,15,47.5,190.0,414.0,44.1738,0.23249368421052632
SSCL-11,Old City Loop Downtown Srinagar,Urban,15,35.0,140.0,141.0,15.0447,0.10746214285714287
SSCL-12,Rangreth to District Court Srinagar via Barzulla Jehangir Chowk,Urban,15,35.0,140.0,410.0,43.747,0.31247857142857144
SSCL-13,Batamaloo to Beehama Ganderbal via Hazratbal Zakura,Peri_Urban,15,35.0,140.0,698.0,74.4766,0.5319757142857143
SSCL-14,TRC to Central University Ganderbal via Karan Nagar Zoonimar 90ft Road,Peri_Urban,15,35.0,140.0,1299.0,138.6033,0.9900235714285713
SSCL-15,TRC to Pulwama via Nowgam Kaanipora,Peri_Urban,15,35.0,140.0,436.0,46.5212,0.3322942857142857
SSCL-16,Batamaloo Circular via Khonmoh,Urban,15,35.0,140.0,413.0,44.0671,0.314765
SSCL-17,Batamaloo to Womens College Batpora via Rainawari,Urban,15,35.0,140.0,278.0,29.6626,0.2118757142857143
SSCL-18,Jkpdc Jehangir Chowk to Wadwan,Peri_Urban,15,35.0,140.0,83.0,8.8561,0.06325785714285714
SSCL-19,Pantha Chowk to Sumbal,Peri_Urban,15,47.5,190.0,683.0,72.87610000000001,0.3835584210526316
SSCL-20,Pantha Chowk to Safapora,Regional_District,15,46.666666666666664,186.66666666666666,875.0,93.3625,0.50015625
SSCL-21,Batamaloo to Arath,Urban,15,35.0,140.0,850.0,90.69500000000001,0.6478214285714287
SSCL-22,Batamaloo to Khrew Bus Stand,Peri_Urban,15,35.0,140.0,390.0,41.613,0.29723571428571427
SSCL-23,Batamaloo to Charesharief via Chadoora,Peri_Urban,15,35.0,140.0,3046.0,325.0082,2.321487142857143
SSCL-24,Pantha Chowk to Palhalan via Sangrama Sopore,Peri_Urban,15,46.666666666666664,186.66666666666666,543.0,57.9381,0.3103826785714286
SSCL-25,Batamaloo to Dadsara Tral via Awantipora,Regional_District,15,35.0,140.0,1012.0,107.9804,0.7712885714285714
SSCL-26,Batamaloo to Kangan via Hazratbal Manigam,Regional_District,15,35.0,140.0,1138.0,121.4246,0.8673185714285714
SSCL-27,Batamaloo to Manigam,Regional_District,15,35.0,140.0,1107.0,118.1169,0.8436921428571429
SSCL-28,Batamaloo to Pinglena Pampore via Galandar,Peri_Urban,15,47.5,190.0,454.0,48.4418,0.25495684210526315
SSCL-29,Pantha Chowk to Panzinara,Urban,15,35.0,140.0,731.0,77.99770000000001,0.5571264285714287
SSCL-30,Batamaloo to Dc Office Budgam,Peri_Urban,15,35.0,140.0,530.0,56.551,0.4039357142857143
