parameter,label,value,is_baseline,tier_agreement,tier_kappa,n_tier_changed,coverage_share,fleet_cap_on,fleet_cap_off,n_at_cap,pairs_overlap_only,pairs_engine_rule,routes_in_engine_rule_pairs
WALK_CATCHMENT_M,Walk catchment radius (m),300.0,False,0.9946236559139785,0.9906466861108317,1.0,0.20276556692557757,,,,,,
WALK_CATCHMENT_M,Walk catchment radius (m),362.5,False,0.9946236559139785,0.9906466861108317,1.0,0.22722390630823103,,,,,,
WALK_CATCHMENT_M,Walk catchment radius (m),400.0,True,1.0,1.0,0.0,0.24189890993782312,,,,,,
WALK_CATCHMENT_M,Walk catchment radius (m),425.0,False,1.0,1.0,0.0,0.24994417034359026,,,,,,
WALK_CATCHMENT_M,Walk catchment radius (m),487.5,False,1.0,1.0,0.0,0.2700573213580081,,,,,,
WALK_CATCHMENT_M,Walk catchment radius (m),550.0,False,0.9946236559139785,0.9906466861108317,1.0,0.2877116515372917,,,,,,
WALK_CATCHMENT_M,Walk catchment radius (m),612.5,False,0.9946236559139785,0.9906466861108317,1.0,0.30405982450466695,,,,,,
WALK_CATCHMENT_M,Walk catchment radius (m),675.0,False,0.9946236559139785,0.9906466861108317,1.0,0.3176421894595431,,,,,,
WALK_CATCHMENT_M,Walk catchment radius (m),737.5,False,0.9838709677419355,0.9719287654693631,3.0,0.3312245544144192,,,,,,
WALK_CATCHMENT_M,Walk catchment radius (m),800.0,False,0.9838709677419355,0.9719287654693631,3.0,0.34480691936929536,,,,,,
VIRTUAL_STOP_SPACING_M,Catchment sampling interval (m),150.0,False,0.9838709677419355,0.9721278721278721,3.0,0.24869099293186298,,,,,,
VIRTUAL_STOP_SPACING_M,Catchment sampling interval (m),181.25,False,0.9838709677419355,0.9721278721278721,3.0,0.24656846699622553,,,,,,
VIRTUAL_STOP_SPACING_M,Catchment sampling interval (m),212.5,False,0.9946236559139785,0.9906466861108317,1.0,0.24444594106058806,,,,,,
VIRTUAL_STOP_SPACING_M,Catchment sampling interval (m),243.75,False,1.0,1.0,0.0,0.24232341512495062,,,,,,
VIRTUAL_STOP_SPACING_M,Catchment sampling interval (m),250.0,True,1.0,1.0,0.0,0.24189890993782312,,,,,,
VIRTUAL_STOP_SPACING_M,Catchment sampling interval (m),275.0,False,0.9946236559139785,0.9906466861108317,1.0,0.2404225088165677,,,,,,
VIRTUAL_STOP_SPACING_M,Catchment sampling interval (m),306.25,False,0.9946236559139785,0.9906466861108317,1.0,0.23857700741499843,,,,,,
VIRTUAL_STOP_SPACING_M,Catchment sampling interval (m),337.5,False,0.989247311827957,0.981356187039543,2.0,0.23673150601342918,,,,,,
VIRTUAL_STOP_SPACING_M,Catchment sampling interval (m),368.75,False,0.989247311827957,0.981356187039543,2.0,0.23488600461185993,,,,,,
VIRTUAL_STOP_SPACING_M,Catchment sampling interval (m),400.0,False,0.989247311827957,0.981356187039543,2.0,0.23304050321029066,,,,,,
STOP_SPACING_M,Assumed stop spacing for dwell (m),300.0,False,,,,,1016.0,1922.0,179.0,,,
STOP_SPACING_M,Assumed stop spacing for dwell (m),362.5,False,,,,,1015.0,1805.0,174.0,,,
STOP_SPACING_M,Assumed stop spacing for dwell (m),425.0,False,,,,,1012.0,1715.0,172.0,,,
STOP_SPACING_M,Assumed stop spacing for dwell (m),487.5,False,,,,,1011.0,1659.0,171.0,,,
STOP_SPACING_M,Assumed stop spacing for dwell (m),500.0,True,,,,,1011.0,1648.0,169.0,,,
STOP_SPACING_M,Assumed stop spacing for dwell (m),550.0,False,,,,,1010.0,1611.0,167.0,,,
STOP_SPACING_M,Assumed stop spacing for dwell (m),612.5,False,,,,,1010.0,1572.0,163.0,,,
STOP_SPACING_M,Assumed stop spacing for dwell (m),675.0,False,,,,,1009.0,1553.0,160.0,,,
STOP_SPACING_M,Assumed stop spacing for dwell (m),737.5,False,,,,,1002.0,1520.0,159.0,,,
STOP_SPACING_M,Assumed stop spacing for dwell (m),800.0,False,,,,,1001.0,1497.0,159.0,,,
CDI_POP_WEIGHT,Composite weight on population,0.2,False,0.956989247311828,0.9238290248272333,8.0,,,,,,,
CDI_POP_WEIGHT,Composite weight on population,0.275,False,0.9731182795698925,0.9528779894608838,5.0,,,,,,,
CDI_POP_WEIGHT,Composite weight on population,0.35000000000000003,False,0.9946236559139785,0.9906131718395156,1.0,,,,,,,
CDI_POP_WEIGHT,Composite weight on population,0.42500000000000004,False,1.0,1.0,0.0,,,,,,,
CDI_POP_WEIGHT,Composite weight on population,0.5,True,1.0,1.0,0.0,,,,,,,
CDI_POP_WEIGHT,Composite weight on population,0.5750000000000001,False,0.9946236559139785,0.9906466861108317,1.0,,,,,,,
CDI_POP_WEIGHT,Composite weight on population,0.6500000000000001,False,0.9731182795698925,0.9535650089874177,5.0,,,,,,,
CDI_POP_WEIGHT,Composite weight on population,0.7250000000000001,False,0.967741935483871,0.9442668797443069,6.0,,,,,,,
CDI_POP_WEIGHT,Composite weight on population,0.8,False,0.9032258064516129,0.8363476390654022,18.0,,,,,,,
POI_TIER2_WEIGHT,Tier-2 opportunity weight,0.2,False,1.0,1.0,0.0,,,,,,,
POI_TIER2_WEIGHT,Tier-2 opportunity weight,0.25,False,1.0,1.0,0.0,,,,,,,
POI_TIER2_WEIGHT,Tier-2 opportunity weight,0.3,False,1.0,1.0,0.0,,,,,,,
POI_TIER2_WEIGHT,Tier-2 opportunity weight,0.35,False,1.0,1.0,0.0,,,,,,,
POI_TIER2_WEIGHT,Tier-2 opportunity weight,0.4,True,1.0,1.0,0.0,,,,,,,
POI_TIER2_WEIGHT,Tier-2 opportunity weight,0.44999999999999996,False,1.0,1.0,0.0,,,,,,,
POI_TIER2_WEIGHT,Tier-2 opportunity weight,0.5,False,1.0,1.0,0.0,,,,,,,
POI_TIER2_WEIGHT,Tier-2 opportunity weight,0.55,False,1.0,1.0,0.0,,,,,,,
POI_TIER2_WEIGHT,Tier-2 opportunity weight,0.6,False,1.0,1.0,0.0,,,,,,,
POI_TIER3_WEIGHT,Tier-3 (seasonal) opportunity weight,0.3,False,0.9946236559139785,0.9906429218231211,1.0,,,,,,,
POI_TIER3_WEIGHT,Tier-3 (seasonal) opportunity weight,0.375,False,0.9946236559139785,0.9906429218231211,1.0,,,,,,,
POI_TIER3_WEIGHT,Tier-3 (seasonal) opportunity weight,0.45,False,1.0,1.0,0.0,,,,,,,
POI_TIER3_WEIGHT,Tier-3 (seasonal) opportunity weight,0.525,False,1.0,1.0,0.0,,,,,,,
POI_TIER3_WEIGHT,Tier-3 (seasonal) opportunity weight,0.6,True,1.0,1.0,0.0,,,,,,,
POI_TIER3_WEIGHT,Tier-3 (seasonal) opportunity weight,0.6000000000000001,True,1.0,1.0,0.0,,,,,,,
POI_TIER3_WEIGHT,Tier-3 (seasonal) opportunity weight,0.675,False,1.0,1.0,0.0,,,,,,,
POI_TIER3_WEIGHT,Tier-3 (seasonal) opportunity weight,0.75,False,1.0,1.0,0.0,,,,,,,
POI_TIER3_WEIGHT,Tier-3 (seasonal) opportunity weight,0.8250000000000002,False,1.0,1.0,0.0,,,,,,,
POI_TIER3_WEIGHT,Tier-3 (seasonal) opportunity weight,0.9,False,1.0,1.0,0.0,,,,,,,
TOURIST_POPULATION_MULTIPLIER,Tourist-corridor catchment boost,1.0,False,1.0,1.0,0.0,,,,,,,
TOURIST_POPULATION_MULTIPLIER,Tourist-corridor catchment boost,1.1,False,1.0,1.0,0.0,,,,,,,
TOURIST_POPULATION_MULTIPLIER,Tourist-corridor catchment boost,1.2,False,1.0,1.0,0.0,,,,,,,
TOURIST_POPULATION_MULTIPLIER,Tourist-corridor catchment boost,1.3,True,1.0,1.0,0.0,,,,,,,
TOURIST_POPULATION_MULTIPLIER,Tourist-corridor catchment boost,1.4,False,1.0,1.0,0.0,,,,,,,
TOURIST_POPULATION_MULTIPLIER,Tourist-corridor catchment boost,1.5,False,1.0,1.0,0.0,,,,,,,
TOURIST_POPULATION_MULTIPLIER,Tourist-corridor catchment boost,1.6,False,1.0,1.0,0.0,,,,,,,
TOURIST_POPULATION_MULTIPLIER,Tourist-corridor catchment boost,1.7000000000000002,False,1.0,1.0,0.0,,,,,,,
TOURIST_POPULATION_MULTIPLIER,Tourist-corridor catchment boost,1.8,False,1.0,1.0,0.0,,,,,,,
CONGESTION_CITY_CORE,City-core congestion multiplier,1.6,False,,,,,1003.0,1408.0,151.0,,,
CONGESTION_CITY_CORE,City-core congestion multiplier,1.75,False,,,,,1004.0,1475.0,157.0,,,
CONGESTION_CITY_CORE,City-core congestion multiplier,1.9,False,,,,,1009.0,1523.0,161.0,,,
CONGESTION_CITY_CORE,City-core congestion multiplier,2.05,False,,,,,1010.0,1585.0,165.0,,,
CONGESTION_CITY_CORE,City-core congestion multiplier,2.2,True,,,,,1011.0,1648.0,169.0,,,
CONGESTION_CITY_CORE,City-core congestion multiplier,2.3499999999999996,False,,,,,1012.0,1710.0,170.0,,,
CONGESTION_CITY_CORE,City-core congestion multiplier,2.5,False,,,,,1013.0,1770.0,172.0,,,
CONGESTION_CITY_CORE,City-core congestion multiplier,2.65,False,,,,,1014.0,1839.0,174.0,,,
CONGESTION_CITY_CORE,City-core congestion multiplier,2.8,False,,,,,1014.0,1903.0,176.0,,,
STOP_PENALTY_MIN,Dwell penalty per stop (min),0.3,False,,,,,999.0,1488.0,159.0,,,
STOP_PENALTY_MIN,Dwell penalty per stop (min),0.44999999999999996,False,,,,,1010.0,1606.0,167.0,,,
STOP_PENALTY_MIN,Dwell penalty per stop (min),0.5,True,,,,,1011.0,1648.0,169.0,,,
STOP_PENALTY_MIN,Dwell penalty per stop (min),0.6,False,,,,,1012.0,1723.0,173.0,,,
STOP_PENALTY_MIN,Dwell penalty per stop (min),0.75,False,,,,,1016.0,1852.0,177.0,,,
STOP_PENALTY_MIN,Dwell penalty per stop (min),0.8999999999999999,False,,,,,1016.0,1962.0,179.0,,,
STOP_PENALTY_MIN,Dwell penalty per stop (min),1.05,False,,,,,1016.0,2084.0,181.0,,,
STOP_PENALTY_MIN,Dwell penalty per stop (min),1.2,False,,,,,1016.0,2212.0,181.0,,,
STOP_PENALTY_MIN,Dwell penalty per stop (min),1.35,False,,,,,1016.0,2329.0,181.0,,,
STOP_PENALTY_MIN,Dwell penalty per stop (min),1.5,False,,,,,1016.0,2444.0,181.0,,,
FLEET_SPARE_RATIO,Fleet spare ratio,1.05,False,,,,,985.0,1546.0,169.0,,,
FLEET_SPARE_RATIO,Fleet spare ratio,1.075,False,,,,,985.0,1564.0,169.0,,,
FLEET_SPARE_RATIO,Fleet spare ratio,1.1,False,,,,,990.0,1576.0,169.0,,,
FLEET_SPARE_RATIO,Fleet spare ratio,1.125,False,,,,,998.0,1605.0,169.0,,,
FLEET_SPARE_RATIO,Fleet spare ratio,1.15,True,,,,,1011.0,1648.0,169.0,,,
FLEET_SPARE_RATIO,Fleet spare ratio,1.175,False,,,,,1031.0,1691.0,169.0,,,
FLEET_SPARE_RATIO,Fleet spare ratio,1.2,False,,,,,1032.0,1699.0,169.0,,,
FLEET_SPARE_RATIO,Fleet spare ratio,1.225,False,,,,,1057.0,1761.0,169.0,,,
FLEET_SPARE_RATIO,Fleet spare ratio,1.25,False,,,,,1059.0,1772.0,169.0,,,
OVERLAP_THRESHOLD,Corridor consolidation threshold θ,0.5,False,,,,,,,,955.0,354.0,118.0
OVERLAP_THRESHOLD,Corridor consolidation threshold θ,0.55,False,,,,,,,,806.0,263.0,114.0
OVERLAP_THRESHOLD,Corridor consolidation threshold θ,0.6,False,,,,,,,,679.0,227.0,111.0
OVERLAP_THRESHOLD,Corridor consolidation threshold θ,0.65,True,,,,,,,,614.0,207.0,110.0
OVERLAP_THRESHOLD,Corridor consolidation threshold θ,0.7,False,,,,,,,,510.0,193.0,107.0
OVERLAP_THRESHOLD,Corridor consolidation threshold θ,0.75,False,,,,,,,,407.0,165.0,102.0
OVERLAP_THRESHOLD,Corridor consolidation threshold θ,0.8,False,,,,,,,,291.0,130.0,99.0
OVERLAP_THRESHOLD,Corridor consolidation threshold θ,0.8500000000000001,False,,,,,,,,246.0,120.0,91.0
OVERLAP_THRESHOLD,Corridor consolidation threshold θ,0.9,False,,,,,,,,183.0,90.0,84.0
