origin_stop,dest_stop,origin_code,dest_code,n_suppressed_permits,n_register_rows_same_od,baseline_cycle_min,successors,plan_transfers_geometry,plan_wait_geometry_min,plan_headway_leg1_min,plan_headway_leg2_min,plan_transfers_named,plan_wait_named_min,breakeven_duty_factor,plan_wait_worse_at_observed_duty
Anantnag,Mawan,AN-01-01,AN-01-02,3,4,31.3,FDR-025,0,17.5,35.0,,0,17.5,0.4471,False
Anantnag,Srinagar,AN-01-01,SR-02-39,9,10,177.9,FDR-013,0,25.0,50.0,,0,25.0,0.7116,False
Mawan,Srinagar,AN-01-02,SR-02-39,4,5,168.3,FDR-023,0,25.0,50.0,,0,25.0,1.3464,False
Pandach,Sora,SR-01-08,SR-01-09,2,3,74.7,FDR-333,0,7.5,15.0,,0,7.5,3.32,False
Pandach,Lalchowk,SR-01-08,SR-02-23,4,5,111.7,FDR-088,0,10.0,20.0,,0,10.0,2.234,False
Sora,Chanapora,SR-01-09,SR-02-11,1,2,96.85,FDR-078,0,10.0,20.0,,0,10.0,4.8425,False
Sora,Jehangir Chowk,SR-01-09,SR-02-20,18,19,76.61,FDR-122,0,10.0,20.0,,0,10.0,0.4032,False
Sora,LD,SR-01-09,SR-02-22,23,24,82.92,FDR-059,0,7.5,15.0,,0,7.5,0.4607,False
Sora,Lalchowk,SR-01-09,SR-02-23,1,2,88.4,FDR-050,0,10.0,20.0,,0,10.0,4.42,False
Sora,Parimpora,SR-01-09,SR-02-29,5,6,100.28,FDR-173,0,17.5,35.0,,0,17.5,0.955,False
Sora,SMHS,SR-01-09,SR-02-36,2,3,95.8,FDR-098,0,7.5,15.0,,0,7.5,4.2578,False
Baghat Shora,Lalchowk,SR-02-02,SR-02-23,3,4,87.0,FDR-265,0,17.5,35.0,,0,17.5,1.2429,False
Batamaalo,Panthachok,SR-02-04,SR-02-27,25,26,95.0,FDR-407,0,17.5,35.0,,0,17.5,0.2088,True
Bemina,Jehangir Chowk,SR-02-08,SR-02-20,11,12,52.4,FDR-176,0,10.0,20.0,,0,10.0,0.4367,False
Bypass,Saidakadal,SR-02-10,SR-02-38,1,2,83.1,FDR-108,0,10.0,20.0,,0,10.0,4.155,False
Bypass,Srinagar,SR-02-10,SR-02-39,5,6,66.7,FDR-123,0,10.0,20.0,,0,10.0,1.1117,False
Dalgate,Qamarwari,SR-02-13,SR-02-30,6,7,73.14,FDR-117,0,10.0,20.0,,0,10.0,1.0449,False
HMT,Jehangir Chowk,SR-02-16,SR-02-20,16,17,82.24,FDR-275,0,17.5,35.0,,0,17.5,0.2764,False
Humhama,Parimpora,SR-02-17,SR-02-29,7,8,84.9,FDR-191,0,17.5,35.0,,0,17.5,0.6064,False
JVC,Jehangir Chowk,SR-02-18,SR-02-20,10,11,63.91,FDR-269,0,10.0,20.0,,0,10.0,0.581,False
Jawahirnagar,Parimpora,SR-02-19,SR-02-29,6,7,101.1,FDR-151,0,7.5,15.0,,0,7.5,1.9257,False
Jehangir Chowk,Lawaypora,SR-02-20,SR-02-24,2,3,113.7,FDR-394,0,17.5,35.0,,0,17.5,2.1657,False
Jehangir Chowk,Panzinara,SR-02-20,SR-02-28,2,3,71.67,FDR-401,0,25.0,50.0,,0,17.5,0.9556,False
Jehangir Chowk,Safakadal,SR-02-20,SR-02-37,16,17,27.44,FDR-575,0,10.0,20.0,,0,10.0,0.1614,True
LD,Panthachok,SR-02-22,SR-02-27,4,5,105.36,FDR-335,0,17.5,35.0,,0,17.5,1.2041,False
LD,Parimpora,SR-02-22,SR-02-29,7,8,81.56,FDR-201,0,17.5,35.0,,0,17.5,0.5826,False
Panthachok,Parimpora,SR-02-27,SR-02-29,28,29,107.9,FDR-289,0,17.5,35.0,,0,17.5,0.2126,True
Parimpora,Qamarwari,SR-02-29,SR-02-30,4,5,84.16,FDR-406,0,17.5,35.0,,0,17.5,0.9618,False
Parimpora,Rangrath,SR-02-29,SR-02-32,6,7,99.1,FDR-446,0,17.5,35.0,,0,17.5,0.809,False
Parimpora,Rawalpora,SR-02-29,SR-02-35,4,5,101.02,FDR-338,0,17.5,35.0,,0,17.5,1.1545,False
Parimpora,Saidakadal,SR-02-29,SR-02-38,3,4,104.33,FDR-106,0,10.0,20.0,,0,10.0,2.6082,False
Railway,Srinagar,SR-02-31,SR-02-39,2,3,55.3,FDR-093,0,10.0,20.0,,0,10.0,1.8433,False
Rasoo,Srinagar,SR-02-34,SR-02-39,1,2,33.4,FDR-597,0,10.0,20.0,,0,10.0,1.67,False
SMHS,Safakadal,SR-02-36,SR-02-37,4,5,42.48,FDR-132,0,10.0,20.0,,0,10.0,0.8496,False
Chadora,Parimpora,BG-03-01,SR-02-29,5,6,125.38,FDR-429,1,15.0,15.0,15.0,0,17.5,1.3931,False
Chadora,Srinagar,BG-03-01,SR-02-39,2,3,128.8,FDR-326,0,17.5,35.0,,0,17.5,2.4533,False
Pakherpora,Srinagar,BG-04-03,SR-02-39,1,2,126.1,FDR-519,0,25.0,50.0,,0,25.0,2.522,False
Arin,Srinagar,BP-01-01,SR-02-39,2,3,174.57,FDR-549,0,25.0,50.0,,0,25.0,2.3276,False
Bandipora,Srinagar,BP-01-02,SR-02-39,2,3,175.8,FDR-543,0,25.0,50.0,,0,25.0,2.344,False
Baramula,Ijara,BR-01-01,BR-01-02,2,3,23.7,FDR-593,0,17.5,35.0,,0,17.5,0.4514,False
Ijara,Srinagar,BR-01-02,SR-02-39,2,3,169.5,FDR-521,0,25.0,50.0,,0,25.0,2.26,False
URI,Srinagar,BR-02-02,SR-02-39,1,2,267.65,FDR-541,0,25.0,50.0,,0,25.0,5.353,False
Sopore,Srinagar,BR-06-02,SR-02-39,1,2,150.1,FDR-511,0,25.0,50.0,,0,25.0,3.002,False
Ganderbal,Sora,GB-01-03,SR-01-09,4,5,83.12,FDR-481,0,17.5,35.0,,0,17.5,0.9499,False
Gund,Srinagar,GB-02-01,SR-02-39,1,2,287.1,FDR-517,0,17.5,35.0,,0,17.5,8.2029,False
Bugam,Srinagar,KG-03-01,SR-02-39,1,2,312.8,FDR-036,0,17.5,35.0,,0,17.5,8.9371,False
Dhpora,Srinagar,KG-03-02,SR-02-39,1,3,200.7,FDR-008,0,25.0,50.0,,0,25.0,2.676,False
Kupwra,Srinagar,KW-03-04,SR-02-39,1,2,264.4,FDR-553,0,25.0,50.0,,0,25.0,5.288,False
Beeru,Srinagar,BG-01-02,SR-02-39,9,10,48.72,FDR-384,0,17.5,35.0,,0,17.5,0.2784,False
Khrew,Srinagar,PW-02-01,SR-02-39,2,3,156.8,FDR-476,0,17.5,35.0,,0,17.5,2.9867,False
Pampore,LD,PW-02-02,SR-02-22,21,22,79.3,FDR-341,0,17.5,35.0,,0,17.5,0.206,True
Pampore,Parimpora,PW-02-02,SR-02-29,3,4,119.1,FDR-320,0,17.5,35.0,,0,17.5,1.7014,False
Pampore,Srinagar,PW-02-02,SR-02-39,13,14,82.97,FDR-370,0,17.5,35.0,,0,17.5,0.3387,False
Lettar,Srinagar,PW-03-03,SR-02-39,2,3,141.63,FDR-440,0,17.5,35.0,,0,17.5,2.6977,False
NEW Khanda,Srinagar,PW-03-04,SR-02-39,1,2,157.5,FDR-435,0,17.5,35.0,,0,17.5,4.5,False
Pulwama,Srinagar,PW-03-05,SR-02-39,1,2,140.2,FDR-444,0,17.5,35.0,,0,17.5,4.0057,False
Ratnipura,Srinagar,PW-03-07,SR-02-39,1,2,179.1,FDR-040,0,17.5,35.0,,0,17.5,5.1171,False
Keller,Srinagar,SP-01-04,SR-02-39,2,3,150.9,FDR-531,0,25.0,50.0,,0,25.0,2.012,False
Gulabagh,Srinagar,SR-01-02,SR-02-39,1,2,102.6,FDR-144,0,17.5,35.0,,0,17.5,2.9314,False
Harwan,Srinagar,SR-01-03,SR-02-39,2,3,125.9,FDR-599,0,17.5,35.0,,0,17.5,2.3981,False
Hazratbal,Sora,SR-01-04,SR-01-09,10,11,65.0,TRK-031,0,17.5,35.0,,0,17.5,0.3377,False
Hazratbal,LD,SR-01-04,SR-02-22,41,42,65.67,FDR-147,1,15.0,15.0,15.0,0,17.5,0.1042,True
Hazratbal,Parimpora,SR-01-04,SR-02-29,3,4,73.5,FDR-271,0,7.5,15.0,,0,7.5,2.45,False
Hazratbal,TRC,SR-01-04,SR-02-40,2,3,65.0,FDR-161,0,7.5,15.0,,0,7.5,2.8889,False
Lalbazar,LD,SR-01-05,SR-02-22,9,10,73.01,FDR-068,0,10.0,20.0,,0,10.0,0.7301,False
Lalbazar,Lalchowk,SR-01-05,SR-02-23,5,6,67.5,FDR-081,0,10.0,20.0,,0,10.0,1.125,False
Lalbazar,Parimpora,SR-01-05,SR-02-29,8,9,100.26,FDR-164,0,7.5,15.0,,0,7.5,1.4853,False
Malbagh,LD,SR-01-06,SR-02-22,2,3,84.93,FDR-101,0,10.0,20.0,,0,10.0,2.831,False
