New_Route_ID,Route_Type,pop_net,n_buildings,footprint_m2
FDR-059,Urban,68499.171875,13435,1670085.911360989
FDR-488,Peri_Urban,34842.8984375,7519,1047475.1652226897
FDR-271,Peri_Urban,38395.33984375,6108,903718.8453024079
FDR-429,Peri_Urban,56705.453125,7549,1207194.5206121628
FDR-394,Urban,52067.05078125,8627,1314954.3984156686
FDR-068,Urban,49195.0546875,10609,1264041.468597874
FDR-002,Peri_Urban,45346.77734375,9457,1251562.9910202357
FDR-481,Urban,24172.064453125,4795,614317.2306228211
FDR-081,Urban,60486.4140625,12070,1536275.8628290659
FDR-122,Urban,51557.328125,8372,1241318.0363437363
TRK-031,Urban,30585.583984375,4521,695044.3507208053
FDR-161,Urban,42357.1171875,7510,995959.6712940716
FDR-147,Urban,37234.48046875,6916,885093.4378526325
FDR-262,Peri_Urban,78831.125,13683,1808431.986733515
FDR-101,Urban,62308.3359375,12919,1609427.8628340778
FDR-269,Urban,43303.765625,5997,1018348.9001333787
FDR-173,Urban,65829.5546875,12497,1616363.8069103935
FDR-467,Regional_District,49056.2734375,9561,1351353.364096021
FDR-106,Urban,57507.0625,12154,1439572.9418560367
FDR-275,Urban,48185.49609375,7262,1140146.7566739952
FDR-289,Peri_Urban,82793.203125,11310,1836096.2127980425
FDR-265,Urban,28505.51953125,3336,588782.9145929377
FDR-338,Urban,62455.0859375,8977,1356727.2016052147
FDR-097,Urban,58695.85546875,12354,1486616.221095505
FDR-132,Urban,13622.080078125,2412,334449.6808544405
FDR-455,Peri_Urban,55645.56640625,10409,1440285.4247028793
FDR-098,Urban,71061.15625,12171,1690251.6287147256
FDR-270,Urban,44509.37109375,8983,1093411.1387243879
FDR-575,Urban,23095.1640625,3658,557564.0091175012
FDR-316,Peri_Urban,75704.953125,10232,1650625.936162331
FDR-117,Urban,57323.74609375,13710,1494644.8870908078
FDR-164,Urban,67618.34375,13719,1724996.3729642243
FDR-199,Urban,52227.28125,10474,1254751.9910477223
FDR-446,Peri_Urban,50760.6328125,7135,1126830.1196861952
FDR-108,Urban,67846.15625,12947,1625548.4883326765
FDR-401,Peri_Urban,36390.50390625,7215,954232.4385913911
FDR-407,Peri_Urban,48920.6484375,6925,1033339.7577027417
FDR-219,Urban,36530.8671875,5596,841197.9407254369
FDR-332,Peri_Urban,77300.6015625,9902,1592708.5577297066
FDR-261,Urban,21763.31640625,3098,448159.23007152515
FDR-335,Urban,46780.86328125,7426,1077184.0527679247
FDR-104,Peri_Urban,88329.125,14769,2129232.443838124
FDR-438,Peri_Urban,19347.953125,2240,439842.530470403
FDR-151,Urban,66192.890625,10671,1633172.4480212478
FDR-001,Peri_Urban,72696.1484375,11317,1618137.5858216984
FDR-176,Urban,37730.80078125,6015,948728.0690750696
FDR-078,Urban,85534.6640625,14303,1977791.0796717382
FDR-191,Peri_Urban,82035.9375,11935,1863758.455549966
FDR-341,Peri_Urban,57649.6796875,9510,1357058.472482008
FDR-080,Urban,25486.853515625,2552,574975.3413596941
FDR-160,Urban,34185.09375,6774,808612.5037845053
FDR-201,Urban,38769.3203125,6964,973519.7373711962
FDR-096,Urban,55057.80859375,10681,1319899.4818815945
TRK-032,Urban,42904.99609375,7921,1017524.773452361
FDR-067,Urban,79203.53125,13700,1904536.5921865506
FDR-333,Peri_Urban,26833.8984375,4407,629853.6499676142
FDR-525,Peri_Urban,50465.1171875,10426,1412160.598914272
FDR-320,Peri_Urban,93438.2890625,13397,2116475.2247356973
FDR-105,Peri_Urban,86835.25,15158,2102058.0380799384
FDR-088,Urban,87696.1171875,15606,2105528.703801951
FDR-406,Urban,15924.173828125,2966,411231.01827070763
FDR-190,Urban,54319.4453125,6692,1223525.4570798683
FDR-158,Peri_Urban,70080.421875,13927,1744327.550515035
FDR-050,Urban,61683.6328125,10414,1454521.8317672673
FDR-325,Peri_Urban,73771.71875,10300,1762180.9318754955
FDR-510,Regional_District,84380.2265625,16096,2250854.3290959406
FDR-466,Regional_District,63641.359375,12712,1757045.2382518516
FDR-454,Regional_District,80661.953125,14986,2161981.085745684
FDR-536,Regional_District,66094.1953125,12297,1764072.1412112035
FDR-453,Regional_District,85914.9765625,16412,2319972.310534746
FDR-514,Regional_District,75117.921875,13737,1907798.36099838
FDR-384,Regional_District,63695.6015625,9916,1502499.8984317484
FDR-565,Regional_District,135168.390625,32313,3999728.5319780787
FDR-038,Regional_District,35577.75,6442,917580.3686026942
FDR-437,Regional_District,78018.78125,14024,2061238.0775653431
FDR-487,Regional_District,81401.125,15200,2172535.458376585
FDR-463,Regional_District,79976.4140625,14602,2131477.744656618
FDR-508,Regional_District,62405.1640625,12006,1717484.0154351478
FDR-464,Regional_District,75029.8828125,13961,1998287.415153297
FDR-439,Regional_District,86584.984375,16102,2328075.2838921165
FDR-570,Regional_District,128735.21875,29696,3727736.9751984603
FDR-551,Regional_District,110154.8671875,25100,3209724.019272128
FDR-563,Regional_District,128254.0,29595,3722407.33131025
FDR-562,Regional_District,126872.1484375,29020,3670163.64866212
FDR-509,Regional_District,80591.421875,16983,2124023.8185640792
FDR-486,Regional_District,74374.375,14465,1916668.3099853813
FDR-504,Regional_District,78900.609375,16191,2072248.625135934
FDR-513,Regional_District,61371.765625,11604,1673724.0221085756
FDR-465,Regional_District,74159.0,13197,1933102.5735281147
FDR-519,Regional_District,77771.859375,14357,2061915.0030364166
FDR-555,Regional_District,53815.58203125,10766,1359721.4726049968
FDR-546,Regional_District,52956.55078125,9416,1258498.3688224747
FDR-552,Regional_District,45371.015625,7473,1059482.527240656
FDR-007,Regional_District,52467.2578125,8363,1148985.6295532177
FDR-529,Regional_District,63406.1875,12514,1764134.3002886616
FDR-507,Regional_District,79781.625,16706,2093741.5258813596
FDR-553,Regional_District,123277.546875,27522,3553706.000232415
FDR-541,Regional_District,126685.90625,26295,3552558.531865256
FDR-571,Regional_District,128822.3828125,29739,3729022.80060291
FDR-543,Regional_District,101709.03125,25053,2957567.14558542
FDR-003,Regional_District,69990.84375,18964,2166279.334677988
FDR-549,Regional_District,100705.09375,25110,2944217.386835432
FDR-004,Regional_District,77585.046875,19950,2409729.820317596
FDR-511,Regional_District,107398.3359375,21628,2976770.956115927
FDR-539,Regional_District,107210.2265625,22980,3038125.8280432606
FDR-530,Regional_District,126024.4375,27219,3566226.8725849534
FDR-515,Regional_District,117612.953125,23745,3261079.8286477085
FDR-592,Regional_District,21518.75,5279,661278.6713855403
FDR-593,Urban,10092.5458984375,1598,260858.86100249836
FDR-521,Regional_District,117591.015625,24178,3275490.609426716
FDR-574,Peri_Urban,22284.69140625,4845,646264.0688718775
FDR-005,Regional_District,31318.349609375,9083,1069716.9577361995
FDR-567,Regional_District,126650.2734375,29423,3701856.3439437696
FDR-564,Regional_District,139648.375,31927,4047356.555399806
FDR-516,Regional_District,97632.53125,20871,2920949.1581764347
FDR-538,Regional_District,53988.28125,15407,1909813.3854990914
FDR-520,Regional_District,94226.1171875,20455,2845147.971860668
FDR-535,Regional_District,103818.09375,23275,3213696.6669056583
FDR-540,Regional_District,106697.921875,23988,3284592.781844562
FDR-008,Regional_District,54519.9375,9428,1264797.5793857295
FDR-537,Regional_District,106955.4453125,23855,3284172.389822731
FDR-010,Regional_District,57466.95703125,10212,1339691.9077902206
FDR-011,Regional_District,56749.28125,10530,1338689.275727014
FDR-012,Regional_District,54322.28125,9455,1248695.974873269
FDR-444,Peri_Urban,72692.25,15025,2102654.540221464
FDR-039,Peri_Urban,25151.794921875,7325,886370.1711832366
FDR-505,Peri_Urban,87071.515625,19968,2631094.1123348093
FDR-440,Peri_Urban,74954.2265625,15445,2168053.434097935
FDR-506,Regional_District,90933.671875,20498,2701776.449731618
FDR-531,Regional_District,91075.984375,21051,2789890.7513786023
FDR-532,Regional_District,75981.4140625,14023,1996895.8974212268
FDR-013,Regional_District,71186.0,10279,1521457.6130048998
FDR-006,Peri_Urban,19990.318359375,6391,689703.4127047682
FDR-023,Regional_District,67212.171875,9486,1393463.740946871
FDR-024,Regional_District,52068.8046875,8164,1105084.4539611554
FDR-025,Urban,13157.814453125,2809,383466.0090805142
FDR-028,Regional_District,89672.140625,16954,2198391.539815264
FDR-029,Regional_District,85634.671875,15440,2053031.4868745175
FDR-035,Regional_District,57141.82421875,15146,1789315.1302965677
FDR-435,Urban,66323.7578125,13136,1856832.6312091954
FDR-596,Urban,22174.04296875,2531,538108.5088027625
FDR-476,Urban,45766.203125,8333,1174013.4038484786
FDR-093,Urban,44573.328125,6455,1022834.7291410188
FDR-123,Urban,43810.015625,5211,1004774.9398245249
FDR-144,Urban,76019.40625,14395,1889763.9888756885
FDR-040,Urban,35665.9921875,6465,919113.8480897193
FDR-052,Urban,64886.41796875,12215,1576244.1018011589
FDR-370,Urban,41581.33203125,5824,928723.4043403477
FDR-479,Urban,59053.6015625,9875,1534238.5857094326
FDR-517,Peri_Urban,113633.421875,23456,2929746.291778521
FDR-326,Urban,65942.484375,10448,1563410.952599533
FDR-036,Peri_Urban,49330.96484375,8983,1137764.7565483376
FDR-597,Urban,28325.697265625,5717,698945.0217334904
FDR-599,Urban,32351.130859375,5574,814462.6166827616
FDR-288,Urban,74104.640625,14435,1825692.0699889695
FDR-602,Urban,59225.34375,6830,1166125.0120866713
SSCL-01,Peri_Urban,91747.453125,17706,2328334.753098664
SSCL-02,Urban,23049.4296875,5073,676677.5718822482
SSCL-03,Urban,67829.59375,10275,1565445.2442127091
SSCL-04,Urban,26732.818359375,6186,798133.9396979181
SSCL-05,Urban,68726.6171875,14134,1742597.8754584338
SSCL-06,Peri_Urban,54914.5703125,9321,1374589.3419143872
SSCL-07,Peri_Urban,65751.171875,14028,1900737.830115122
SSCL-08,Peri_Urban,30964.353515625,6968,920294.9754172878
SSCL-09,Peri_Urban,81653.5625,14870,2014435.9326836532
SSCL-10,Peri_Urban,61356.47265625,11238,1578755.2043446298
SSCL-11,Urban,11752.1875,2836,301221.3488406656
SSCL-12,Urban,60689.2421875,9312,1339588.50574653
SSCL-13,Peri_Urban,104111.5625,20313,2674532.458367192
SSCL-14,Peri_Urban,88566.125,18974,2339078.325229228
SSCL-15,Peri_Urban,81123.3046875,17530,2371099.64593582
SSCL-16,Urban,38503.375,4550,740741.1934952876
SSCL-17,Urban,25734.74609375,4154,625298.2742895816
SSCL-18,Peri_Urban,53655.0234375,6605,1164765.1634947297
SSCL-19,Peri_Urban,71368.421875,15365,1900539.234611629
SSCL-20,Regional_District,82739.515625,21781,2434792.726613293
SSCL-21,Urban,33616.1015625,4013,642370.6061911284
SSCL-22,Peri_Urban,47276.015625,6198,960125.5468104891
SSCL-23,Peri_Urban,64704.1640625,12099,1679586.3747199024
SSCL-24,Peri_Urban,71875.3359375,14581,1960916.7577084173
SSCL-25,Regional_District,54607.0390625,8714,1201108.5798348673
SSCL-26,Regional_District,69939.9296875,16188,1910018.8859836778
SSCL-27,Regional_District,55407.796875,13109,1548888.7304658466
SSCL-28,Peri_Urban,54648.89453125,7724,1187690.0953516827
SSCL-29,Urban,38672.703125,6924,944236.6804640732
SSCL-30,Peri_Urban,30964.353515625,6968,920294.9754172878
