corridor,od,permit,route,klass,n_runs,n_drivers,obs_km,eng_km,obs_oneway_min,osrm_drive_min,plan_oneway_min,plan_vs_obs,osrm_vs_obs,route_id,sample_status,route_code,plan_oneway_pub_min,plan_route_km_published,obs_min_per_km,plan_min_per_km,plan_pub_min_per_km,osrm_min_per_km,pace_ratio,pace_pub_ratio,plan_pub_vs_obs,length_ratio
C1,Soura ↔ Maisuma / Lal Chowk (central Srinagar) via Munawar Abad and the old city — the N–S city spine. Busiest corridor in the dataset.,FDR-050,Soura to Lalchowk,matched,211,32,14.4,9.5,75.9,18.8,38.0,0.5,0.25,FDR-050,retimed_in_sample,SRSR01020923,50.4,9.494,5.270833333333334,4.0,5.308615967979777,1.9789473684210528,0.758893280632411,1.0071682468894436,0.6640316205533596,0.6597222222222222
C4,Soura ↔ Nowgam (Srinagar railway station) via Dal Gate / Munawar Abad. A north–south city route.,FDR-262,Soura to Railway Station,matched,93,12,17.8,18.8,85.2,26.8,47.0,0.55,0.31,FDR-262,retimed_in_sample,SRSR01020901,93.3,18.799,4.786516853932584,2.5,4.963029948401511,1.425531914893617,0.5223004694835681,1.0368771488444473,1.0950704225352113,1.0561797752808988
C6,Magarmal Bagh / central Srinagar ↔ Pampore (Pulwama) via Lasjan and Pantha Chowk.,FDR-370,Srinagar to Pampore,matched,79,9,16.9,12.9,78.7,10.8,40.4,0.51,0.14,FDR-370,retimed_in_sample,SRPW02023902,55.6,12.883,4.656804733727811,3.131782945736434,4.315764961577273,0.8372093023255814,0.6725175575977856,0.926765283998169,0.7064803049555273,0.7633136094674557
C7,"Nawa Kadal / Qamarwari (NW Srinagar) ↔ Zoonimar (near Soura, N Srinagar). A NW–N city cross-route.",FDR-270,Soura to Qamarwari,matched,47,11,11.2,9.3,64.3,13.6,37.2,0.58,0.21,FDR-270,retimed_in_sample,SRSR01020930,53.55,9.3,5.741071428571429,4.0,5.758064516129031,1.4623655913978493,0.6967340590979781,1.0029599157176539,0.8328149300155521,0.830357142857143
C8,Magarmal Bagh / Jehangir Chowk ↔ Safa Kadal via Karan Nagar. A short central-Srinagar route.,FDR-575,Safakadal to Jehangir Chowk,matched,40,5,3.5,3.1,26.6,3.6,12.6,0.47,0.14,FDR-575,retimed_in_sample,SRSR02023720,16.3,3.149,7.6000000000000005,4.064516129032258,5.176246427437282,1.1612903225806452,0.5348047538200339,0.6810850562417475,0.6127819548872181,0.8857142857142858
C11,"Zoonimar ↔ Gulab Bagh via Lal Bazar (N/NE Srinagar). Third corridor in the NE-Srinagar local cluster (C2, C9, C11).",SSCL-01,Parimpora to Harwan via Brein Nishat,partial,26,9,11.2,23.2,48.5,36.7,58.1,1.2,0.76,SSCL-01,out_of_sample,SRSR02012903,58.1,23.249,4.330357142857143,2.5043103448275863,2.4990322164394168,1.5818965517241381,0.5783149662282261,0.5770960994664219,1.1979381443298969,2.0714285714285716
C12,Nowhatta (old city) ↔ Karan Nagar (SMHS / Medical College area) via Chotta Bazar / Medical College Road. Short central hospital-access corridor.,SSCL-17,Batamaloo to Womens College Batpora via Rainawari,partial,22,9,5.8,4.5,29.1,7.6,18.1,0.62,0.26,SSCL-17,out_of_sample,SRSR02020541,18.05,4.508,5.017241379310345,4.022222222222222,4.00399290150843,1.6888888888888889,0.8016800305460099,0.79804669514601,0.6202749140893471,0.7758620689655172
C13,"Karan Nagar ↔ Nawa Kadal via Noor Bagh (NW Srinagar, Qamarwari area).",FDR-106,Parimpora to Saidakadal,partial,15,2,5.7,9.0,20.5,14.7,36.0,1.76,0.72,FDR-106,out_of_sample,SRSR02022938,36.0,9.0,3.5964912280701755,4.0,4.0,1.6333333333333333,1.1121951219512194,1.1121951219512194,1.7560975609756098,1.5789473684210527
C15,Rambagh (SW-central Srinagar) ↔ Ellahibagh (NE) via Rainawari — a long cross-city diagonal along the Dal-east side.,SSCL-03,Batamaloo to Hazratbal via Khanyar,partial,7,4,18.3,12.9,83.6,25.0,51.7,0.62,0.3,SSCL-03,out_of_sample,SRSR02010504,51.7,12.926,4.5683060109289615,4.007751937984496,3.999690546185982,1.937984496124031,0.877294981640147,0.8755303468325775,0.618421052631579,0.7049180327868853
C16,"Magarmal Bagh / Jehangir Chowk (central Srinagar) ↔ Narbal (Budgam, on Gulmarg Road) via Qamarwari.",FDR-455,Narbal to Jehangir Chowk,partial,6,2,14.3,17.0,58.5,22.2,42.5,0.73,0.38,FDR-455,out_of_sample,BGSR02020820,42.5,17.0,4.090909090909091,2.5,2.5,1.3058823529411765,0.6111111111111112,0.6111111111111112,0.7264957264957265,1.1888111888111887
C18,Sadrebal ↔ Gulab Bagh via Nowshera (N/NE Srinagar). Part of the NE-Srinagar local cluster.,FDR-144,Srinagar to Gulabagh,partial,5,2,10.3,14.0,53.8,13.0,51.3,0.95,0.24,FDR-144,out_of_sample,SRSR02013902,51.3,14.022,5.223300970873786,3.664285714285714,3.6585365853658534,0.9285714285714286,0.7015268189060011,0.7004261492429051,0.9535315985130112,1.3592233009708736
C2,"Soura ↔ Nowshera via Lal Bazar (NE old-city Srinagar), with an eastern arm toward Nishat/Harwan that partly follows the SSCL Parimpora–Harwan e-bus alignment.",SSCL-01,Parimpora to Harwan via Brein Nishat,partial,150,12,11.5,23.2,52.1,36.7,58.1,1.12,0.7,SSCL-01,out_of_sample,SRSR02012903,58.1,23.249,4.530434782608696,2.5043103448275863,2.4990322164394168,1.5818965517241381,0.5527748361903502,0.5516097982543818,1.1151631477927064,2.017391304347826
C5,"Pampore (Pulwama) ↔ Sonwar Bagh / central Srinagar, via Pantha Chowk. A Pampore–Srinagar corridor on the SE approach.",FDR-370,Srinagar to Pampore,partial,82,11,20.3,12.9,92.2,10.8,40.4,0.44,0.12,FDR-370,same_route_as_retimed,SRPW02023902,55.6,12.883,4.541871921182266,3.131782945736434,4.315764961577273,0.8372093023255814,0.689535724495115,0.9502172312366446,0.6030368763557483,0.6354679802955665
C9,Nowshera ↔ Ellahibagh via Lal Bazar (NE Srinagar). A short local corridor in the same NE cluster as C2.,SSCL-01,Parimpora to Harwan via Brein Nishat,partial,32,7,7.4,23.2,36.2,36.7,58.1,1.6,1.01,SSCL-01,out_of_sample,SRSR02012903,58.1,23.249,4.891891891891892,2.5043103448275863,2.4990322164394168,1.5818965517241381,0.5119308439702801,0.510851889548389,1.6049723756906076,3.135135135135135
