route_id,route_name,route_type,km,observed_cover,status
FDR-059,Soura to LD,Urban,10.099,0.83,OBSERVED
FDR-488,Parimpora to Budgam,Peri_Urban,17.0,0.04,NO_APP_DATA
FDR-271,Parimpora to Hazratbal,Peri_Urban,10.5,0.83,OBSERVED
FDR-429,Parimpora to Chadora,Peri_Urban,18.0,0.04,NO_APP_DATA
FDR-394,Lawaypora to Jehangir Chowk,Urban,14.207,0.77,OBSERVED
FDR-068,Lalbazar to LD,Urban,6.5,0.5,PARTIAL
FDR-002,Soura to Gadoora,Peri_Urban,17.862,0.16,NO_APP_DATA
FDR-481,Soura to Ganderbal,Urban,12.5,0.74,OBSERVED
FDR-081,Lalbazar to Lalchowk,Urban,8.433,0.44,PARTIAL
FDR-122,Jehangir Chowk to Soura,Urban,10.004,0.85,OBSERVED
TRK-031,Soura to Hazratbal,Urban,6.0,0.75,OBSERVED
FDR-161,TRC to Hazratbal,Urban,8.127,1.0,OBSERVED
FDR-147,Hazratbal to LD,Urban,6.5,0.65,OBSERVED
FDR-262,Soura to Railway Station,Peri_Urban,18.799,0.98,OBSERVED
FDR-101,Malbagh to LD,Urban,9.0,0.56,OBSERVED
FDR-269,Jehangir Chowk to JVC,Urban,4.5,0.48,PARTIAL
FDR-173,Soura to Parimpora,Urban,12.314,0.8,OBSERVED
FDR-467,Jehangir Chowk to Budgam,Regional_District,11.5,0.16,NO_APP_DATA
FDR-106,Parimpora to Saidakadal,Urban,9.0,0.69,OBSERVED
FDR-275,Jehangir Chowk to HMT,Urban,10.311,0.9,OBSERVED
FDR-289,Parimpora to Pantha Chowk,Peri_Urban,21.307,0.93,OBSERVED
FDR-265,Baghat Shora to Lalchowk,Urban,4.5,0.72,OBSERVED
FDR-338,Parimpora to Rawalpora,Urban,14.409,0.21,PARTIAL
FDR-097,Lalbazar to Qamarwari,Urban,8.695,0.68,OBSERVED
FDR-132,Safakadal to SMHS,Urban,1.5,0.7,OBSERVED
FDR-455,Narbal to Jehangir Chowk,Peri_Urban,17.0,0.74,OBSERVED
FDR-098,Soura to SMHS,Urban,11.97,0.59,OBSERVED
FDR-270,Soura to Qamarwari,Urban,9.3,0.91,OBSERVED
FDR-575,Safakadal to Jehangir Chowk,Urban,3.149,0.71,OBSERVED
FDR-316,Qamarwari to Pathachowk,Peri_Urban,19.719,0.9,OBSERVED
FDR-117,Qamarwari to Dalgate,Urban,8.844,0.64,OBSERVED
FDR-164,Lalbazar to Parimpora,Urban,10.0,0.76,OBSERVED
FDR-199,Qamarwari to Hazratbal,Urban,8.0,0.78,OBSERVED
FDR-446,Parimpora to Rangrath,Peri_Urban,19.812,0.23,PARTIAL
FDR-108,Saidakadal to Bypass,Urban,7.5,0.4,PARTIAL
FDR-401,Jehangir Chowk to Panzinara,Peri_Urban,10.0,0.54,OBSERVED
FDR-407,Batamallo to Pantha Chowk,Peri_Urban,17.436,0.58,OBSERVED
FDR-219,Qamarwari to Jehangir Chowk,Urban,5.5,0.83,OBSERVED
FDR-332,Parimpora to Jehangir Chowk,Peri_Urban,20.711,0.35,PARTIAL
FDR-261,JVC to Batwara,Urban,9.5,0.75,OBSERVED
FDR-335,LD to Panthachowk,Urban,13.344,0.88,OBSERVED
FDR-104,Hazratbal to Bone Joint Hospital Barzalla,Peri_Urban,15.276,0.78,OBSERVED
FDR-438,GBS to LAL Chowk,Peri_Urban,2.931,0.82,OBSERVED
FDR-151,Parimpora to Jawahairnagar,Urban,12.642,0.76,OBSERVED
FDR-001,Qamarwari to Baghi Mehtab,Peri_Urban,16.223,0.29,PARTIAL
FDR-176,Jehangir Chowk to Bemina,Urban,6.545,0.36,PARTIAL
FDR-078,Chanapora to Soura,Urban,11.5,0.75,OBSERVED
FDR-191,Parimpora to Humhama,Peri_Urban,16.99,0.83,OBSERVED
FDR-341,LD to Pampore,Peri_Urban,15.854,0.9,OBSERVED
FDR-080,Batmaloo to Dalgate,Urban,3.5,0.78,OBSERVED
FDR-160,"Hazratbal, Lalbazar",Urban,6.356,0.96,OBSERVED
FDR-201,LD to Parimpora,Urban,8.5,0.91,OBSERVED
FDR-096,Soura to Dalgate,Urban,7.0,0.96,OBSERVED
TRK-032,Soura to Chuntwaliwar,Urban,5.78,0.74,OBSERVED
FDR-067,Soura to Batamallo,Urban,11.366,0.61,OBSERVED
FDR-333,Rangpora to Soura,Peri_Urban,4.0,0.93,OBSERVED
FDR-525,LD to Budgam,Peri_Urban,14.0,0.09,NO_APP_DATA
FDR-320,Parimpora to Pampore,Peri_Urban,23.817,0.94,OBSERVED
FDR-105,Rangpora to Dalgate,Peri_Urban,15.533,0.86,OBSERVED
FDR-088,Rangpora to Lalchowk,Urban,13.983,0.88,OBSERVED
FDR-406,Qamarwari to Parimpora,Urban,2.5,0.73,OBSERVED
FDR-190,Ma Road to Safakadal,Urban,13.244,0.77,OBSERVED
FDR-158,Rangpora to LD,Peri_Urban,9.5,0.77,OBSERVED
FDR-050,Soura to Lalchowk,Urban,9.494,0.83,OBSERVED
FDR-325,Ma Road to Parimpora,Peri_Urban,18.669,0.52,OBSERVED
FDR-510,Srinagar to Shanglipora,Regional_District,35.0,0.36,PARTIAL
FDR-466,Srinagar to Isganderpora,Regional_District,26.5,0.45,PARTIAL
FDR-454,Srinagar to Aboora,Regional_District,32.753,0.46,PARTIAL
FDR-536,Srinagar to Arizal,Regional_District,44.306,0.07,NO_APP_DATA
FDR-453,Srinagar to Baderkote,Regional_District,42.864,0.35,PARTIAL
FDR-514,Srinagar to Loolpora,Regional_District,38.921,0.07,NO_APP_DATA
FDR-384,Srinagar to Beeru,Regional_District,25.0,0.21,PARTIAL
FDR-565,Srinagar to Dardpora,Regional_District,106.39,0.14,NO_APP_DATA
FDR-038,Srinagar to Ratnipora,Regional_District,32.5,0.34,PARTIAL
FDR-437,Srinagar to Ratsun,Regional_District,28.474,0.53,OBSERVED
FDR-487,Srinagar to Khag,Regional_District,37.849,0.4,PARTIAL
FDR-463,Srinagar to Karhama,Regional_District,32.861,0.46,PARTIAL
FDR-508,Srinagar to Chewdara,Regional_District,23.0,0.11,NO_APP_DATA
FDR-464,Srinagar to Badrun,Regional_District,25.0,0.45,PARTIAL
FDR-439,Srinagar to Tangmarg,Regional_District,40.568,0.37,PARTIAL
FDR-570,Srinagar to Khoor,Regional_District,111.183,0.13,NO_APP_DATA
FDR-551,Srinagar to Handwara,Regional_District,73.767,0.2,NO_APP_DATA
FDR-563,Srinagar to Trehgam KUP,Regional_District,96.17,0.15,NO_APP_DATA
FDR-562,Srinagar to Chowkibal,Regional_District,125.5,0.15,NO_APP_DATA
FDR-509,Srinagar to Hajin,Regional_District,35.566,0.23,PARTIAL
FDR-486,Srinagar to Safapora Sumbal,Regional_District,30.51,0.27,PARTIAL
FDR-504,Srinagar to Safapora GBL,Regional_District,32.954,0.25,PARTIAL
FDR-513,Srinagar to Narwara Budgam,Regional_District,28.415,0.11,NO_APP_DATA
FDR-465,Srinagar to Charishreef,Regional_District,31.248,0.09,NO_APP_DATA
FDR-519,Srinagar to Pakherpora,Regional_District,42.101,0.07,NO_APP_DATA
FDR-555,Srinagar to Pasthoon,Regional_District,41.5,0.17,NO_APP_DATA
FDR-546,Srinagar to Pinglish,Regional_District,43.953,0.2,NO_APP_DATA
FDR-552,Srinagar to Tral Nowdal,Regional_District,39.5,0.22,PARTIAL
FDR-007,Srinagar to Qazigund,Regional_District,71.019,0.12,NO_APP_DATA
FDR-529,Srinagar to Mirpora Budgam,Regional_District,31.366,0.1,NO_APP_DATA
FDR-507,Srinagar to Vijipopra,Regional_District,34.662,0.23,PARTIAL
FDR-553,Srinagar to Kupwara DAY,Regional_District,88.147,0.16,NO_APP_DATA
FDR-541,Srinagar to URI Baramulla,Regional_District,101.0,0.19,NO_APP_DATA
FDR-571,Srinagar to Tangdar,Regional_District,151.0,0.12,NO_APP_DATA
FDR-543,Bandipora to Srinagar,Regional_District,58.597,0.14,NO_APP_DATA
FDR-003,Bandipora to Soura,Regional_District,51.094,0.05,NO_APP_DATA
FDR-549,Bankoot to Srinagar via Bandipora,Regional_District,60.768,0.13,NO_APP_DATA
FDR-004,Bandipora to Baramulla,Regional_District,45.97,0.0,NO_APP_DATA
FDR-511,Sopore to Srinagar,Regional_District,50.022,0.29,PARTIAL
FDR-539,Zaloora to Srinagar,Regional_District,52.0,0.23,PARTIAL
FDR-530,Botingue to Srinagar,Regional_District,61.995,0.23,PARTIAL
FDR-515,Baramulla to Srinagar,Regional_District,56.316,0.25,PARTIAL
FDR-592,Kamalkote to Baramulla,Regional_District,45.819,0.0,NO_APP_DATA
FDR-593,Garkote to Baramulla,Urban,2.961,0.0,NO_APP_DATA
FDR-521,Fathgath to Srinagar,Regional_District,56.5,0.25,PARTIAL
FDR-574,Pehilpora to URI via Baramulla,Peri_Urban,25.43,0.0,NO_APP_DATA
FDR-005,Baramula to Kupwra,Regional_District,46.645,0.0,NO_APP_DATA
FDR-567,Kupwara to Srinagar,Regional_District,88.0,0.14,NO_APP_DATA
FDR-564,Sogam to Srinagar,Regional_District,105.052,0.14,NO_APP_DATA
FDR-516,Shopian to Srinagar,Regional_District,48.367,0.06,NO_APP_DATA
FDR-538,Sedow to Srinagar,Regional_District,46.0,0.05,NO_APP_DATA
FDR-520,Harman to Srinagar,Regional_District,48.805,0.06,NO_APP_DATA
FDR-535,Kaprin to Srinagar,Regional_District,58.528,0.05,NO_APP_DATA
FDR-540,Nehama to Srinagar,Regional_District,62.131,0.05,NO_APP_DATA
FDR-008,Khull Ahmadabad to Srinagar,Regional_District,66.828,0.1,NO_APP_DATA
FDR-537,Pariwan to Srinagar,Regional_District,60.618,0.05,NO_APP_DATA
FDR-010,Kulgam to Srinagar,Regional_District,67.019,0.1,NO_APP_DATA
FDR-011,Katrosoo to Srinagar,Regional_District,69.172,0.1,NO_APP_DATA
FDR-012,Yaripora to Srinagar,Regional_District,64.929,0.11,NO_APP_DATA
FDR-444,Pulwama to Srinagar,Peri_Urban,28.043,0.1,NO_APP_DATA
FDR-039,Koil to Srinagar,Peri_Urban,17.5,0.21,PARTIAL
FDR-505,Wasoora to Srinagar,Peri_Urban,39.631,0.07,NO_APP_DATA
FDR-440,Srinagar to Lettar,Peri_Urban,28.413,0.1,NO_APP_DATA
FDR-506,Heff to Srinagar,Regional_District,40.635,0.07,NO_APP_DATA
FDR-531,Srinagar to Keller,Regional_District,50.376,0.06,NO_APP_DATA
FDR-532,Sangerwani to Srinagar,Regional_District,44.959,0.06,NO_APP_DATA
FDR-013,Anantnagh to Srinagar,Regional_District,59.305,0.12,NO_APP_DATA
FDR-006,Phalgam to Anantnagh,Peri_Urban,39.73,0.0,NO_APP_DATA
FDR-023,Mawan to Srinagar,Regional_District,56.111,0.12,NO_APP_DATA
FDR-024,Devsur to Srinagar,Regional_District,65.241,0.11,NO_APP_DATA
FDR-025,Lammer to Anantnagh,Urban,4.333,0.0,NO_APP_DATA
FDR-028,Shangus to Srinagar,Regional_District,80.474,0.09,NO_APP_DATA
FDR-029,Uttersoo to Srinagar,Regional_District,73.746,0.09,NO_APP_DATA
FDR-035,Anantnagh to Shopian,Regional_District,37.0,0.0,NO_APP_DATA
FDR-435,Srinagar to NEW Khanda,Urban,22.786,0.13,NO_APP_DATA
FDR-596,Srinagar to By Pass,Urban,3.279,0.39,PARTIAL
FDR-476,Srinagar to Khrew,Urban,19.597,0.47,PARTIAL
FDR-093,Srinagar to Railway,Urban,7.778,0.37,PARTIAL
FDR-123,Srinagar to Bypass,Urban,8.341,0.39,PARTIAL
FDR-144,Srinagar to Gulabagh,Urban,14.022,0.71,OBSERVED
FDR-040,Srinagar to Ratnipura,Urban,25.991,0.33,PARTIAL
FDR-052,Srinagar to Buchpora,Urban,9.37,0.99,OBSERVED
FDR-370,Srinagar to Pampore,Urban,12.883,0.99,OBSERVED
FDR-479,Srinagar to Budgam,Urban,15.908,0.2,PARTIAL
FDR-517,Srinagar to Gund,Peri_Urban,57.421,0.17,NO_APP_DATA
FDR-326,Srinagar to Chadoora,Urban,14.5,0.17,NO_APP_DATA
FDR-036,Srinagar to Bugam,Peri_Urban,62.557,0.14,NO_APP_DATA
FDR-597,Srinagar to Rasoo,Urban,4.174,0.95,OBSERVED
FDR-599,Srinagar to Harwan,Urban,16.558,0.1,NO_APP_DATA
FDR-288,Srinagar to Ganderbal,Urban,16.689,0.87,OBSERVED
FDR-602,TRC Srinagar to Airport,Urban,12.0,0.24,PARTIAL
SSCL-01,Parimpora to Harwan via Brein Nishat,Peri_Urban,23.249,0.45,PARTIAL
SSCL-02,Batamaloo to Nasrullah Pora via Jehangir Chowk Rambagh Hyderpora,Urban,7.083,0.08,NO_APP_DATA
SSCL-03,Batamaloo to Hazratbal via Khanyar,Urban,12.926,0.86,OBSERVED
SSCL-04,Batamaloo to Chadoora Chowk via Jehangir Chowk,Urban,10.858,0.05,NO_APP_DATA
SSCL-05,LD Hospital to Pandach via Jehangir Chowk Dalgate Khanyar,Urban,10.884,0.78,OBSERVED
SSCL-06,Pantha Chowk to Narbal Crossing via Sonwar Jehangir Chowk Qamarwari,Peri_Urban,19.752,0.39,PARTIAL
SSCL-07,Batamaloo to Drussu Pulwama via Marwal,Peri_Urban,32.735,0.12,NO_APP_DATA
SSCL-08,Batamaloo to Budgam Railway Station via Khumeni Chowk,Peri_Urban,15.685,0.04,NO_APP_DATA
SSCL-09,Parimpora to Naseem Bagh via Noorbagh Gojwara Mill Stop,Peri_Urban,15.058,0.78,OBSERVED
SSCL-10,Pantha Chowk to Agri Kalan Kanihama via Bypass,Peri_Urban,23.59,0.4,PARTIAL
SSCL-11,Old City Loop Downtown Srinagar,Urban,1.169,0.9,OBSERVED
SSCL-12,Rangreth to District Court Srinagar via Barzulla Jehangir Chowk,Urban,10.327,0.39,PARTIAL
SSCL-13,Batamaloo to Beehama Ganderbal via Hazratbal Zakura,Peri_Urban,26.584,0.38,PARTIAL
SSCL-14,TRC to Central University Ganderbal via Karan Nagar Zoonimar 90ft Road,Peri_Urban,27.314,0.31,PARTIAL
SSCL-15,TRC to Pulwama via Nowgam Kaanipora,Peri_Urban,29.364,0.11,NO_APP_DATA
SSCL-16,Batamaloo Circular via Khonmoh,Urban,13.87,0.53,OBSERVED
SSCL-17,Batamaloo to Womens College Batpora via Rainawari,Urban,4.508,0.93,OBSERVED
SSCL-18,Jkpdc Jehangir Chowk to Wadwan,Peri_Urban,15.202,0.81,OBSERVED
SSCL-19,Pantha Chowk to Sumbal,Peri_Urban,35.736,0.07,NO_APP_DATA
SSCL-20,Pantha Chowk to Safapora,Regional_District,60.631,0.04,NO_APP_DATA
SSCL-21,Batamaloo to Arath,Urban,12.395,0.38,PARTIAL
SSCL-22,Batamaloo to Khrew Bus Stand,Peri_Urban,18.186,0.5,OBSERVED
SSCL-23,Batamaloo to Charesharief via Chadoora,Peri_Urban,29.633,0.13,NO_APP_DATA
SSCL-24,Pantha Chowk to Palhalan via Sangrama Sopore,Peri_Urban,36.463,0.24,PARTIAL
SSCL-25,Batamaloo to Dadsara Tral via Awantipora,Regional_District,43.869,0.13,NO_APP_DATA
SSCL-26,Batamaloo to Kangan via Hazratbal Manigam,Regional_District,55.703,0.03,NO_APP_DATA
SSCL-27,Batamaloo to Manigam,Regional_District,37.093,0.04,NO_APP_DATA
SSCL-28,Batamaloo to Pinglena Pampore via Galandar,Peri_Urban,22.233,0.53,OBSERVED
SSCL-29,Pantha Chowk to Panzinara,Urban,10.811,0.13,NO_APP_DATA
SSCL-30,Batamaloo to Dc Office Budgam,Peri_Urban,15.685,0.04,NO_APP_DATA
