cid,geography,region_class,planning_stage,method_family,demand_input,data_intensity,equity,validation,implementable_plan,code_released,basis,note
C02,"Tin Shui Wai, Hong Kong (plus small synthetic network and Winnipeg test network)",Global North,integrated (≥2 of route/frequency/fleet),(meta)heuristic,unclear,4,none,multiple (benchmark-instance comparison; comparison with existing network/GTFS; sensitivity/uncertainty analysis),Yes,no,fulltext,"§4.2: TSW matrix 'estimated from the available data' (App. II), source unstated; Table 6 lists 10 routes with buses and headways; 1,000 perturbed matrices."
C03,"Rome, Italy",Global North,integrated (≥2 of route/frequency/fleet),(meta)heuristic,unclear,4,none,multiple (comparison with existing network/GTFS; sensitivity/uncertainty analysis),Yes,no,fulltext,"§3, §5: transit demand matrix (c. 230,000 peak-hour trips) is an input, source unstated; 85-line design with frequencies vs existing network (Tables 3-4); route list not printed."
C04,"Tin Shui Wai, Hong Kong",Global North,integrated (≥2 of route/frequency/fleet),(meta)heuristic,unclear,4,none,multiple (comparison with existing network/GTFS; sensitivity/uncertainty analysis),Yes,no,fulltext,"§2: demand matrix 'estimated from the available data' (Appendix I), source unstated; Table 4 lists 10 routes with buses and headways; §4.6 perturbed matrices."
C06,"Miami-Dade County, Florida, USA; benchmark network (Mandl)",Global North,integrated (≥2 of route/frequency/fleet),(meta)heuristic,modelled OD (4-step/calibrated model),4,none,multiple (benchmark-instance comparison; comparison with existing network/GTFS),Yes,no,fulltext,§7: OD matrix from the 1999 validated Miami-Dade travel demand model; routes and headways optimised with fleet of 600; only aggregate results printed (Table 2).
C07,"benchmark networks (Rivera, Uruguay instance from Mauttone & Urquhart 2009; Mandl)",benchmark/synthetic,integrated (≥2 of route/frequency/fleet),(meta)heuristic,synthetic or benchmark OD,4,none,benchmark-instance comparison,No,no,fulltext,"§5.1: Rivera instance (84 nodes, 378 OD pairs) reproduced from Mauttone & Urquhart (2009); 21 Pareto networks, none selected; §5.2 Mandl comparison (Table 3)."
C11,"New York City, USA",Global North,demand/OD estimation,data-mining (AFC/GPS/phone),AFC/smart card,5,none,back-cast vs observed counts/ridership,No,no,fulltext,"'Validation' section (pp. 9-10): located transactions compared with subway register counts, bus ride-check counts and ten logged test tours; custom TransCAD software, not released."
C14,"Hangzhou, China",Global South (non-India),route design (new network),mixed,mobile-phone/taxi-GPS traces,4,none,multiple (comparison with existing network/GTFS; sensitivity/uncertainty analysis),Partial,no,fulltext,§V.D: planned route compared with real night-bus route opened Feb 2010; one route only; 30-min frequency is an input; 20-seat bus capacity derived (§V.E).
C16,"Shizuoka City, Japan (three bus routes)",Global North,demand/OD estimation,data-mining (AFC/GPS/phone),none,3,none,back-cast vs observed counts/ridership,No,no,fulltext,§5-6: dwell times from AVL/door records alone give load profile (Model T); AFC used only as ground truth and to simulate door-closing times; boarding counts optional.
C18,"Albuquerque, New Mexico, USA",Global North,network evaluation/accessibility,GIS/accessibility analysis,proxy (population/POI/land use/need index),2,distributional metric (Gini/Lorenz/group comparison),none,No,no,fulltext,"Methods (pp. 347 ff.): published bus schedules, address points weighted by land-use housing units, 2000 Census block groups; time savings compared with transit-need index; no validation."
C19,"Charlotte, North Carolina, USA (CATS route 9)",Global North,route redesign/rationalisation (existing network),(meta)heuristic,proxy (population/POI/land use/need index),2,coverage only,multiple (field/expert; sensitivity/uncertainty analysis),Partial,no,fulltext,"§5: 2008 county parcel land-use data as demand, CATS stops, aerial photos; §4: interface reviewed with three CATS planners; p and distance-decay β varied."
C21,"Sydney, Australia (greenfield suburban development)",Global North,frequency/headway,GIS/accessibility analysis,proxy (population/POI/land use/need index),2,none,none,Partial,no,fulltext,Case study: stylised superblock layout in Liverpool LGA with official population/job projections; 195 GTFS scenarios; output is T-way:local service ratio; sensitivity left to future work.
C28,"Guatemala City and Quetzaltenango, Guatemala",Global South (non-India),network evaluation/accessibility,mixed,unclear,4,none,field/expert,No,no,fulltext,"pp. 213-214: GC 2005 OD matrices (173 TAZ) 'were available', provenance unstated; used to fit decay parameters and as job proxy; expert workshop."
C29,"Mexico City, Mexico",Global South (non-India),network mapping/data creation,data-mining (AFC/GPS/phone),none,3,none,field/expert,No,no,fulltext,"'Project Overview and Outputs': agency schedules and KML converted to GTFS; c. 1,100 colectivo ramales GPS-surveyed with TransitWand; feed reviewed by agencies and Google Transit engineers."
C33,"Soran, Iraq",Global South (non-India),route design (new network),mixed,survey OD/counts,3,coverage only,multiple (field/expert; sensitivity/uncertainty analysis),Partial,no,fulltext,§3.3.1 eq. 4: only zonal production/attraction totals from 974-response travel survey enter demand surface; stops field-checked (§3.3.2); weight sensitivity (Table S5).
C34,"Montevideo, Uruguay",Global South (non-India),network evaluation/accessibility,GIS/accessibility analysis,proxy (population/POI/land use/need index),3,distributional metric (Gini/Lorenz/group comparison),none,No,no,fulltext,§3: job proxy combines utility non-residential clients and zone work-trip counts on 2009 mobility-survey zones (trip source not named); travel times from official trip planner.
C35,"Phoenix, Arizona, USA",Global North,network evaluation/accessibility,GIS/accessibility analysis,proxy (population/POI/land use/need index),3,distributional metric (Gini/Lorenz/group comparison),none,No,no,fulltext,"Methods (p. 8): gravity impedance estimated from trip lengths in the 2010-11 Valley Metro on-board survey; other inputs public (LEHD, GTFS, OpenStreetMap)."
C37,mid-sized US metropolitan area (not named),Global North,frequency/headway,(meta)heuristic,proxy (population/POI/land use/need index),2,explicit equity objective/constraint,multiple (comparison with existing network/GTFS; sensitivity/uncertainty analysis),Partial,no,fulltext,"§3: genetic algorithm; Table 1: 2000 Census, MPO employment, agency trip planner; frequencies for 26 existing plus 3 new routes, city unnamed (§4.2-4.3)."
C40,"Richmond, Virginia, USA",Global North,network evaluation/accessibility,GIS/accessibility analysis,proxy (population/POI/land use/need index),2,distributional metric (Gini/Lorenz/group comparison),sensitivity/uncertainty analysis,No,no,fulltext,"§5: GRTC GTFS (Aug 2017, Jan 2020), OpenStreetMap, ACS block groups, LODES jobs, SafeGraph POIs; r5r travel times; results across 15-60 min thresholds, weekday and Sunday."
C42,"Abidjan, Accra, Addis Ababa, Freetown, Harare, Kampala, Nairobi",Global South (non-India),network evaluation/accessibility,mixed,proxy (population/POI/land use/need index),2,coverage only,field/expert,No,yes (https://github.com/giacfalk/GFTS_african_cities),fulltext,"§3.1, §3.5: open GTFS from DigitalTransport4Africa (field-mapped by third parties), HRSL population; completeness checked by expert elicitation; population share by walking time only."
C43,"Surat, India",India,network evaluation/accessibility,GIS/accessibility analysis,proxy (population/POI/land use/need index),3,none,none,No,no,fulltext,"§4.3: routes/stops from SMC and BRTS Cell; City Bus frequency (10 min), delay and walk willingness from primary sample surveys; population density overlaid (Fig. 4)."
C47,"Visakhapatnam, India",India,frequency/headway,exact optimisation,modelled OD (4-step/calibrated model),4,none,back-cast vs observed counts/ridership,Partial,no,fulltext,"§4.1-4.3: four-step model from 3,058-household survey; CPLEX integer program; frequencies and fleet for 83 bus and 18 paratransit routes, printed only in bands (Table 5)."
C48,"Bangalore, India",India,integrated (≥2 of route/frequency/fleet),(meta)heuristic,unclear,4,none,comparison with existing network/GTFS,Yes,no,fulltext,"§4: 172-TAZ demand matrix 'obtained from secondary sources', type unstated; GA yields 344 routes with frequencies and 4,436 buses vs BMTC's 908 routes (Table 7)."
C59,synthetic (5-node example network),benchmark/synthetic,route design (new network),(meta)heuristic,synthetic or benchmark OD,4,none,none,No,no,fulltext,pp. 339-343 (scanned pages read as images; .txt covers pp. 333-336 only): route-construction algorithm run on 5-node example with given demand matrix (Table 2).
