cid,theme,key,authors,year,title,venue,doi,cites,origin
C01,2.2,S0005,Wei David Fan; Randy B. Machemehl,2005,Optimal Transit Route Network Design Problem with Variable Transit Demand: Genetic Algorithm Approach,Journal of Transportation Engineering,10.1061/(asce)0733-947x(2006)132:1(40),298.0,search:openalex
C02,2.2,S0009,Wai Yuen Szeto; Yu Jiang,2014,Transit route and frequency design: Bi-level modeling and hybrid artificial bee colony algorithm approach,Transportation Research Part B Methodological,10.1016/j.trb.2014.05.008,238.0,search:openalex+scopus-abstract
C03,2.2,S0011,Ernesto Cipriani; Stefano Gori; Marco Aurélio Petrelli,2010,Transit network design: A procedure and an application to a large urban area,Transportation Research Part C Emerging Technologies,10.1016/j.trc.2010.09.003,238.0,search:openalex+scopus-abstract
C04,2.2,S0012,Wai Yuen Szeto; Yongzhong Wu,2010,"A simultaneous bus route design and frequency setting problem for Tin Shui Wai, Hong Kong",European Journal of Operational Research,10.1016/j.ejor.2010.08.020,234.0,search:openalex+scopus-abstract
C05,2.2,S0017,Renato Arbex; Cláudio Barbieri da Cunha,2015,Efficient transit network design and frequencies setting multi-objective optimization by alternating objective genetic algorithm,Transportation Research Part B Methodological,10.1016/j.trb.2015.06.014,201.0,search:openalex+scopus-abstract
C06,2.2,S0018,Fang Zhao; Xiaogang Zeng,2007,"Optimization of transit route network, vehicle headways and timetables for large-scale transit networks",European Journal of Operational Research,10.1016/j.ejor.2007.02.005,199.0,search:openalex+scopus-abstract
C07,2.2,S0036,Mahmoud Owais; Mostafa K. Osman,2018,Complete hierarchical multi-objective genetic algorithm for transit network design problem,Expert Systems with Applications,10.1016/j.eswa.2018.07.033,138.0,search:openalex+scopus-abstract
C08,2.2,S0116,Zeke Ahern; Alexander Paz; Paul Corry,2021,Approximate multi-objective optimization for integrated bus route design and service frequency setting,Transportation Research Part B Methodological,10.1016/j.trb.2021.10.007,62.0,search:openalex+scopus-abstract
C09,2.2,S0192,Sunhyung Yoo; Jinwoo Brian Lee; Hoon Han,2023,A Reinforcement Learning approach for bus network design and frequency setting optimisation,Public Transport,10.1007/s12469-022-00319-y,38.0,search:openalex
C10,2.3,S0014,Wei Wang; John Attanucci; Nigel H. M. Wilson,2011,Bus Passenger Origin-Destination Estimation and Related Analyses Using Automated Data Collection Systems,Journal of Public Transportation,10.5038/2375-0901.14.4.7,218.0,search:openalex
C11,2.3,S0049,James J. Barry; Robert Freimer; Howard Slavin,2009,Use of Entry-Only Automatic Fare Collection Data to Estimate Linked Transit Trips in New York City,Transportation Research Record Journal of the Transportation Research Board,10.3141/2112-07,123.0,search:openalex
C12,2.3,S0067,Azalden Alsger; Mahmoud Mesbah; Luís Ferreira; Hamid Safi,2015,Use of Smart Card Fare Data to Estimate Public Transport Origin–Destination Matrix,Transportation Research Record Journal of the Transportation Research Board,10.3141/2535-10,109.0,search:openalex
C13,2.3,S0069,Janine M. Farzin,2008,"Constructing an Automated Bus Origin–Destination Matrix Using Farecard and Global Positioning System Data in São Paulo, Brazil",Transportation Research Record Journal of the Transportation Research Board,10.3141/2072-04,107.0,search:openalex
C14,2.3,S0034,Chao Chen; Daqing Zhang; Nan Li; Zhi‐Hua Zhou,2014,B-Planner: Planning Bidirectional Night Bus Routes Using Large-Scale Taxi GPS Traces,IEEE Transactions on Intelligent Transportation Systems,10.1109/tits.2014.2298892,142.0,search:openalex
C15,2.3,S0113,Fabio Pinelli; Rahul V. Nair; Francesco Calabrese; Michele Berlingerio,2016,Data-Driven Transit Network Design From Mobile Phone Trajectories,IEEE Transactions on Intelligent Transportation Systems,10.1109/tits.2015.2496783,65.0,search:openalex
C16,2.3,S0213,Wenzhe Sun; Jan‐Dirk Schmöcker; Koji Fukuda,2021,Estimating the route-level passenger demand profile from bus dwell times,Transportation Research Part C Emerging Technologies,10.1016/j.trc.2021.103273,32.0,search:openalex+scopus-abstract
C17,2.3,P0244,Barabino B.; Coni M.; Di Francesco M.; Obino A.; Ventura R.,2024,Origin–destination matrices from smartphone apps for bus networks,Public Transport,10.1007/s12469-024-00361-y,13.0,search:scopus
C18,2.4,S0063,Calvin P. Tribby; Paul A. Zandbergen,2012,High-resolution spatio-temporal modeling of public transit accessibility,Applied Geography,10.1016/j.apgeog.2011.12.008,112.0,search:openalex+scopus-abstract
C19,2.4,S0083,Eric M. Delmelle; Shuping Li; Alan T. Murray,2012,Identifying bus stop redundancy: A gis-based spatial optimization approach,Computers Environment and Urban Systems,10.1016/j.compenvurbsys.2012.01.002,90.0,search:openalex+scopus-abstract
C20,2.4,S0631,Görkem Gülhan; Hüseyin Ceylan; Halim Ceylan,2017,Using accessibility measures in transit network design,Transport,10.3846/16484142.2017.1295401,7.0,search:openalex
C21,2.4,S0788,Hema Rayaprolu; Hao Wu; Bahman Lahoorpoor; David Matthew Levinson,2022,Maximizing access in transit network design,Journal of Public Transportation,10.1016/j.jpubtr.2022.100027,4.0,search:openalex
C22,2.4,P0841,Yao X.,2007,Where are public transit needed - Examining potential demand for public transit for commuting trips,"Computers, Environment and Urban Systems",10.1016/j.compenvurbsys.2007.08.005,37.0,search:scopus
C23,2.4,P0176,Carmody D.; Zhu O.; He Z.; Santi P.; Ratti C.,2025,Identifying public transit deserts: A travel demand-independent persistent homology-based method,Transportation Safety and Environment,10.1093/tse/tdaf015,3.0,search:scopus
C24,2.4,S0180,Ding Luo; Oded Cats; Hans van Lint,2019,Can passenger flow distribution be estimated solely based on network properties in public transport systems?,Transportation,10.1007/s11116-019-09990-w,42.0,search:openalex
C25,2.4,P0049,Ratriaga A.R.N.,2026,GIS-Based Accessibility Analysis for Optimizing Feeder Public Transportation Routes in Surabaya,IOP Conference Series: Earth and Environmental Science,10.1088/1755-1315/1595/1/012010,0.0,search:scopus
C26,2.5,S0086,Jinjoo Bok; Young-Sang Kwon,2016,Comparable Measures of Accessibility to Public Transport Using the General Transit Feed Specification,Sustainability,10.3390/su8030224,88.0,search:openalex
C27,2.5,S0106,Nate Wessel; Steven Farber,2019,On the accuracy of schedule-based GTFS for measuring accessibility,Journal of Transport and Land Use,10.5198/jtlu.2019.1502,70.0,search:openalex
C28,2.5,S0203,Jose Morales; Jose Morales; Johannes Flacke; Javier Morales,2017,Mapping Urban Accessibility in Data Scarce Contexts Using Space Syntax and Location-Based Methods,Applied Spatial Analysis and Policy,10.1007/s12061-017-9239-1,34.0,search:openalex
C29,2.5,S0311,Emily Eros; Shomik Raj Mehndiratta; Chris Zegras; Kevin Webb,2014,Applying the General Transit Feed Specification to the Global South,Transportation Research Record Journal of the Transportation Research Board,10.3141/2442-06,22.0,search:openalex
C30,2.5,S0637,Jacqueline M. Klopp; Jackson Mutua; Dan Orwa; Peter Waiganjo,2014,Towards a Standard for Paratransit Data: Lessons from Developing GTFS Data for Nairobi's Matatu System,Transportation Research Board 93rd Annual MeetingTransportation Research Board,,7.0,search:openalex
C31,2.5,S0749,Erik Vergel-Tovar; Eric Goldwyn; Jonathan Leape,2022,Digital traces: Mapping Bogotá’s unmapped transit network using smartphones and networked databases,Environment and Planning B Urban Analytics and City Science,10.1177/23998083221117831,4.0,search:openalex
C32,2.5,P0681,Baloian N.; Frez J.; Pino J.A.; Zurita G.,2015,Efficient planning of urban public transportation networks,Lecture Notes in Computer Science (including subseries Lecture Notes in Artificial Intelligence and Lecture Notes in Bioinformatics),10.1007/978-3-319-26401-1_41,10.0,search:scopus
C33,2.5,S1559,Hasan Shahab; Hemin J. Mohammed,2026,A data-light GIS framework for initiating bus stop formalization in mid-sized developing cities,Case Studies on Transport Policy,10.1016/j.cstp.2026.101959,0.0,search:openalex+scopus-abstract
C34,2.6,S0028,Diego Hernández,2017,"Uneven mobilities, uneven opportunities: Social distribution of public transport accessibility to jobs and education in Montevideo",Journal of Transport Geography,10.1016/j.jtrangeo.2017.08.017,157.0,search:openalex+scopus-abstract
C35,2.6,S0038,Alex A. Karner,2018,Assessing public transit service equity using route-level accessibility measures and public data,Journal of Transport Geography,10.1016/j.jtrangeo.2018.01.005,136.0,search:openalex+scopus-abstract
C36,2.6,S0109,Rosalia Camporeale; Leonardo Caggiani; Achille Fonzone; Michele Ottomanelli,2016,Quantifying the impacts of horizontal and vertical equity in transit route planning,Transportation Planning and Technology,10.1080/03081060.2016.1238569,66.0,search:openalex
C37,2.6,P0778,Ferguson E.M.; Duthie J.; Unnikrishnan A.; Waller S.T.,2012,Incorporating equity into the transit frequency-setting problem,Transportation Research Part A: Policy and Practice,10.1016/j.tra.2011.06.002,62.0,search:scopus
C38,2.6,P0562,Ruiz M.; Segui-Pons J.M.; Mateu-LLadó J.,2017,Improving Bus Service Levels and social equity through bus frequency modelling,Journal of Transport Geography,10.1016/j.jtrangeo.2016.12.005,60.0,search:scopus
C39,2.6,S0324,Myeonghyeon Kim; Seung‐Young Kho; Dong‐Kyu Kim,2019,A Transit Route Network Design Problem Considering Equity,Sustainability,10.3390/su11133527,21.0,search:openalex
C40,2.6,S0521,Haijing Liu; Mashrur Rahman; Alex A. Karner,2022,"Bus network redesigns and public transit equity analysis: Evaluating system-wide changes in Richmond, Virginia",Travel Behaviour and Society,10.1016/j.tbs.2022.12.002,10.0,search:openalex+scopus-abstract
C41,2.7,S0077,Jacqueline M. Klopp; Clémence Cavoli,2019,Mapping minibuses in Maputo and Nairobi: engaging paratransit in transportation planning in African cities,Transport Reviews,10.1080/01441647.2019.1598513,94.0,search:openalex
C42,2.7,S0128,Giacomo Falchetta; Michel Noussan; Ahmed Tarek Hammad,2021,Comparing paratransit in seven major African cities: An accessibility and network analysis,Journal of Transport Geography,10.1016/j.jtrangeo.2021.103131,56.0,search:openalex+scopus-abstract
C43,2.7,S0132,Bhargav Adhvaryu; Abhay Chopde; Lalit Kumar Dashora,2019,Mapping public transport accessibility levels (PTAL) in India and its applications: A case study of Surat,Case Studies on Transport Policy,10.1016/j.cstp.2019.03.004,54.0,search:openalex+scopus-abstract
C44,2.7,S0184,Camila Rodríguez; Tatiana Peralta-Quirós; Luis A. Guzmán; Sebastian A. Cárdenas Reyes,2017,"Accessibility, Affordability, and Addressing Informal Services in Bus Reform: Lessons from Bogotá, Colombia",Transportation Research Record Journal of the Transportation Research Board,10.3141/2634-06,40.0,search:openalex
C45,2.7,S0353,Gift Dumedah; Kabila Abass; Razak M. Gyasi; John Boulard Forkuor,2023,Inefficient allocation of paratransit service terminals and routes in Ghana: The role of driver unions and paratransit operators,Journal of Transport Geography,10.1016/j.jtrangeo.2023.103643,19.0,search:openalex+scopus-abstract
C46,2.7,S1356,Alejandro Sánchez-Atondo; Leonel García; ́José Manuel Gutiérrez-Moreno; Alejandro Mungaray-Moctezuma,2026,"Reorganization of public transport systems in Global South cities and its relation with quality of life: A case study of Mexicali, Mexico",Transportation Research Interdisciplinary Perspectives,10.1016/j.trip.2026.101859,0.0,search:openalex
C47,2.7,S0485,Ravi Kiran Sastry Gadepalli; Prateek Bansal; Geetam Tiwari; Nomesh B. Bolia,2024,A tactical planning framework to integrate paratransit with formal public transport systems,Transportation Research Part D Transport and Environment,10.1016/j.trd.2024.104438,11.0,search:openalex
C48,2.7,P0537,Verma A.; Kumari A.; Tahlyan D.; Hosapujari A.B.,2017,Development of hub and spoke model for improving operational efficiency of bus transit network of Bangalore city,Case Studies on Transport Policy,10.1016/j.cstp.2016.12.003,16.0,search:scopus
C49,2.7,P0859,Shrivastav P.; Dhingra S.L.,2001,Development of feeder routes for Suburban railway stations using heuristic approach,Journal of Transportation Engineering,10.1061/(ASCE)0733-947X(2001)127:4(334),67.0,search:scopus
C50,2.2,10.1016/j.tra.2025.104747,Barzegari V.; Taubkin G.G.; Barsukov P.; Nourinejad M.,2026,A comprehensive analysis of duplication in public transportation,Transportation Research Part A: Policy and Practice,10.1016/j.tra.2025.104747,,novelty:scopus
C51,2.2,10.5897/SRE11.814,Ergun M.; Sercan Kesten A.,2011,Alteration of bus routes in large-scale networks,Scientific Research and Essays,10.5897/SRE11.814,,novelty:scopus
C52,2.2,10.3390/en13225963,Hoonsiri C.; Kiattikomol V.; Chiarakorn S.,2020,Energy saving and CO2 reduction potential from partial bus routes reduction model in Bangkok urban fringe,Energies,10.3390/en13225963,,novelty:scopus
C53,2.2,10.1016/j.jtrangeo.2026.104748,Canca D.; Saldanha-da-Gama F.,2026,Maximal demand coverage transit network redesign with resource reutilization,Journal of Transport Geography,10.1016/j.jtrangeo.2026.104748,,novelty:scopus
C54,2.4,10.1080/23754931.2026.2646852,Liu J.; Rosenberg E.,2026,Quantifying the Accessibility to Public Transit in Rural Areas Using ArcGIS and GTFS,Papers in Applied Geography,10.1080/23754931.2026.2646852,,novelty:scopus
C55,2.5,10.1007/s42421-025-00116-6,Mittal S.; Ukkusuri S.V.,2025,Overcoming Data Scarcity in Transit Planning: A Novel Framework Combining Machine Learning and Metaheuristics,Data Science for Transportation,10.1007/s42421-025-00116-6,,novelty:scopus
C56,2.7,10.1504/ijbir.2015.071598,Saleeshya P.G.; Anirudh S.,2015,A bi-level approach to frequency optimisation of public transport systems,International Journal of Business Innovation and Research,10.1504/ijbir.2015.071598,,novelty:scopus
C57,2.7,10.1049/iet-its.2011.0021,Blum J.J.; Mathew T.V.,2012,Implications of the computational complexity of transit route network redesign for metaheuristic optimisation systems,IET Intelligent Transport Systems,10.1049/iet-its.2011.0021,,novelty:scopus
C58,seminal,10.1016/0377-2217(80)90126-5,Mandl,1980,Evaluation and optimization of urban public transportation networks,European Journal of Operational Research,10.1016/0377-2217(80)90126-5,,snowball:crossref
C59,seminal,10.1016/0191-2615(86)90047-0,Ceder; Wilson,1986,Bus network design,Transportation Research Part B: Methodological,10.1016/0191-2615(86)90047-0,,snowball:crossref
C60,seminal,10.1002/atr.5670250205,Baaj; Mahmassani,1991,An AI‐based approach for transit route system planning and design,Journal of Advanced Transportation,10.1002/atr.5670250205,,snowball:crossref
