EID,DOI,Year,Title,Source title,query_tag
2-s2.0-85127480211,10.1016/j.tre.2022.102693,2022,Multi-class hazmat distribution network design with inventory and superimposed risks,Transportation Research Part E: Logistics and Transportation Review,N1_rationalisation_all
2-s2.0-85052533236,10.3390/ijms19092477,2018,Inside the endometrial cell signaling subway: Mind the gap(s),International Journal of Molecular Sciences,N1_rationalisation_all
2-s2.0-85051212620,10.1080/03155986.2017.1393727,2018,A route efficiency analysis using Shannon entropy-based modified DEA method and route characteristics investigation for urban bus transport in India,INFOR,N1_rationalisation_all
2-s2.0-105042160973,10.1109/SCSP69985.2026.11548643,2026,From Metrics to Decisions: Interpreting Route Deviation and Service Quality Indices in Public Transport Planning,"Proceedings. Smart City Symposium Prague, SCSP",N1_rationalisation_all
2-s2.0-84933514065,10.3390/e16073635,2014,A maximum entropy fixed-point route choice model for route correlation,Entropy,N1_rationalisation_all
2-s2.0-84873503396,,2009,VIA downtown transferring O-D survey,Institute of Transportation Engineers Annual Meeting and Exhibit 2009,N1_rationalisation_all
2-s2.0-105010058068,10.1016/j.rineng.2025.106126,2025,"Assessing Public Transit Network Efficiency and Accessibility in Johor Bahru and Penang, Malaysia: A Data-Driven Approach",Results in Engineering,N1_rationalisation_all
2-s2.0-105043309986,10.3389/frsc.2026.1782977,2026,"GIS-based public transport network optimization in UNESCO World Heritage cities in the example of Bukhara, Uzbekistan",Frontiers in Sustainable Cities,N1_rationalisation_all
2-s2.0-85148460579,10.1109/TTE.2023.3243022,2023,An Adaptive Battery Charging Method for the Electrification of Diesel or CNG Buses as In-Motion-Charging Trolleybuses,IEEE Transactions on Transportation Electrification,N1_rationalisation_all
2-s2.0-85132893780,10.1016/j.ejor.2022.05.040,2023,Strategy-based transit stochastic user equilibrium model with capacity and number-of-transfers constraints,European Journal of Operational Research,N1_rationalisation_all
2-s2.0-85130256694,10.1109/ICEEICT53079.2022.9768463,2022,Power System Flexibility Improvement and Loss Reduction Using Optimal Restructuring of Transmission Network,"2022 1st International Conference on Electrical, Electronics, Information and Communication Technologies, ICEEICT 2022",N1_rationalisation_all
2-s2.0-105013173344,10.1007/978-3-032-00884-8_18,2026,Gravitational Search Algorithm Based Optimal Position of DG and Capacitor with Restructuring,Communications in Computer and Information Science,N1_rationalisation_all
2-s2.0-85083674516,10.1007/s10661-020-8243-0,2020,Street protests and air pollution in Hong Kong,Environmental Monitoring and Assessment,N1_rationalisation_all
2-s2.0-33846798055,10.1117/12.712688,2006,A multi-tier data model for bus transit and its applications in Chinese cities,Proceedings of SPIE - The International Society for Optical Engineering,N1_rationalisation_all
2-s2.0-85132871981,10.1177/03611981221086931,2022,Multimodal Urban Transportation Network Capacity Model Considering Intermodal Transportation,Transportation Research Record,N1_rationalisation_all
2-s2.0-85140067487,10.1155/2022/6034369,2022,Modeling Network Capacity for Urban Multimodal Transportation Applications,Journal of Advanced Transportation,N1_rationalisation_all
2-s2.0-82155188618,10.5897/SRE11.814,2011,Alteration of bus routes in large-scale networks,Scientific Research and Essays,N1_rationalisation_all
2-s2.0-85121048991,10.1080/23249935.2021.2005180,2023,Perception of overlap in multi-modal urban transit route choice,Transportmetrica A: Transport Science,N1_rationalisation_all
2-s2.0-84885930272,10.1016/j.jtrangeo.2013.09.015,2013,Assessing public transport systems connectivity based on Google Transit data,Journal of Transport Geography,N1_rationalisation_all
2-s2.0-85083813266,10.1016/j.tra.2020.03.035,2020,A multi-modal network equilibrium model with captive mode choice and path size logit route choice,Transportation Research Part A: Policy and Practice,N1_rationalisation_all
2-s2.0-84863678824,10.1049/cp.2011.1392,2011,Evaluation and optimization of bus route network in Wuhan China,IET Conference Publications,N1_rationalisation_all
2-s2.0-105039800449,10.1007/s40031-026-01331-7,2026,Enhancing Public Transport Reliability in Indian Cities Through GPS-Based Trip Validation in Intelligent Transportation Systems,Journal of The Institution of Engineers (India): Series B,N1_rationalisation_all
2-s2.0-105004275502,10.1080/15472450.2025.2487808,2026,A new recourse algorithm for school bus routing with overlapped routes and process flexibility,"Journal of Intelligent Transportation Systems: Technology, Planning, and Operations",N1_rationalisation_all
2-s2.0-84957081585,10.1016/j.trpro.2014.07.024,2014,Reviewing Efficiency and Effectiveness of Interurban Public Transport Services: A Practical Experience,Transportation Research Procedia,N1_rationalisation_all
2-s2.0-105023991710,10.1016/j.tra.2025.104747,2026,A comprehensive analysis of duplication in public transportation,Transportation Research Part A: Policy and Practice,N1_rationalisation_all
2-s2.0-105024879106,10.1080/12265934.2025.2595988,2025,"Shuttle buses along the subway lines: function of public transport in mitigating road congestion in Kunming, China",International Journal of Urban Sciences,N1_rationalisation_all
2-s2.0-84856966353,10.1109/MILCOM.2011.6127617,2011,Standardizing network transit in NATO coalition networks,Proceedings - IEEE Military Communications Conference MILCOM,N1_rationalisation_all
2-s2.0-85092710764,10.1002/dac.4617,2021,Optimal network restructure via improved whale optimization approach,International Journal of Communication Systems,N1_rationalisation_all
2-s2.0-85127355995,10.1016/j.cstp.2022.03.007,2022,Impact of introducing a metro line on urban bus services,Case Studies on Transport Policy,N1_rationalisation_all
2-s2.0-85077276266,10.1109/ACCESS.2019.2961930,2020,Bus Scheduling of Overlapping Routes with Multi-Vehicle Types Based on Passenger OD Data,IEEE Access,N1_rationalisation_all
2-s2.0-85080961051,10.1109/ACCESS.2020.2974740,2020,Mixed Scheduling Strategy for High Frequency Bus Routes with Common Stops,IEEE Access,N1_rationalisation_all
2-s2.0-105039178163,10.1117/12.3109587,2026,On the uniqueness and duplication of bus routes in the urban transport infrastructure,Proceedings of SPIE - The International Society for Optical Engineering,N1_rationalisation_all
2-s2.0-84875736372,10.5038/2375-0901.16.1.7,2013,Maintaining key services while retaining core values: NYC transit's environmental justice strategies,Journal of Public Transportation,N1_rationalisation_all
2-s2.0-105018742513,10.17531/ein/202095,2025,Presenting a stochastic framework for resilient self-healing active distribution networks with integrated distributed generation,Eksploatacja i Niezawodnosc,N1_rationalisation_all
2-s2.0-105000467343,10.1007/s12667-025-00729-4,2025,A robust approach to resiliency enhancement of distribution system using ensembled deep reinforcement learning,Energy Systems,N1_rationalisation_all
2-s2.0-84894036117,10.1111/apce.12026,2014,Hybrid firms and transit delivery: The case of Berlin,Annals of Public and Cooperative Economics,N1_rationalisation_all
2-s2.0-84878537566,10.1587/transcom.E96.B.1481,2013,An application-level routing method with transit cost reduction based on a distributed heuristic algorithm,IEICE Transactions on Communications,N1_rationalisation_all
2-s2.0-85140987740,10.1016/j.tre.2022.102937,2022,Modeling the capacity of multimodal and intermodal urban transportation networks that incorporate emerging travel modes,Transportation Research Part E: Logistics and Transportation Review,N1_rationalisation_all
2-s2.0-84860664775,10.1109/ICOIN.2012.6164376,2012,Centralized and distributed heuristic algorithms for application-level traffic routing,International Conference on Information Networking,N1_rationalisation_all
2-s2.0-105002560334,10.17531/ein/196065,2025,Enhancing Distribution System Flexibility through Network Restructuring and Optimal Planning of Distributed Energy Resources,Eksploatacja i Niezawodnosc,N1_rationalisation_all
2-s2.0-85077675873,10.1016/j.physa.2019.123498,2020,Weighted complex networks in urban public transportation: Modeling and testing,Physica A: Statistical Mechanics and its Applications,N1_rationalisation_all
2-s2.0-85050640210,,2017,Transit assignment model for Tokyo metropolitan area considering route overlapping and in-vehicle congestions,"Transport and Society - Proceeding of the 22nd International Conference of Hong Kong Society for Transportation Studies, HKSTS 2017",N1_rationalisation_all
2-s2.0-105027799791,10.1016/j.trip.2026.101859,2026,"Reorganization of public transport systems in Global South cities and its relation with quality of life: A case study of Mexicali, Mexico",Transportation Research Interdisciplinary Perspectives,N1_rationalisation_all
2-s2.0-105027456853,10.1016/j.biocon.2025.111678,2026,The responsibility of Western European coastal states for the conservation of two emblematic migratory seabirds in the context of offshore wind farms,Biological Conservation,N1_rationalisation_all
2-s2.0-85176244681,10.1016/j.prime.2023.100343,2023,Reliability evaluation of distribution network for educational purpose: An analytical approach to results analysis,"e-Prime - Advances in Electrical Engineering, Electronics and Energy",N1_rationalisation_all
2-s2.0-85096436298,10.1016/j.cstp.2020.11.002,2020,A new method to measure the rationalities of transit route layouts,Case Studies on Transport Policy,N1_rationalisation_all
2-s2.0-85146120016,10.1109/SUMMA57301.2022.9974076,2022,Optimization of the Public Transport System Using Data Analysis Methods,"Proceedings - 2022 4th International Conference on Control Systems, Mathematical Modeling, Automation and Energy Efficiency, SUMMA 2022",N1_rationalisation_all
2-s2.0-84866253160,,2010,City wide bus network restructuring using an inclusive planning approach,ATRF 2010: 33rd Australasian Transport Research Forum,N1_rationalisation_all
2-s2.0-85063541766,10.1109/RTUCON.2018.8659868,2018,RNR: Reliability oriented Network Restructuring,"2018 IEEE 59th Annual International Scientific Conference on Power and Electrical Engineering of Riga Technical University, RTUCON 2018 - Proceedings",N1_rationalisation_all
2-s2.0-84880842511,10.1007/s11067-013-9201-y,2016,Modeling Mode and Route Similarities in Network Equilibrium Problem with Go-Green Modes,Networks and Spatial Economics,N1_rationalisation_all
2-s2.0-85067861139,10.1177/0361198119845661,2019,Using Smart Farecard Data to Support Transit Network Restructuring: Findings from Los Angeles,Transportation Research Record,N1_rationalisation_all
2-s2.0-105019054055,10.1109/ROMA66616.2025.11155732,2025,Optimizing Campus Bus Operations: A Case Study in Sustainable Transport Automation,"2025 IEEE 6th International Conference in Robotics and Manufacturing Automation, ROMA 2025",N1_rationalisation_all
2-s2.0-85085656869,10.1016/j.physa.2020.124683,2020,Topological properties of bus transit networks considering demand and service utilization weight measures,Physica A: Statistical Mechanics and its Applications,N1_rationalisation_all
2-s2.0-105022234318,10.1103/39cy-mztc,2025,Synchronization in bus systems with partially overlapping routes,Physical Review E,N1_rationalisation_all
2-s2.0-84992698964,10.1016/j.retrec.2016.05.006,2016,Assessing the potential of bus rapid transit-led network restructuring for enhancing affordable access to employment – The case of Johannesburg's Corridors of Freedom,Research in Transportation Economics,N1_rationalisation_all
2-s2.0-105041220321,10.1080/21680566.2026.2683399,2026,Customized bus network for efficient service: design of modular vehicle transfer scheme,Transportmetrica B,N1_rationalisation_all
2-s2.0-85209698508,10.1007/s42452-024-06301-6,2024,Security constrained optimal power flow solution for practical transmission grid using hybrid use of generating plant and network restructuring,Discover Applied Sciences,N1_rationalisation_all
2-s2.0-85177737558,10.1016/j.trb.2023.102855,2024,Maximum capture problem based on paired combinatorial weibit model to determine park-and-ride facility locations,Transportation Research Part B: Methodological,N1_rationalisation_all
2-s2.0-85216012131,10.1109/MNE3SD63831.2024.10812154,2024,Identification and Mitigation of Weak Points in an Electrical Network for Optimal Solar PV Power Integration,"2024 IEEE Multi-Conference on Natural and Engineering Sciences for Sahel's Sustainable Development, MNE3SD 2024",N1_rationalisation_all
2-s2.0-85105219208,10.3390/su13094745,2021,Battery electric bus network: Efficient design and cost comparison of different powertrains,Sustainability (Switzerland),N1_rationalisation_all
2-s2.0-85147332079,10.1088/1742-6596/2421/1/012031,2023,Mapping the overlapping paratransit route in Medan City using GIS,Journal of Physics: Conference Series,N1_rationalisation_all
2-s2.0-85085977591,10.1177/0361198120908866,2020,Park-and-Ride Choice Behavior in a Multimodal Network with Overlapping Routes,Transportation Research Record,N1_rationalisation_all
2-s2.0-78349260194,10.3141/2145-03,2010,Inclusive planning process for citywide bus network restructuring: Experience and impacts,Transportation Research Record,N1_rationalisation_all
2-s2.0-105045475249,10.1109/EPSIC70071.2026.11590027,2026,A Small Signal Stability Evaluation Model of Power Systems Based on Lightweight CNN-BiLSTM Hybrid Network,"2026 IEEE 3rd International Conference on Electrical Power Systems and Intelligent Control, EPSIC 2026",N2_demand_free
2-s2.0-84916886529,,2014,Cash or prepay: Understanding passenger choice for different products,ATRF 2011 - 34th Australasian Transport Research Forum,N2_demand_free
2-s2.0-105026260622,10.1016/j.tranpol.2025.103989,2026,From ownership to access: Policies to support the growth of peer-to-peer car sharing in Italy,Transport Policy,N2_demand_free
2-s2.0-105044925529,10.1016/j.tre.2026.105076,2026,Joint optimization of fleet size and operating speed for service planning in oversaturated urban rail transit networks,Transportation Research Part E: Logistics and Transportation Review,N2_demand_free
2-s2.0-85086994822,10.1016/j.scs.2020.102169,2020,A techno-economic assessment of energy efficiency in energy management of a micro grid considering green-virtual resources,Sustainable Cities and Society,N2_demand_free
2-s2.0-105035766676,10.1109/AIoT66900.2025.00060,2025,Sustainable Urban Transportation via Hydrogen-Enabled Integrated Energy System,"Proceedings - 2025 IEEE Annual Congress on Artificial Intelligence of Things, AIoT 2025",N2_demand_free
2-s2.0-84868560408,10.1109/ICCIS.2012.245,2012,Research on in-vehicle bus network based on internet of things,"Proceedings - 4th International Conference on Computational and Information Sciences, ICCIS 2012",N2_demand_free
2-s2.0-85119412942,10.1007/978-981-16-7160-9_164,2022,Flexible Integrated Transport Systems’ Potential to Unleash Net Benefits in Rural Areas,Lecture Notes in Civil Engineering,N2_demand_free
2-s2.0-105015659204,10.1016/j.jrurstud.2025.103887,2025,Public transport supply in rural Sweden: Examining distribution through the lens of equity,Journal of Rural Studies,N2_demand_free
2-s2.0-105011619591,10.3390/pr13072254,2025,Research on an Active Distribution Network Planning Strategy Considering Diversified Flexible Resource Allocation,Processes,N2_demand_free
2-s2.0-105020024523,10.1016/j.energy.2025.139024,2025,Stackelberg-Nash bargaining-based low-carbon scheduling for multiple integrated multi-energy systems,Energy,N2_demand_free
2-s2.0-85146363174,10.1109/OJITS.2022.3199108,2022,Impact of Unplanned Long-Term Service Disruptions on Urban Public Transit Systems,IEEE Open Journal of Intelligent Transportation Systems,N2_demand_free
2-s2.0-105043024921,10.3390/urbansci10060309,2026,Schedule-Aware Transit Service Intensity and Urban Equity in the Greater Toronto Area,Urban Science,N2_demand_free
2-s2.0-85023160793,10.1088/1755-1315/70/1/012019,2017,Urban development control based on transportation carrying capacity,IOP Conference Series: Earth and Environmental Science,N2_demand_free
2-s2.0-105036423963,10.1016/j.cities.2026.107115,2026,Quantifying local mobility and unraveling nonlinear mechanisms in the 15-minute city: Evidence from residential- and workplace-based activities,Cities,N2_demand_free
2-s2.0-84911450918,10.1061/(ASCE)TE.1943-5436.0000714,2014,Development of a data-driven platform for transit performance measures using smart card and GPS data,Journal of Transportation Engineering,N2_demand_free
2-s2.0-85123991227,10.1155/2022/3096901,2022,"Exploring Built Environment Influence on Taxi Vacant Time in Megacities: A Case Study of Chongqing, China",Journal of Advanced Transportation,N2_demand_free;N3_open_fleet
2-s2.0-105033234457,10.1016/j.ress.2026.112575,2026,Analysing power system cascading failures and service disruptions in a data-scarce environment: A case study of Vietnam,Reliability Engineering and System Safety,N2_demand_free
2-s2.0-105046832061,10.1109/TSG.2026.3720584,2026,Adaptive Liquid Time-Constant Equivalent Dynamic Model with Transfer Learning for Active Distribution Networks with Grid-Forming IBRs,IEEE Transactions on Smart Grid,N2_demand_free
2-s2.0-80052044011,,2010,Electric cars or high-efficiency transport networks?; [Auto elettrica o reti di trasporto ad alta efficienza?],Economia delle Fonti di Energia e dell'Ambiente,N2_demand_free
2-s2.0-105031672104,10.4271/2025-99-0438,2025,Resilience Evaluation Method for Rail Transit Networks Considering Dynamic Passenger Flows,SAE Technical Papers,N2_demand_free
2-s2.0-85033665081,10.1088/1757-899X/245/4/042052,2017,Impact of Transport Zone Number in Simulation Models on Cost-Benefit Analysis Results in Transport Investments,IOP Conference Series: Materials Science and Engineering,N2_demand_free
2-s2.0-85131786582,10.1109/TSTE.2022.3179837,2022,A Novel Shared Energy Storage Planning Method Considering the Correlation of Renewable Uncertainties on the Supply Side,IEEE Transactions on Sustainable Energy,N2_demand_free
2-s2.0-105005212205,10.1016/j.trc.2025.105164,2025,Multi-agent reinforcement learning with causal communication for ride-sourcing pricing in mixed autonomy mobility,Transportation Research Part C: Emerging Technologies,N2_demand_free
2-s2.0-85127478270,10.1016/j.tra.2022.02.012,2022,The spatial planning of public electric vehicle charging infrastructure in a high-density city using a contextualised location-allocation model,Transportation Research Part A: Policy and Practice,N2_demand_free
2-s2.0-85098652753,,2019,Examining walk access to brt stations: A case study of ahmedabad brts,ITE Journal (Institute of Transportation Engineers),N2_demand_free
2-s2.0-85005990013,10.1016/j.retrec.2016.05.010,2016,"Assessment of the potential for modal shift to non-motorised transport in a developing context: Case of Lima, Peru",Research in Transportation Economics,N2_demand_free
2-s2.0-105035659693,10.1016/j.ress.2026.112737,2026,An integrated framework for dynamic risk coupling and evaluation in railway cold chain transport,Reliability Engineering and System Safety,N2_demand_free
2-s2.0-85101739534,10.1109/ACCESS.2021.3060816,2021,Agent-Based Optimizing Match between Passenger Demand and Service Supply for Urban Rail Transit Network with NetLogo,IEEE Access,N2_demand_free
2-s2.0-85091713245,10.1016/j.retrec.2020.100954,2020,Can multi-modal integration provide enhanced public transport service provision to address the needs of vulnerable populations?,Research in Transportation Economics,N2_demand_free
2-s2.0-85082978382,10.1109/DRPT.2000.855742,2000,A study of transmission planning under a deregulated environment in power system,"DRPT 2000 - International Conference on Electric Utility Deregulation and Restructuring and Power Technologies, Proceedings",N2_demand_free
2-s2.0-33749031823,,2006,Modeling the strategic bidding of the producers in competitive electricity markets with the Watkins's Q(lambda) reinforcement learning,International Journal of Emerging Electric Power Systems,N2_demand_free
2-s2.0-105046914716,10.22034/gjesm.2026.04.13,2026,Eco-industrial park planning based on industrial ecology and ecological network analysis,Global Journal of Environmental Science and Management,N2_demand_free
2-s2.0-85194106612,10.1109/TPWRS.2024.3404472,2025,Multi-Agent Deep Reinforcement Learning for Simulating Centralized Double-Sided Auction Electricity Market,IEEE Transactions on Power Systems,N2_demand_free
2-s2.0-105010917713,10.1016/j.jcmr.2025.100069,2025,Integrating shared electric micromobility and public transport – A practitioner's perspective,Journal of Cycling and Micromobility Research,N2_demand_free
2-s2.0-85113994229,10.3390/wevj12030125,2021,Multi-dimensional analysis of load characteristics of electrical vehicles based on power supply side data and unsupervised learning method,World Electric Vehicle Journal,N2_demand_free
2-s2.0-105031264509,10.1111/ecpo.70042,2026,How Metro Expansion Influences Enterprise Labor Misallocation,Economics and Politics,N2_demand_free
2-s2.0-84938522607,10.3141/2451-05,2014,"Social welfare maximization of multimodal transportation: Theory, metamodel, and application to Tianjin Ecocity, China",Transportation Research Record,N2_demand_free
2-s2.0-77954834913,10.1109/TPWRS.2009.2038783,2010,Long-term effects of feed-in tariffs and carbon taxes on distribution systems,IEEE Transactions on Power Systems,N2_demand_free
2-s2.0-79960097890,10.1016/j.sbspro.2011.04.510,2011,"Design and implementation of efficient transit networks: Procedure, case study and validity test",Procedia - Social and Behavioral Sciences,N2_demand_free
2-s2.0-85085149896,10.1109/ACCESS.2020.2991154,2020,Evaluating Automated Demand Responsive Transit Using Microsimulation,IEEE Access,N2_demand_free
2-s2.0-84888792349,10.1007/978-1-4757-6467-3,2004,Short-term prediction of vehicle occupancy in advanced public transportation information systems (aptis),Operations Research/ Computer Science Interfaces Series,N2_demand_free
2-s2.0-105048792771,10.1016/j.ijepes.2026.112155,2026,Swarm learning for P2P trading among aggregators within virtual power plants: Optimized operation strategy with enhanced privacy protection,International Journal of Electrical Power and Energy Systems,N2_demand_free
2-s2.0-105035615016,10.1109/CCWC67433.2026.11393839,2026,Domain-Adversarial Transfer Learning for Urban Crime Forecasting: A Case Study of the Surrey - Langley SkyTrain Expansion,"2026 IEEE 16th Annual Computing and Communication Workshop and Conference, CCWC 2026",N2_demand_free
2-s2.0-52249124643,10.1109/PES.2008.4596136,2008,Impact of transmission constraints on supply-Side bidding strategy using BLP approach,"IEEE Power and Energy Society 2008 General Meeting: Conversion and Delivery of Electrical Energy in the 21st Century, PES",N2_demand_free
2-s2.0-85062843913,10.1109/MEPCON.2018.8635152,2018,Decarbonized Unit Commitment Applying Water Cycle Algorithm Integrating Plug-In Electric Vehicles,"2018 20th International Middle East Power Systems Conference, MEPCON 2018 - Proceedings",N2_demand_free
2-s2.0-85011423430,10.1016/j.iatssr.2017.01.002,2017,Demand variations and evacuation route flexibility in short-notice bus-based evacuation planning,IATSS Research,N2_demand_free
2-s2.0-85101614554,10.1109/EI250167.2020.9347355,2020,Optimal allocation of distributed generations considering demand response and multi-agent benefits,"2020 IEEE 4th Conference on Energy Internet and Energy System Integration: Connecting the Grids Towards a Low-Carbon High-Efficiency Energy System, EI2 2020",N2_demand_free
2-s2.0-85040613997,10.1109/VTCSpring.2017.8108624,2017,Achieving Low Carbon Emission Using Smart Grid Technologies,IEEE Vehicular Technology Conference,N2_demand_free
2-s2.0-63049098326,10.1109/PECON.2008.4762626,2008,Improving zonal congestion relief management using economical and technical factors of the demand side,PECon 2008 - 2008 IEEE 2nd International Power and Energy Conference,N2_demand_free
2-s2.0-85197207152,10.1080/03081060.2024.2367757,2025,"Development, practical challenges, and application of a state-wide transport model system in Australia",Transportation Planning and Technology,N2_demand_free
2-s2.0-85097431690,10.1109/ACCESS.2020.3041410,2020,Exploring the Dynamic Voltage Signature of Renewable Rich Weak Power System,IEEE Access,N2_demand_free
2-s2.0-105040176511,10.3390/pr14101585,2026,Resilience Enhancement Strategy for Power Systems: A Novel Active Response Model,Processes,N2_demand_free
2-s2.0-85079500260,10.1109/iSPEC48194.2019.8975238,2019,Comprehensive Evaluation of Grid Adaptability Considering Rolling Access of Cascade Power Stations,"iSPEC 2019 - 2019 IEEE Sustainable Power and Energy Conference: Grid Modernization for Energy Revolution, Proceedings",N2_demand_free
2-s2.0-85064173548,10.1016/j.scs.2019.101468,2019,Optimization of household energy consumption towards day-ahead retail electricity price in home energy management systems,Sustainable Cities and Society,N2_demand_free
2-s2.0-38949100793,10.1016/j.tranpol.2007.11.001,2008,Integrated railways-based policies: The Regional Metro System (RMS) project of Naples and Campania,Transport Policy,N2_demand_free
2-s2.0-85021844966,10.1016/j.procs.2017.05.401,2017,Integrating public transport into mobiTopp,Procedia Computer Science,N2_demand_free
2-s2.0-84928009446,,2014,Braess-like paradox in transit network: Activity approach,"Proceedings of the 19th International Conference of Hong Kong Society for Transportation Studies, HKSTS 2014 - Transportation and Infrastructure",N2_demand_free
2-s2.0-77954772211,10.1109/TDC.2010.5484267,2010,Transmission network planning under a price-based demand response program,2010 IEEE PES Transmission and Distribution Conference and Exposition: Smart Solutions for a Changing World,N2_demand_free
2-s2.0-105046502899,10.1109/SM69703.2026.11614143,2026,Fusing Cellular Network Data and Tollbooth Counts for Urban Traffic Flow Estimation,"2026 International Conference on Smart Mobility, SM 2026",N2_demand_free
2-s2.0-84889023826,10.1016/j.ijepes.2013.10.007,2014,Reliability assessment of incentive- and priced-based demand response programs in restructured power systems,International Journal of Electrical Power and Energy Systems,N2_demand_free
2-s2.0-85039035034,10.1016/j.tra.2017.11.019,2018,Improved understanding of the relative quality of bus public transit using a balanced approach to performance data normalization☆,Transportation Research Part A: Policy and Practice,N2_demand_free
2-s2.0-105044271487,10.1016/j.cities.2026.107306,2026,Aligning transit provision with urban morphology: A diagnostic assessment of Porto and Cagliari,Cities,N2_demand_free
2-s2.0-85109440397,10.1016/j.trc.2021.103273,2021,Estimating the route-level passenger demand profile from bus dwell times,Transportation Research Part C: Emerging Technologies,N2_demand_free
2-s2.0-80051683416,10.1016/j.tra.2011.04.006,2011,"Design and implementation of efficient transit networks: Procedure, case study and validity test",Transportation Research Part A: Policy and Practice,N2_demand_free
2-s2.0-105039691208,10.1016/j.trip.2026.102072,2026,Unveiling the challenges and opportunities of autonomous bus integration in rural and suburban areas: An expert interview study,Transportation Research Interdisciplinary Perspectives,N2_demand_free
2-s2.0-85195823488,10.1016/j.trb.2024.102991,2024,Design an intermediary mobility-as-a-service (MaaS) platform using many-to-many stable matching framework,Transportation Research Part B: Methodological,N2_demand_free
2-s2.0-85112605567,10.1109/ACCESS.2021.3102497,2021,Co-Optimization of Supply and Demand Resources for Load Restoration of Distribution System under Extreme Weather,IEEE Access,N2_demand_free
2-s2.0-85047102603,10.3390/en11051038,2018,"A smart grid framework for optimally integrating supply-side, demand-side and transmission line management systems",Energies,N2_demand_free
2-s2.0-84924808759,10.1016/j.ijepes.2015.01.025,2015,Optimal use of energy storage systems with renewable energy sources,International Journal of Electrical Power and Energy Systems,N2_demand_free
2-s2.0-85138468785,10.1016/j.cstp.2022.09.006,2022,"A framework for selecting bus priority system locations in medium-sized cities: Case study in Araraquara, Brazil",Case Studies on Transport Policy,N2_demand_free
2-s2.0-105045178961,10.1016/j.tre.2026.105095,2026,Behaviorally informed optimization of mobility-as-a-service bundle and fleet design for car users,Transportation Research Part E: Logistics and Transportation Review,N2_demand_free
2-s2.0-85145581892,,2022,Urban Grid and Accessibility of Proposed Metro Stations in an Organic City: Using Space Syntax as an Analytical Tool,"Proceedings 13th International Space Syntax Symposium, SSS 2022",N2_demand_free
2-s2.0-85096479314,10.1088/1742-6596/1646/1/012145,2020,The impact of information on system operations,Journal of Physics: Conference Series,N2_demand_free
2-s2.0-105023570085,10.1016/j.egyr.2025.11.098,2025,Risk-constrained optimization of joint spatio-temporal flexibility of mobile energy storage and data centers under uncertainties in distribution systems,Energy Reports,N2_demand_free
2-s2.0-85139933881,10.3390/su141912014,2022,Open Data as a Condition for Smart Application Development: Assessing Access to Hospitals in Croatian Cities,Sustainability (Switzerland),N2_demand_free
2-s2.0-84994589866,10.1080/12265934.2016.1235487,2017,Assessing the spatial equity of Seoul’s public transportation using the Gini coefficient based on its accessibility,International Journal of Urban Sciences,N2_demand_free
2-s2.0-85100757618,10.1007/s10610-020-09473-0,2022,Interdicting International Drug Trafficking: a Network Approach for Coordinated and Targeted Interventions,European Journal on Criminal Policy and Research,N2_demand_free
2-s2.0-84907583406,,2009,Innovation in affordable housing in Australia: Bringing policy and practice for not-for-profit housing organisations together,AHURI Final Report,N2_demand_free
2-s2.0-105051168803,10.1016/j.aftran.2026.100123,2026,"Urban mobility and CO₂ reduction in Maiduguri, Nigeria: Integrating random utility mode choice modelling with SUMO traffic simulation",African Transport Studies,N2_demand_free
2-s2.0-85171614412,10.1016/j.epsr.2023.109780,2023,Bi-objective robust planning model for optimal allocation of soft open points in active distribution network: A flexibility improvement approach,Electric Power Systems Research,N2_demand_free
2-s2.0-85159018943,10.1109/ECCE57851.2023.10101510,2023,A Comprehensive Analysis of Load Shedding with DSM in a Power Grid with IEEE 14 Bus System Adoption of Chittagong Zone,"3rd International Conference on Electrical, Computer and Communication Engineering, ECCE 2023",N2_demand_free
2-s2.0-85211072594,10.1016/j.apenergy.2024.124978,2025,Optimizing bidding strategy in electricity market based on graph convolutional neural network and deep reinforcement learning,Applied Energy,N2_demand_free
2-s2.0-105034772423,10.1016/j.urbmob.2026.100213,2026,Mapping service disruptions and transit user adaptive behaviour: A systematic literature review,Journal of Urban Mobility,N2_demand_free
2-s2.0-85216778326,10.1109/ICPEA63589.2024.10784560,2024,On Source-Network-Load Multi-Body Economic Operation Planning Strategy Considering Transmission Blockage,"International Conference on Power and Energy Applications, ICPEA",N2_demand_free
2-s2.0-105041538342,10.1109/ICSGGE69348.2026.11508999,2026,Power System Risk Dispatch Driven by Multi-Modal Fusion and Transfer Learning,"2026 5th International Conference on Smart Grid and Green Energy, ICSGGE 2026",N2_demand_free
2-s2.0-85108963128,10.1016/j.compeleceng.2021.107302,2021,Market power assessment in electricity markets based on social network analysis,Computers and Electrical Engineering,N2_demand_free
2-s2.0-105021835485,10.1007/978-981-96-8114-3_11,2025,Transit Operational Assessment with Modified Level of Service-Based Measures,Lecture Notes in Civil Engineering,N2_demand_free
2-s2.0-24044456379,10.1098/rspb.2005.3090,2005,Supply-side invasion ecology: Characterizing propagule pressure in coastal ecosystems,Proceedings of the Royal Society B: Biological Sciences,N2_demand_free
2-s2.0-85191411777,10.3390/buildings14041139,2024,Operational Strategy of a DC Inverter Heat Pump System Considering PV Power Fluctuation and Demand-Side Load Characteristics,Buildings,N2_demand_free
2-s2.0-85141912769,10.1016/j.tra.2022.11.008,2022,How do pandemics affect intercity air travel? Implications for traffic and environment,Transportation Research Part A: Policy and Practice,N2_demand_free
2-s2.0-105027133778,10.1016/j.trpro.2025.12.103,2025,Assessing pedestrian crash risks and safety perceptions using video analytics at High-Risk Intersections in India,Transportation Research Procedia,N2_demand_free
2-s2.0-85125238875,10.1007/s40866-022-00134-1,2022,A New Algorithm for Harmonic Impacts with Renewable DG and Non-linear Loads in Smart Distribution Networks,Technology and Economics of Smart Grids and Sustainable Energy,N2_demand_free
2-s2.0-0036592901,,2002,Anti-narcotics responses in Jordan,Middle East Journal,N2_demand_free
2-s2.0-85122762821,10.1016/j.est.2021.103249,2021,Virtual storage plants in parking lots of electric vehicles providing local/global power system support,Journal of Energy Storage,N2_demand_free
2-s2.0-85103031523,10.1007/s11067-021-09525-w,2021,Integrated Model for Timetabling and Circulation Planning on an Urban Rail Transit Line: a Coupled Network-Based Flow Formulation,Networks and Spatial Economics,N2_demand_free
2-s2.0-85074482777,10.1007/s12469-019-00214-z,2021,Before-and-after evaluation of a bus network improvement using performance indicators from historical smart card data,Public Transport,N2_demand_free
2-s2.0-85078265399,10.1007/s00779-020-01363-w,2021,Integrated agent-based microsimulation framework for examining impacts of mobility-oriented policies,Personal and Ubiquitous Computing,N2_demand_free
2-s2.0-105040759115,10.1109/B-HTC67770.2026.11502222,2026,AdaptiMOD: A Hybrid Deep Learning and Multi-Agent Reinforcement Learning Framework for Sustainable Multimodal Transportation in Developing Economies,"2026 IEEE Bangalore Humanitarian Technology Conference, B-HTC 2026",N2_demand_free
2-s2.0-105029009154,10.19272/202606701004,2026,ASSESSING LIGHT RAIL TRANSIT PERFORMANCE FROM AN OPERATOR’S PERSPECTIVE: EVIDENCE FROM ADDIS ABABA,International Journal of Transport Economics,N2_demand_free
2-s2.0-105012448345,10.1109/JSEN.2025.3592669,2025,Vision-Based Few-Shot Railway Intrusion Detection via Dual-Detector and Contrastive Learning,IEEE Sensors Journal,N2_demand_free
2-s2.0-85164991507,10.1016/j.est.2023.108207,2023,Probabilistic optimal power allocation of dispatchable DGs and energy storage units in a reconfigurable grid-connected CCHP microgrid considering demand response,Journal of Energy Storage,N2_demand_free
2-s2.0-85089158820,10.1016/j.tre.2020.102041,2020,Predicting peak load of bus routes with supply optimization and scaled Shepard interpolation: A newsvendor model,Transportation Research Part E: Logistics and Transportation Review,N2_demand_free
2-s2.0-105029528267,10.1021/acsomega.5c10927,2026,Integration of PINN with Conventional Well Logging for Few-Shot TOC Prediction in Ultradeep Source Rocks,ACS Omega,N2_demand_free
2-s2.0-105036165314,10.13052/spee1048-5236.4527,2026,Research on Distribution Transformer Layout Planning Model of Distribution Networks Considering the Impact of Distributed Generation and Electric Vehicles,Strategic Planning for Energy and the Environment,N2_demand_free
2-s2.0-84858599584,10.1080/13658816.2011.574140,2012,Measuring transit system accessibility using a modified two-step floating catchment technique,International Journal of Geographical Information Science,N2_demand_free
2-s2.0-85006819163,10.1016/j.trb.2016.10.015,2017,Crowding cost estimation with large scale smart card and vehicle location data,Transportation Research Part B: Methodological,N2_demand_free
2-s2.0-39549085039,10.1109/PSCE.2006.296312,2006,Investigating smooth power flow control for dispersed generator working parallel to the grid system on the load side,"2006 IEEE PES Power Systems Conference and Exposition, PSCE 2006 - Proceedings",N2_demand_free
2-s2.0-85125082457,10.1007/s13204-022-02364-2,2023,Design of dynamic voltage restorer in the power quality improvement for voltage problems,Applied Nanoscience (Switzerland),N2_demand_free
2-s2.0-85146369370,10.1109/ICAMechS57222.2022.10003423,2022,Optimization of Transport Services Based on the K Shortest Path Algorithm,"International Conference on Advanced Mechatronic Systems, ICAMechS",N2_demand_free
2-s2.0-85180405569,10.1109/PowerCon58120.2023.10331517,2023,Design and Application of An Integrated Energy Management System for Park Enterprises,"Proceedings - 2023 International Conference on Power System Technology: Technological Advancements for the Construction of New Power System, PowerCon 2023",N2_demand_free
2-s2.0-84888795692,10.1007/978-1-4757-6467-3,2004,Schedule-based dynamic assignment models for public transport networks,Operations Research/ Computer Science Interfaces Series,N2_demand_free
2-s2.0-105025938349,10.3390/app152412885,2025,Multi-Level Evaluation for Flexible Load Regulation Potential in Distribution Network Based on Ensemble Clustering,Applied Sciences (Switzerland),N2_demand_free
2-s2.0-85208537296,10.1016/j.tbs.2024.100936,2025,Studying transfers in informal transport networks using volunteered GPS data,Travel Behaviour and Society,N2_demand_free
2-s2.0-105019185686,10.1177/23998083251387382,2026,MAP: Mapping accessibility for ethically informed urban planning,Environment and Planning B: Urban Analytics and City Science,N2_demand_free
2-s2.0-85077501097,10.1007/978-981-15-0214-9_93,2020,Scheduling energy storage to provide balancing during line contingency at high wind penetration,Lecture Notes in Electrical Engineering,N2_demand_free
2-s2.0-85147253922,10.1016/j.treng.2023.100163,2023,Managerial decisions to recover from Covid-19 disruption: A multi-objective optimization approach applied to public transport operators,Transportation Engineering,N2_demand_free
2-s2.0-85086824867,10.1016/j.tra.2020.06.004,2020,Assessing the impacts of automated mobility-on-demand through agent-based simulation: A study of Singapore,Transportation Research Part A: Policy and Practice,N2_demand_free
2-s2.0-85088595656,10.1109/ACPEE48638.2020.9136172,2020,Overvoltage simulation and analysis of switching-off shunt reactor with 12kV vacuum circuit breaker,"Proceedings - 2020 5th Asia Conference on Power and Electrical Engineering, ACPEE 2020",N2_demand_free
2-s2.0-105041961311,10.19961/j.cnki.1672-4747.2025.04.023,2026,Commuter bus accessibility evaluation in metropolitan area considering social equity; [考虑社会公平性的都市圈通勤公交可达性评价],Journal of Transportation Engineering and Information,N2_demand_free
2-s2.0-85123166104,10.1016/j.epsr.2021.107770,2022,Rolling unit commitment based on dual-discriminator conditional generative adversarial networks,Electric Power Systems Research,N2_demand_free
2-s2.0-105036480344,10.1016/j.cstp.2026.101816,2026,"An in-depth investigation of time and space-based accessibility inequities in the public transport system of Athens, Greece",Case Studies on Transport Policy,N2_demand_free
2-s2.0-105027022502,10.3390/su18010067,2026,Predicting Public Transit Demand Using Urban Imagery with a Dual-Latent Deep Learning Framework,Sustainability (Switzerland),N2_demand_free
2-s2.0-85107874567,10.3390/en14112853,2021,A comparative design of a campus microgrid considering a multi-scenario and multi-objective approach,Energies,N2_demand_free
2-s2.0-85066419260,10.1007/s12061-017-9239-1,2019,Mapping Urban Accessibility in Data Scarce Contexts Using Space Syntax and Location-Based Methods,Applied Spatial Analysis and Policy,N2_demand_free
2-s2.0-105008471913,10.1093/tse/tdaf015,2025,Identifying public transit deserts: A travel demand-independent persistent homology-based method,Transportation Safety and Environment,N2_demand_free
2-s2.0-84875163829,10.1145/2442942.2442948,2012,Missed connections: Quantifying and optimizing multi-modal interconnectivity in cities,IWCTS 2012 - 5th ACM SIGSPATIAL International Workshop on Computational Transportation Science,N2_demand_free
2-s2.0-84919348767,10.1109/PIC.2014.6972415,2014,A FlexiFare Bus (F2B) system to reduce bus bunching problem,PIC 2014 - Proceedings of 2014 IEEE International Conference on Progress in Informatics and Computing,N2_demand_free
2-s2.0-105047201245,10.3390/su18157774,2026,Towards Sustainable Electric Bus Fleet Electrification: A Rolling Stock Digital Twin for Pre-Investment Charging Infrastructure Planning in a Resource-Constrained Environment,Sustainability (Switzerland),N2_demand_free
2-s2.0-85040323251,10.1016/j.future.2017.12.051,2020,Integrating public transport into mobiTopp,Future Generation Computer Systems,N2_demand_free
2-s2.0-45149110488,,2007,"Promoting transit oriented development in the Atlantis Corridor, Cape Town: Towards an implementable model",SATC 2007 - 26th Annual Southern African Transport Conference: The Challenges of Implementing Policy,N2_demand_free
2-s2.0-85051364299,10.1109/TITS.2018.2841965,2018,Optimal Charging Schemes for Electric Vehicles in Smart Grid: A Contract Theoretic Approach,IEEE Transactions on Intelligent Transportation Systems,N2_demand_free
2-s2.0-105010874023,10.1080/02508281.2025.2506177,2026,Local stakeholders' perspectives on food-related wellness tourism in Central Vietnam: Challenges and opportunities,Tourism Recreation Research,N2_demand_free
2-s2.0-85120969630,10.1177/01423312211060572,2021,Low-carbon economic dispatch of integrated electricity and natural gas energy system considering carbon capture device,Transactions of the Institute of Measurement and Control,N2_demand_free
2-s2.0-85177088775,10.1016/j.est.2023.109682,2024,Multi-objective Adaptive Fuzzy Campus Placement based Optimization Algorithm for optimal integration of DERs and DSTATCOMs,Journal of Energy Storage,N2_demand_free
2-s2.0-85104409614,10.1007/978-3-030-71454-3_5,2021,An Individual-Based Simulation Approach to Demand Responsive Transport,"Lecture Notes of the Institute for Computer Sciences, Social-Informatics and Telecommunications Engineering, LNICST",N2_demand_free
2-s2.0-85084474579,10.1016/j.drugpo.2020.102719,2020,Reliable drug war data: The Consolidated Counterdrug Database and cocaine interdiction in the “Transit Zone”,International Journal of Drug Policy,N2_demand_free
2-s2.0-105018912073,10.1016/j.ijhydene.2025.152084,2025,Supply of the hydrogen refuelling stations in the Hungarian part of the Trans-European Transport Network – comparison of the methane splitting and water electrolysis,International Journal of Hydrogen Energy,N2_demand_free
2-s2.0-85184872134,10.22098/joape.2023.11565.1861,2024,Solution to Objectives of Supply Side Energy Management by Integrating Enhanced Demand Response Strategy,Journal of Operation and Automation in Power Engineering,N2_demand_free
2-s2.0-85117422107,10.1080/23800127.2019.1573779,2019,Rational choice in everyday mobility decisions of Austrian employees,Applied Mobilities,N2_demand_free
2-s2.0-85060861956,10.1109/EI2.2018.8582056,2018,Determination of Optimal Configuration Point for DSTATCOM in Distribution System,"2nd IEEE Conference on Energy Internet and Energy System Integration, EI2 2018 - Proceedings",N2_demand_free
2-s2.0-84968884513,10.1287/trsc.2014.0553,2016,"Approximating the performance of a ""last mile"" transportation system",Transportation Science,N2_demand_free
2-s2.0-80053366549,10.1016/j.tranpol.2011.07.003,2012,Public transport pre-pay tickets: Understanding passenger choice for different products,Transport Policy,N2_demand_free
2-s2.0-105013247439,10.1016/j.cie.2025.111448,2025,Agent-based modeling of network-wide metro operations for control strategy evaluation,Computers and Industrial Engineering,N2_demand_free
2-s2.0-105035367514,10.1016/j.trc.2026.105687,2026,Coordinated scheduling and pricing for public transport-oriented MaaS systems: A passenger-centric approach,Transportation Research Part C: Emerging Technologies,N2_demand_free
2-s2.0-85166620265,10.1177/03611981231179468,2024,Partial Electrification Strategies for Diesel Commuter Rail’s Climate Challenge,Transportation Research Record,N2_demand_free
2-s2.0-105029019090,10.3390/encyclopedia6010026,2026,Smart Mobility and Last-Mile Rail Integration,Encyclopedia,N2_demand_free
2-s2.0-85218684174,10.1007/s42421-025-00116-6,2025,Overcoming Data Scarcity in Transit Planning: A Novel Framework Combining Machine Learning and Metaheuristics,Data Science for Transportation,N2_demand_free
2-s2.0-85068455317,10.1109/YEF-ECE.2019.8740816,2019,Analysing public transport data through the use of big data tecnhologies for urban mobility,"Proceedings - 2019 International Young Engineers Forum, YEF-ECE 2019",N2_demand_free
2-s2.0-105049074261,10.1016/j.trip.2026.102219,2026,The partial adaptation of mobility practices to public transport shock effects: evidence from the Greater Geneva cross-border region,Transportation Research Interdisciplinary Perspectives,N2_demand_free
2-s2.0-105046317511,10.1177/10591478261472202,2026,Platform competition and adoption heterogeneity: How dockless bike sharing shapes urban air quality,Production and Operations Management,N2_demand_free
2-s2.0-85132285309,10.1109/CEEPE55110.2022.9783307,2022,A Black Start Simulation Method with Energy Storage Assistance Systems in Wind Power Consumption,"2022 5th International Conference on Energy, Electrical and Power Engineering, CEEPE 2022",N2_demand_free
2-s2.0-85195631425,10.1016/j.tre.2024.103598,2024,Passenger social rerouting strategies in capacitated public transport systems,Transportation Research Part E: Logistics and Transportation Review,N2_demand_free
2-s2.0-85137802144,10.1186/s12544-022-00565-y,2022,Sustainable development assessment of incentive-driven shared on-demand mobility systems in rural settings,European Transport Research Review,N2_demand_free
2-s2.0-85126460180,10.1109/EEEIC/ICPSEurope51590.2021.9584698,2021,Providing Flexibility in Distribution Systems by Electric Vehicles and Distributed Energy Resources in the Context of Technical Virtual Power Plants,"21st IEEE International Conference on Environment and Electrical Engineering and 2021 5th IEEE Industrial and Commercial Power System Europe, EEEIC / I and CPS Europe 2021 - Proceedings",N2_demand_free
2-s2.0-33646528917,10.1016/j.epsr.2005.12.004,2006,Assessing the market power due to the network constraints in competitive electricity markets,Electric Power Systems Research,N2_demand_free
2-s2.0-105048476703,10.1016/j.tra.2026.105233,2026,Zero-shot cross-city ride-hailing demand prediction leveraging transferable urban spatiotemporal dynamics,Transportation Research Part A: Policy and Practice,N2_demand_free
2-s2.0-105010818255,10.1088/1742-6596/3001/1/012025,2025,"Integrated practice of photovoltaic, energy storage, DC micro-grid and flexible energy control technologies in commercial buildings",Journal of Physics: Conference Series,N2_demand_free
2-s2.0-32144447606,10.1109/TPWRS.2005.857833,2006,Network constraint impacts on the competitive electricity markets under supply-side strategic bidding,IEEE Transactions on Power Systems,N2_demand_free
2-s2.0-105009360265,10.1016/j.ijepes.2025.110864,2025,Optimization of sizing and energy management in hybrid energy storage systems for transient suppression in ship power systems under adverse sea conditions,International Journal of Electrical Power and Energy Systems,N2_demand_free
2-s2.0-85078760089,10.1115/IMECE2019-11415,2019,Discovery of public transportation patterns through the use of big data technologies for urban mobility,"ASME International Mechanical Engineering Congress and Exposition, Proceedings (IMECE)",N2_demand_free
2-s2.0-85045642834,10.1016/j.tra.2018.04.004,2018,Integrating shared autonomous vehicle in public transportation system: A supply-side simulation of the first-mile service in Singapore,Transportation Research Part A: Policy and Practice,N2_demand_free
2-s2.0-85182216253,10.1177/03611981231220563,2024,Faster Convergence of Integrated Activity-Based Models in Dynamic Multimodal Transit Assignment Using Macroscopic Road Congestion Estimation,Transportation Research Record,N2_demand_free
2-s2.0-85177793370,10.1007/s10707-023-00510-8,2024,Meta-learning based passenger flow prediction for newly-operated stations,GeoInformatica,N2_demand_free
2-s2.0-85107488644,10.1109/ACPEE51499.2021.9436995,2021,Research on Source-Load Coordination Improving the Flexibility of Power System with High Proportional Wind Power,"Proceedings - 2021 6th Asia Conference on Power and Electrical Engineering, ACPEE 2021",N2_demand_free
2-s2.0-85115836907,10.1109/MT-ITS49943.2021.9529310,2021,The potential of real-time crowding information in reducing bus bunching under different network saturation levels,"2021 7th International Conference on Models and Technologies for Intelligent Transportation Systems, MT-ITS 2021",N2_demand_free
2-s2.0-84989953352,,2016,Route choice of containership on a global scale and model development: Focusing on the Suez Canal,International Journal of Transport Economics,N2_demand_free
2-s2.0-84975848386,10.1080/12265934.2005.9693575,2005,Transportation policies for the elderly and disabled in Japan,International Journal of Urban Sciences,N2_demand_free
2-s2.0-105039022440,10.1007/978-981-95-3019-9_42,2026,Mechanisms of Air Transport Network Accessibility from the Supply-Side Perspective: Empirical Evidence from Xinjiang's Intra-Regional Connectivity,Lecture Notes in Mechanical Engineering,N2_demand_free
2-s2.0-105019522028,10.1007/s43762-025-00214-9,2025,"Synthetic population and urban mobility modeling using open and publicly available data - a Washington, DC COVID case study",Computational Urban Science,N3_open_fleet
2-s2.0-85197766544,10.2196/58761,2024,"Moderation Effects of Streetscape Perceptions on the Associations Between Accessibility, Land Use Mix, and Bike-Sharing Use: Cross-Sectional Study",JMIR Public Health and Surveillance,N3_open_fleet
2-s2.0-85149253204,10.1177/23998083231158370,2023,Quantifying the environmental characteristics influencing the attractiveness of commercial agglomerations with big geo-data,Environment and Planning B: Urban Analytics and City Science,N3_open_fleet
2-s2.0-85098273598,10.1061/9780784483053.252,2020,Research on the Influence of Built Environment on Ridership: Insights from Nanjing,CICTP 2020: Transportation Evolution Impacting Future Mobility - Selected Papers from the 20th COTA International Conference of Transportation Professionals,N3_open_fleet
2-s2.0-85090592841,10.1145/3407982.3408007,2020,Traffic flow city index based on public transportation vehicles data,ACM International Conference Proceeding Series,N3_open_fleet
2-s2.0-105030348062,10.1016/j.cstp.2026.101750,2026,A GIS-based methodology to assess bus public transit supply-demand gaps,Case Studies on Transport Policy,N3_open_fleet;N5_proxy_headway
2-s2.0-84872240582,10.3141/2276-18,2012,Spatially aware model for optimal site selection,Transportation Research Record,N3_open_fleet
2-s2.0-105051073978,10.3389/fphy.2026.1897232,2026,Nonlinear responses of station-area functional vitality to the built environment in urban rail transit networks: an interpretable machine learning approach,Frontiers in Physics,N3_open_fleet
2-s2.0-85189515848,10.1109/R10-HTC57504.2023.10461879,2023,"Innovative Discrete Event Simulation With GPS Assistance for Bus Route 45 Scheduling in Seattle, WA","IEEE Region 10 Humanitarian Technology Conference, R10-HTC",N3_open_fleet
2-s2.0-105023171578,10.3390/ijgi14110427,2025,Accelerating Computation for Estimating Land Surface Temperature: An Efficient Global–Local Regression (EGLR) Framework,ISPRS International Journal of Geo-Information,N3_open_fleet
2-s2.0-85116060012,10.3390/ijerph181910250,2021,"The effect of high-density built environments on elderly individuals’ physical health: A cross-sectional study in Guangzhou, China",International Journal of Environmental Research and Public Health,N3_open_fleet
2-s2.0-85159194284,10.1117/12.2668562,2023,A method for the selection of bus route time control points incorporating APTS and POI data,Proceedings of SPIE - The International Society for Optical Engineering,N3_open_fleet
2-s2.0-85056120735,10.1080/15472450.2018.1518137,2019,Identification and interpretation of spatial–temporal mismatch between taxi demand and supply using global positioning system data,"Journal of Intelligent Transportation Systems: Technology, Planning, and Operations",N3_open_fleet
2-s2.0-85146305065,10.1016/j.scs.2022.104384,2023,Popularity influence mechanism of creative industry parks: A semantic analysis based on social media data,Sustainable Cities and Society,N3_open_fleet
2-s2.0-85123989148,10.1155/2022/7542560,2022,Spatially Varying Relation between Built Environment and Station-Level Subway Passenger-Distance,Journal of Advanced Transportation,N3_open_fleet
2-s2.0-0034974343,10.1109/HICSS.2001.927077,2001,Evaluating optimizations for multiprocessors E-commerce server running TPC-W workload,Proceedings of the Hawaii International Conference on System Sciences,N4_permit_reform
2-s2.0-85106368521,10.1016/j.cstp.2021.11.013,2022,"Improving paratransit service: Lessons from transport management companies in Nairobi, Kenya and their transferability",Case Studies on Transport Policy,N4_permit_reform
2-s2.0-49749120575,10.1109/DATE.2008.4484834,2008,Operating system controlled processor-memory bus encryption,"Proceedings -Design, Automation and Test in Europe, DATE",N4_permit_reform
2-s2.0-79954543990,10.1002/atr.116,2011,Effects of regulation changes in seoul bus system: Private bus operation under non-competitive fixed price contract,Journal of Advanced Transportation,N4_permit_reform
2-s2.0-84919497023,10.1016/j.ijepes.2014.12.008,2015,Large-scale power system controlled islanding based on Backward Elimination Method and Primary Maximum Expansion Areas considering static voltage stability,International Journal of Electrical Power and Energy Systems,N4_permit_reform
2-s2.0-105049089440,10.1016/j.dib.2026.113190,2026,"Citywide traffic sensor network in Nova Gorica, Slovenia: 2025-2026 telraam S2 dataset",Data in Brief,N4_permit_reform
2-s2.0-33748302303,10.1016/j.molstruc.2006.02.064,2006,Single-metal-ion-based molecular building blocks (MBBs) approach to the design and synthesis of metal-organic assemblies,Journal of Molecular Structure,N4_permit_reform
2-s2.0-0034249024,10.1016/S0920-3796(00)00138-1,2000,Upgrading a TEXTOR Data Acquisition system for remote participation using Java and Corba,Fusion Engineering and Design,N4_permit_reform
2-s2.0-105012198803,10.1016/bs.hesreg.2025.06.007,2025,Quantitative urban economics ☆,Handbook of Regional and Urban Economics,N4_permit_reform
2-s2.0-85082185945,10.1016/j.retrec.2020.100839,2020,Formalising the jeepney industry in the Philippines – A confirmatory thematic analysis of key transitionary issues,Research in Transportation Economics,N4_permit_reform
2-s2.0-105043031019,10.1016/j.aftran.2026.100103,2026,Usage intensity and passenger satisfaction in mixed formal-informal public transport systems: Evidence from Dar es Salaam,African Transport Studies,N5_proxy_headway
2-s2.0-85216070592,10.1109/CIPAE64326.2024.00104,2024,Optimization Study of Metro Service Based on LSTM Model and Floyd Algorithm,"Proceedings - 2024 International Conference on Computers, Information Processing and Advanced Education, CIPAE 2024",N5_proxy_headway
2-s2.0-85205346927,10.1088/1755-1315/1395/1/012026,2024,Sustainability Challenges: How Public Transport Supports Eco-Tourism Industries,IOP Conference Series: Earth and Environmental Science,N5_proxy_headway
2-s2.0-84863794969,10.5038/2375-0901.14.1.2,2011,Analysis of passenger-ferry routes using connectivity measures,Journal of Public Transportation,N5_proxy_headway
2-s2.0-105047215944,10.1038/s41598-026-55471-3,2026,Degradation-constrained multi-agent reinforcement learning with centralized training and decentralized execution for vehicle-to-grid optimization in renewable-dominated distribution networks,Scientific Reports,N5_proxy_headway
2-s2.0-85175444145,10.1016/j.trc.2023.104395,2023,Microtransit adoption in the wake of the COVID-19 pandemic: Evidence from a choice experiment with transit and car commuters,Transportation Research Part C: Emerging Technologies,N5_proxy_headway
2-s2.0-50849110152,10.3141/2042-03,2008,"Analysis of transit quality of service and employment accessibility for the greater Chicago, Illinois, region",Transportation Research Record,N5_proxy_headway
2-s2.0-85109486296,10.1016/j.tranpol.2021.06.013,2021,Car users’ attitudes towards an enhanced bus system to mitigate urban congestion in a developing country,Transport Policy,N5_proxy_headway
2-s2.0-84935008124,10.1016/j.ssci.2015.06.006,2015,Robustness assessment of urban rail transit based on complex network theory: A case study of the Beijing Subway,Safety Science,N5_proxy_headway
2-s2.0-0035395481,10.1061/(ASCE)0733-947X(2001)127:4(334),2001,Development of feeder routes for Suburban railway stations using heuristic approach,Journal of Transportation Engineering,N5_proxy_headway
2-s2.0-84888598018,,2013,Analyzing demands and activities of public transit users from the accesses to the public transit guidance service,Proceedings of the SICE Annual Conference,N5_proxy_headway
2-s2.0-85190289667,10.1016/j.eswa.2024.123833,2024,A multi-task deep learning framework for forecasting sparse demand of demand responsive transit,Expert Systems with Applications,N5_proxy_headway
2-s2.0-85114230429,,2021,Smart school routing problem for the new normality,Proceedings of the International Conference on Industrial Engineering and Operations Management,N5_proxy_headway
2-s2.0-85148456954,10.1109/TPWRS.2023.3241862,2024,Simultaneous Assessment of Multiple Aspects of Stability of Power Systems With Renewable Generation,IEEE Transactions on Power Systems,N5_proxy_headway
2-s2.0-84994376780,10.3141/2539-15,2016,Determining optimal strategies for single-line bus operation by means of smartphone demand data,Transportation Research Record,N5_proxy_headway
2-s2.0-85139014508,10.1061/9780784484265.128,2022,Research on Customized Bus Demand Identification and Route Layout,"CICTP 2022: Intelligent, Green, and Connected Transportation - Proceedings of the 22nd COTA International Conference of Transportation Professionals",N5_proxy_headway
2-s2.0-84864506423,10.1016/j.jtrangeo.2012.06.014,2012,"Using floating catchment analysis (FCA) techniques to examine intra-urban variations in accessibility to public transport opportunities: The example of Cardiff, Wales",Journal of Transport Geography,N5_proxy_headway
2-s2.0-84255168446,10.3141/2217-01,2011,Differences in travel behavior and demand potential of tram-and bus-based neighborhoods: Evidence from a cluster analysis,Transportation Research Record,N5_proxy_headway
2-s2.0-85100849707,10.1109/TITS.2021.3054678,2021,Optimal Design for Demand Responsive Connector Service Considering Elastic Demand,IEEE Transactions on Intelligent Transportation Systems,N5_proxy_headway
2-s2.0-85125626058,10.1007/s11116-022-10270-3,2023,Mitigating bus bunching with real-time crowding information,Transportation,N5_proxy_headway
2-s2.0-105011609293,10.1016/j.rtbm.2025.101471,2025,Causal effect between financial viability and service quality in Indian public transport: Evidence from a Dumitrescu-Hurlin panel causality test,Research in Transportation Business and Management,N5_proxy_headway
2-s2.0-85106487426,10.3390/ijgi10030173,2021,Coupling degree between the demand and supply of bus services at stops: A density-based approach,ISPRS International Journal of Geo-Information,N5_proxy_headway
2-s2.0-85068859948,10.1016/j.tranpol.2019.07.004,2019,Controlling for endogeneity between bus headway and bus ridership: A case study of the Orlando region,Transport Policy,N5_proxy_headway
2-s2.0-105047388621,10.1016/j.cstp.2026.101939,2026,Multidimensional Benchmarking of Metro Systems in India: A PCA-SFA Framework for Operational and Financial Efficiency,Case Studies on Transport Policy,N5_proxy_headway
2-s2.0-85191317377,10.1016/j.jum.2024.04.002,2024,Spatiotemporal impacts of metro network structure on land use change,Journal of Urban Management,N5_proxy_headway
2-s2.0-80053307849,10.1061/41186(421)287,2011,Evaluation of bus service reliability based on avl information,ICCTP 2011: Towards Sustainable Transportation Systems - Proceedings of the 11th International Conference of Chinese Transportation Professionals,N5_proxy_headway
2-s2.0-34848835515,10.1016/j.compenvurbsys.2007.08.005,2007,Where are public transit needed - Examining potential demand for public transit for commuting trips,"Computers, Environment and Urban Systems",N5_proxy_headway
2-s2.0-85189508929,10.35833/MPCE.2023.000414,2024,Distributed Stochastic Scheduling of Massive Backup Batteries in Cellular Networks for Operational Reserve and Frequency Support Ancillary Services,Journal of Modern Power Systems and Clean Energy,N5_proxy_headway
2-s2.0-85159066472,10.1016/j.trpro.2023.02.234,2023,A simulation-optimization approach to solve the first and last mile of mass rapid transit via feeder services,Transportation Research Procedia,N5_proxy_headway
2-s2.0-85214009656,10.1016/j.rtbm.2024.101283,2025,Performance assessment of public transport routes: A framework using revealed data,Research in Transportation Business and Management,N5_proxy_headway
2-s2.0-85083251297,10.1080/15568318.2020.1734886,2021,Estimating bicycle demand in an aggressive environment,International Journal of Sustainable Transportation,N5_proxy_headway
2-s2.0-85082573716,10.1088/1757-899X/771/1/012052,2020,The planning of campus bus in Islamic University of Indonesia with geographic system information,IOP Conference Series: Materials Science and Engineering,N5_proxy_headway
2-s2.0-85181003071,10.14445/22315381/IJETT-V71I12P208,2023,Mass Transit Route Network Planning in Makassar City,International Journal of Engineering Trends and Technology,N5_proxy_headway
2-s2.0-85077795353,10.1088/1742-6596/1349/1/012049,2019,Bus service indicator: The different sight of performance index development,Journal of Physics: Conference Series,N5_proxy_headway
2-s2.0-84904413558,10.1016/j.jtrangeo.2014.06.022,2014,"Spatial analysis of access to and accessibility surrounding train stations: A case study of accessibility for the elderly in Perth, Western Australia",Journal of Transport Geography,N5_proxy_headway
2-s2.0-85116906921,10.1109/TITS.2020.2991834,2021,A Data Driven Approach to Match Demand and Supply for Public Transport Planning,IEEE Transactions on Intelligent Transportation Systems,N5_proxy_headway
2-s2.0-85088422544,10.22616/ERDev2020.19.TF471,2020,Assessment of alternative mobility opportunities for connecting jelgava and riga,Engineering for Rural Development,N5_proxy_headway
2-s2.0-85093100755,10.1109/ICE/ITMC49519.2020.9198496,2020,Model for future thin-haul air mobility demand in Germany,"Proceedings - 2020 IEEE International Conference on Engineering, Technology and Innovation, ICE/ITMC 2020",N5_proxy_headway
2-s2.0-84880745544,10.1007/978-3-642-39137-8_32,2013,A log analyzer of public transit guidance service to improve a route bus service,Lecture Notes in Computer Science (including subseries Lecture Notes in Artificial Intelligence and Lecture Notes in Bioinformatics),N5_proxy_headway
2-s2.0-85212211604,10.1063/5.0236733,2024,Analysis of potential demand of LRT Jakarta Velodrome - Manggarai route based on public preferences,AIP Conference Proceedings,N5_proxy_headway
2-s2.0-85165761951,10.1061/9780784484876.045,2023,A Study on the Choice of Self-Driving Rides for Elderly People,International Conference on Transportation and Development 2023: Transportation Safety and Emerging Technologies - Selected Papers from the International Conference on Transportation and Development 2023,N5_proxy_headway
2-s2.0-105034309533,10.3390/engproc2025121006,2026,Optimization of Feeder Buses Route to Connect High-Speed Railway Stations with Urban Areas †,Engineering Proceedings,N5_proxy_headway
2-s2.0-85017429959,10.1080/03081060.2017.1314497,2017,"Estimating light-rail transit peak-hour boarding based on accessibility at station and route levels in Wuhan, China",Transportation Planning and Technology,N5_proxy_headway
2-s2.0-84891348518,10.1061/(ASCE)TE.1943-5436.0000445,2014,"Rail transit route optimization model for rail infrastructure planning and design: Case study of Saint Andrews, Scotland",Journal of Transportation Engineering,N5_proxy_headway
2-s2.0-105032113405,10.1109/ISGTMiddleEast65737.2025.11314276,2025,Forced Oscillation Source Location and Source type Classification,2025 IEEE PES Conference on Innovative Smart Grid Technologies - Middle East (ISGT Middle East),N5_proxy_headway
2-s2.0-85062385911,10.1186/s12889-019-6560-4,2019,"Foot-based audit of streets adjacent to new light rail stations in Houston, Texas: Measurement of health-related characteristics of the built environment for physical activity research",BMC Public Health,N5_proxy_headway
2-s2.0-85011585199,10.1155/2017/1090457,2017,Route Design Model of Feeder Bus Service for Urban Rail Transit Stations,Mathematical Problems in Engineering,N5_proxy_headway
2-s2.0-105041946082,10.19961/j.cnki.1672-4747.2025.08.016,2026,Customized bus routing optimization considering carbon emission reduction benefits; [考虑碳减排收益的定制公交线路规划与运营优化],Journal of Transportation Engineering and Information,N5_proxy_headway
2-s2.0-85159766268,10.1016/j.scs.2023.104630,2023,Designing and planning sustainable customized bus service for departing attendees of planned special events: A two-phase methodology integrating data-driven and demand-responsive,Sustainable Cities and Society,N5_proxy_headway
2-s2.0-85201222318,10.1080/21680566.2024.2389882,2024,Optimal fare and headway for a demand adaptive paired-line hybrid transit system in a rectangular area with elastic demand,Transportmetrica B,N5_proxy_headway
2-s2.0-85074193944,10.1061/(ASCE)UP.1943-5444.0000538,2020,"Travelers' Potential Demand toward Flex-Route Transit: Nanjing, China, Case Study",Journal of Urban Planning and Development,N5_proxy_headway
2-s2.0-27644583730,10.1061/(ASCE)0733-947X(2005)131:11(822),2005,Feeder bus routes generation within integrated mass transit planning framework,Journal of Transportation Engineering,N5_proxy_headway
2-s2.0-105033603814,10.1080/23754931.2026.2646852,2026,Quantifying the Accessibility to Public Transit in Rural Areas Using ArcGIS and GTFS,Papers in Applied Geography,N5_proxy_headway
2-s2.0-85055339645,10.1051/matecconf/201818110001,2018,A demand and capacity analysis on bus semirapid transit network (Case: Jabodetabek public transport network),MATEC Web of Conferences,N5_proxy_headway
2-s2.0-85192547359,10.1016/j.jth.2024.101818,2024,Exploring the effect of neighbouring built and demographic environment on station-level bike-sharing trips under COVID-19,Journal of Transport and Health,N5_proxy_headway
2-s2.0-105032879960,10.1016/j.scs.2026.107297,2026,Equity-aware optimization for urban transit decarbonization: Modeling and case study,Sustainable Cities and Society,N5_proxy_headway
2-s2.0-85121686448,10.1016/j.trb.2021.12.007,2022,Optimized two-directional phased development of a rail transit line,Transportation Research Part B: Methodological,N5_proxy_headway
2-s2.0-85216182919,10.1016/j.trpro.2024.12.136,2025,Where is the potential market for Taiwanese carriers to launch new direct flight services in the US?,Transportation Research Procedia,N5_proxy_headway
2-s2.0-85020386681,,2017,Improving public transport management through optimizing use of resources: A case study,International Journal for Housing Science and Its Applications,N5_proxy_headway
2-s2.0-85207450953,10.1109/PESGM51994.2024.10689139,2024,A Strategic Grid Forming Inverter Placement Framework Considering Centre of Inertia and Voltage Stiffness,IEEE Power and Energy Society General Meeting,N5_proxy_headway
2-s2.0-105042484918,10.1088/2631-8695/ae7bb4,2026,An improved GWO-based closed-loop bi-level optimization strategy for integrated multi-energy microgrid-distribution network,Engineering Research Express,N5_proxy_headway
2-s2.0-85129487851,10.1007/s12205-022-1157-3,2022,A Planning Model for Flexible-Route Bus Operations with Financial Constraints,KSCE Journal of Civil Engineering,N5_proxy_headway
2-s2.0-105037029737,10.3390/en19081906,2026,Unified Stability Metrics for Grid-Support Technologies in a PV-Dominated IEEE 9-Bus Test System,Energies,N5_proxy_headway
2-s2.0-85203997204,10.1016/j.jtrangeo.2024.104007,2024,Equity of access to rail services by complementary motorized and active modes,Journal of Transport Geography,N5_proxy_headway
2-s2.0-85137917679,10.1109/TPWRS.2022.3203887,2023,The Impacts of Demand Side Management on Combined Frequency and Angular Stability of the Power System,IEEE Transactions on Power Systems,N5_proxy_headway
2-s2.0-20444506366,10.1061/(ASCE)0733-9488(2005)131:2(98),2005,Optimal urban rail transit corridor identification within integrated framework using geographical information system,Journal of Urban Planning and Development,N5_proxy_headway
2-s2.0-85083443762,10.1016/j.trpro.2020.03.012,2020,Bridging the gap between weak-demand areas and public transport using an ant-colony simulation-based optimization,Transportation Research Procedia,N5_proxy_headway
2-s2.0-85033444673,10.1057/mel.2016.9,2017,Modeling transportation demand in short sea shipping oa,Maritime Economics and Logistics,N5_proxy_headway
2-s2.0-85103371568,10.1080/00207233.2021.1905298,2022,"The impact of construction of hill roads on the environment, assessed using the multi-criteria approach",International Journal of Environmental Studies,N6_kashmir_india_bus
2-s2.0-85108406699,10.5958/0974-083X.2020.00100.4,2020,A retrospective study of fatal road traffic accident cases in a hilly region of Uttarakhand,Journal of Punjab Academy of Forensic Medicine and Toxicology,N6_kashmir_india_bus
2-s2.0-85092202975,10.1016/j.trpro.2020.08.245,2020,Impact of Car Restrictive Policies: A Case Study of Srinagar City in JandK State India,Transportation Research Procedia,N6_kashmir_india_bus
2-s2.0-105008029795,10.1016/j.afres.2025.100973,2025,"Isolation and characterization of Lactic acid Bacteria from spontaneously fermented kohlrabi pickle of Jammu and Kashmir, India",Applied Food Research,N6_kashmir_india_bus
2-s2.0-105043981811,10.1007/978-981-96-8444-1_5,2026,Evaluating Public Acceptance of Congestion Pricing in Developing Nations: An Indian Case Study,Lecture Notes in Civil Engineering,N6_kashmir_india_bus
2-s2.0-105012264245,10.1016/j.compeleceng.2025.110587,2025,Evolutionary computation based wind energy integrated multi-objective optimal reactive power dispatch and economic load dispatch problem,Computers and Electrical Engineering,N6_kashmir_india_bus
2-s2.0-0033784321,10.1023/A:1006760015997,2000,"The impacts of tourism on the environment of Mussoorie, Garhwal Himalaya, India",Environmentalist,N6_kashmir_india_bus
2-s2.0-105001297570,10.1109/SILCON63976.2024.10910719,2024,Performance Evaluation of Electrical Distribution System Implementing Revamped Distribution Sector Scheme (RDSS),"2024 IEEE Silchar Subsection Conference, SILCON 2024",N6_kashmir_india_bus
2-s2.0-1042266961,10.1177/097152310301000203,2003,"Crisis and conflict in South Asia after September 11, 2001",South Asian Survey,N6_kashmir_india_bus
2-s2.0-85028566681,10.1016/j.egypro.2017.05.047,2017,Preparation of Papers - Potential Alternate Energy Resources for Sustainability: A Must Need for a top Pilgrimage City,Energy Procedia,N6_kashmir_india_bus
2-s2.0-86000222602,10.1109/ICISSGT58904.2024.00030,2024,Demand Response Based Techno-Socio-Economic Improvements with Time-Varying Incentives at DN using Cuckoo Search Algorithm,"Proceedings - 2024 IEEE International Conference on Intelligent Systems, Smart and Green Technologies, ICISSGT 2024",N6_kashmir_india_bus
2-s2.0-85064849188,10.1007/s10653-019-00294-7,2020,"Quantitative assessment of exposure of heavy metals in groundwater and soil on human health in Reasi district, Jammu and Kashmir",Environmental Geochemistry and Health,N6_kashmir_india_bus
2-s2.0-105011947533,10.1007/s41062-025-02154-z,2025,"Commuting in cold weather geographies: how weather-related public transport perceptions, trip attributes, and socioeconomics shape mode choice",Innovative Infrastructure Solutions,N6_kashmir_india_bus
2-s2.0-105001087357,10.1007/s40998-024-00762-6,2025,Sustainability and Capacity Estimation of Photovoltaic Based Distribution Network Integrated with Demand Response Using Arithmetic Optimizer Algorithm,Iranian Journal of Science and Technology - Transactions of Electrical Engineering,N6_kashmir_india_bus
2-s2.0-85146757039,10.1080/10402659.2023.2165877,2023,Jeopardizing Children’s Future: Insincere Reconciliation in Jammu and Kashmir,Peace Review,N6_kashmir_india_bus
2-s2.0-79960795574,,2011,Traffic problems in Jammu City,Transactions of the Institute of Indian Geographers,N6_kashmir_india_bus
2-s2.0-105041952664,10.1016/j.trpro.2026.04.063,2026,Sustainable and Green Transportation Strategies for Enhanced Urban Liveability: Quantifying Emission Reductions and Accessibility Improvements,Transportation Research Procedia,N6_kashmir_india_bus
2-s2.0-85195181356,10.1504/IJIEI.2024.138864,2024,Optimising power distribution systems: solar-powered capacitors and cost reduction through meta-heuristic methods,International Journal of Intelligent Engineering Informatics,N6_kashmir_india_bus
2-s2.0-85145442028,10.3233/ATDE220773,2022,Application of Public Transport Accessibility Level (PTAL) Study for Accessing Service Gap in Upcoming Metro Services: A Case Study of Jammu City,Advances in Transdisciplinary Engineering,N6_kashmir_india_bus
2-s2.0-78349231277,,2010,The national honey bee disease and pest survey: 2009-2010 pilot study,American Bee Journal,N6_kashmir_india_bus
2-s2.0-34547931663,10.1163/156914907X207810,2007,Indian power projection in the greater middle east: Tools and objectives,Perspectives on Global Development and Technology,N6_kashmir_india_bus
2-s2.0-84955607392,10.4103/0974-2700.173864,2016,Cross-border firing and injury patterns,"Journal of Emergencies, Trauma and Shock",N6_kashmir_india_bus
2-s2.0-105044347363,10.1007/s43545-026-01569-4,2026,"Evaluating the socio-economic profile of the tribal communities: insights from Gujjar and Bakarwal areas in Shopian District, Jammu & Kashmir",SN Social Sciences,N6_kashmir_india_bus
2-s2.0-85024881880,,2017,Status and distribution pattern of sour cherry (Prunus cerasus I.) in moist temperate region of Jammu & Kashmir,Indian Journal of Ecology,N6_kashmir_india_bus
2-s2.0-105005222882,10.1016/j.cstp.2025.101458,2025,Acceptability of congestion pricing system in developing countries: A case study in India,Case Studies on Transport Policy,N6_kashmir_india_bus
2-s2.0-85108360161,10.1108/EEMCS-09-2020-0326,2021,The transition to greener ways at Parsa’s,Emerald Emerging Markets Case Studies,N6_kashmir_india_bus
2-s2.0-84905984355,,2014,Clinical pattern of chronic low backache. A prospective study of 210 cases at a multidisciplinary hospital,JK Practitioner,N6_kashmir_india_bus
2-s2.0-34547555640,10.1080/14751790601104357,2006,The India-Pakistan peace process,Defense and Security Analysis,N6_kashmir_india_bus
2-s2.0-85166018513,10.3390/v15071529,2023,Foot-and-Mouth Disease Virus Serotype O Exhibits Phenomenal Genetic Lineage Diversity in India during 2018–2022,Viruses,N6_kashmir_india_bus
2-s2.0-34249727195,10.1177/097152310601300203,2006,The contribution of track II towards India-Pakistan relations,South Asian Survey,N6_kashmir_india_bus
2-s2.0-85213326845,10.1007/978-981-97-8116-4_8,2024,"Empowering Mobility: Investigating the Mode Choice of Women Commuters in Developing Countries Using Multinomial Logit Modelling—A Case Study of Srinagar, India",Lecture Notes in Civil Engineering,N6_kashmir_india_bus
2-s2.0-85179867477,10.1007/978-3-030-42363-6_9,2020,Modelling and Analysis of Mode Choice Behaviour for Work Trips in Srinagar,Learning and Analytics in Intelligent Systems,N6_kashmir_india_bus
2-s2.0-85087017018,10.2139/ssrn.3394759,2020,National security exception in the general agreement on tariffs and trade (GATT) and India–Pakistan trade,Journal of World Trade,N6_kashmir_india_bus
2-s2.0-105001940779,10.14445/23488352/IJCE-V12I3P110,2025,"Impact of Metro Infrastructure on Emergence and Growth of Commercial Hubs: The Case of Jammu, India",SSRG International Journal of Civil Engineering,N6_kashmir_india_bus
