tag,query,hits,run_date,database
S_A_design,"TITLE-ABS-KEY((""transit network design"" OR ""bus network design"" OR ""route network design"") AND (bus OR ""public transport"" OR transit)) AND PUBYEAR > 1999 AND PUBYEAR < 2027 AND LANGUAGE(english) AND (DOCTYPE(ar) OR DOCTYPE(cp) OR DOCTYPE(re))",443,2026-09-30,Scopus (institutional access)
S_A_rational,"TITLE-ABS-KEY((""route rationali?ation"" OR ""network redesign"" OR ""route restructuring"" OR ""network restructuring"") AND (bus OR ""public transport"" OR transit)) AND PUBYEAR > 1999 AND PUBYEAR < 2027 AND LANGUAGE(english) AND (DOCTYPE(ar) OR DOCTYPE(cp) OR DOCTYPE(re))",47,2026-09-30,Scopus (institutional access)
S_A_freqfleet,"TITLE-ABS-KEY((""frequency setting"" OR headway OR ""fleet siz*"") AND (""bus route*"" OR ""transit route*"" OR ""bus network"")) AND PUBYEAR > 1999 AND PUBYEAR < 2027 AND LANGUAGE(english) AND (DOCTYPE(ar) OR DOCTYPE(cp) OR DOCTYPE(re))",388,2026-09-30,Scopus (institutional access)
S_AB_demand,"TITLE-ABS-KEY((""transit network design"" OR ""bus route design"" OR ""frequency setting"") AND (""origin-destination"" OR ""smart card"" OR ""automated fare collection"" OR ""passenger count*"")) AND PUBYEAR > 1999 AND PUBYEAR < 2027 AND LANGUAGE(english) AND (DOCTYPE(ar) OR DOCTYPE(cp) OR DOCTYPE(re))",40,2026-09-30,Scopus (institutional access)
S_B_od,"TITLE-ABS-KEY((""origin-destination"" OR ""OD matri*"") AND (""smart card"" OR ""fare collection"" OR ""passenger count*"" OR GPS) AND (bus OR ""public transport"" OR transit)) AND PUBYEAR > 1999 AND PUBYEAR < 2027 AND LANGUAGE(english) AND (DOCTYPE(ar) OR DOCTYPE(cp) OR DOCTYPE(re))",313,2026-09-30,Scopus (institutional access)
S_B_scarce,"TITLE-ABS-KEY((""data scarcity"" OR ""data-scarce"" OR ""limited data"" OR ""data-poor"" OR ""lack of data"") AND (bus OR ""public transport"" OR transit) AND (planning OR network OR route*)) AND PUBYEAR > 1999 AND PUBYEAR < 2027 AND LANGUAGE(english) AND (DOCTYPE(ar) OR DOCTYPE(cp) OR DOCTYPE(re))",206,2026-09-30,Scopus (institutional access)
S_B_open,"TITLE-ABS-KEY((OpenStreetMap OR ""open data"" OR ""gridded population"" OR WorldPop OR GTFS) AND (bus OR ""public transport"" OR transit) AND (network OR route* OR accessibility OR coverage)) AND PUBYEAR > 1999 AND PUBYEAR < 2027 AND LANGUAGE(english) AND (DOCTYPE(ar) OR DOCTYPE(cp) OR DOCTYPE(re))",568,2026-09-30,Scopus (institutional access)
S_B_access,"TITLE-ABS-KEY((accessibility OR coverage) AND (""bus network design"" OR ""transit network design"" OR ""bus route*"" OR ""route planning"")) AND PUBYEAR > 1999 AND PUBYEAR < 2027 AND LANGUAGE(english) AND (DOCTYPE(ar) OR DOCTYPE(cp) OR DOCTYPE(re))",773,2026-09-30,Scopus (institutional access)
S_B_proxy,"TITLE-ABS-KEY((""demand proxy"" OR ""demand index"" OR ""land use"" OR ""points of interest"" OR ""population density"") AND (""bus route*"" OR ""transit route*"" OR ""bus network"") AND (design OR planning OR rationali*)) AND PUBYEAR > 1999 AND PUBYEAR < 2027 AND LANGUAGE(english) AND (DOCTYPE(ar) OR DOCTYPE(cp) OR DOCTYPE(re))",98,2026-09-30,Scopus (institutional access)
S_B_equity,"TITLE-ABS-KEY((equity OR Gini OR Lorenz OR ""social exclusion"" OR ""transit desert*"") AND (""bus network"" OR ""transit network"" OR ""public transport network"") AND (design OR planning OR accessibility)) AND PUBYEAR > 1999 AND PUBYEAR < 2027 AND LANGUAGE(english) AND (DOCTYPE(ar) OR DOCTYPE(cp) OR DOCTYPE(re))",151,2026-09-30,Scopus (institutional access)
S_C_india,"TITLE-ABS-KEY((India OR Indian) AND (""bus route*"" OR ""bus network"" OR ""bus service*"" OR ""public transport"") AND (rationali* OR design OR planning OR optimi*)) AND PUBYEAR > 1999 AND PUBYEAR < 2027 AND LANGUAGE(english) AND (DOCTYPE(ar) OR DOCTYPE(cp) OR DOCTYPE(re))",419,2026-09-30,Scopus (institutional access)
S_C_south,"TITLE-ABS-KEY((""Global South"" OR ""developing countr*"" OR ""developing cit*"" OR paratransit OR ""informal transport"" OR minibus OR matatu OR trotro OR jeepney) AND (bus OR ""public transport"" OR transit) AND (route* OR network) AND (planning OR design OR rationali* OR mapping OR reform)) AND PUBYEAR > 1999 AND PUBYEAR < 2027 AND LANGUAGE(english) AND (DOCTYPE(ar) OR DOCTYPE(cp) OR DOCTYPE(re))",394,2026-09-30,Scopus (institutional access)
S_C_permit,"TITLE-ABS-KEY((""route permit*"" OR ""stage carriage"" OR ""bus regulation"" OR ""bus reform"" OR ""bus franchising"" OR ""gross cost contract*"") AND (bus OR ""public transport"" OR transit)) AND PUBYEAR > 1999 AND PUBYEAR < 2027 AND LANGUAGE(english) AND (DOCTYPE(ar) OR DOCTYPE(cp) OR DOCTYPE(re))",222,2026-09-30,Scopus (institutional access)
N1_rationalisation_all,"TITLE-ABS-KEY((""route rationali*"" OR ""network rationali*"" OR ""route consolidation"" OR ""route restructur*"" OR ""network restructur*"" OR ""route overlap*"" OR ""route duplication"") AND (bus OR ""public transport"" OR transit OR minibus)) AND PUBYEAR > 1999 AND PUBYEAR < 2027 AND LANGUAGE(english) AND (DOCTYPE(ar) OR DOCTYPE(cp) OR DOCTYPE(re))",63,2026-09-30,Scopus (institutional access)
N2_demand_free,"TITLE-ABS-KEY((bus OR transit OR ""public transport"") AND (route* OR network) AND (""without demand data"" OR ""no demand data"" OR ""absence of demand"" OR ""lack of demand data"" OR ""data-scarce"" OR ""data scarce"" OR ""data-poor"" OR ""demand-free"" OR ""demand independent"" OR ""supply-side"" OR ""supply side"")) AND PUBYEAR > 1999 AND PUBYEAR < 2027 AND LANGUAGE(english) AND (DOCTYPE(ar) OR DOCTYPE(cp) OR DOCTYPE(re))",169,2026-09-30,Scopus (institutional access)
N3_open_fleet,"TITLE-ABS-KEY((bus OR transit) AND (""fleet siz*"" OR ""fleet requirement*"" OR ""number of buses"") AND (OpenStreetMap OR OSM OR ""open data"" OR WorldPop OR ""gridded population"" OR ""points of interest"" OR GTFS OR OSRM)) AND PUBYEAR > 1999 AND PUBYEAR < 2027 AND LANGUAGE(english) AND (DOCTYPE(ar) OR DOCTYPE(cp) OR DOCTYPE(re))",16,2026-09-30,Scopus (institutional access)
N4_permit_reform,"TITLE-ABS-KEY((bus OR ""stage carriage"" OR minibus OR paratransit) AND (permit* OR licen* OR franchis*) AND (route* OR network) AND (rationali* OR reform OR restructur* OR redesign OR consolidat*)) AND PUBYEAR > 1999 AND PUBYEAR < 2027 AND LANGUAGE(english) AND (DOCTYPE(ar) OR DOCTYPE(cp) OR DOCTYPE(re))",10,2026-09-30,Scopus (institutional access)
N5_proxy_headway,"TITLE-ABS-KEY((""composite index"" OR ""demand proxy"" OR ""demand index"" OR ""potential demand"" OR ""demand potential"") AND (bus OR transit) AND (route* OR headway* OR frequenc* OR ""service level*"")) AND PUBYEAR > 1999 AND PUBYEAR < 2027 AND LANGUAGE(english) AND (DOCTYPE(ar) OR DOCTYPE(cp) OR DOCTYPE(re))",69,2026-09-30,Scopus (institutional access)
N6_kashmir_india_bus,"TITLE-ABS-KEY((Kashmir OR Srinagar OR ""Jammu"") AND (bus OR ""public transport"" OR transit)) AND PUBYEAR > 1999 AND PUBYEAR < 2027 AND LANGUAGE(english) AND (DOCTYPE(ar) OR DOCTYPE(cp) OR DOCTYPE(re))",34,2026-09-30,Scopus (institutional access)
