tag,query,filter,total_hits,retrieved,run_utc
A_core_design,"(""transit network design"" OR ""bus network design"" OR ""route network design"") AND (bus OR ""public transport"" OR transit)","publication_year:2000-2026,type:article|proceedings-article|review,language:en",419,418,2026-09-30T16:23:15+00:00
A_rationalisation,"(""route rationalisation"" OR ""route rationalization"" OR ""network redesign"" OR ""route restructuring"") AND (bus OR ""public transport"" OR transit)","publication_year:2000-2026,type:article|proceedings-article|review,language:en",38,38,2026-09-30T16:23:15+00:00
A_freq_fleet,"(""frequency setting"" OR ""headway"" OR ""fleet size"" OR ""fleet sizing"") AND (""bus route"" OR ""transit route"" OR ""bus network"")","publication_year:2000-2026,type:article|proceedings-article|review,language:en",376,376,2026-09-30T16:23:15+00:00
AB_demand_data,"(""transit network design"" OR ""bus route design"" OR ""frequency setting"") AND (""origin-destination"" OR ""smart card"" OR ""automated fare collection"" OR ""passenger count"")","publication_year:2000-2026,type:article|proceedings-article|review,language:en",28,28,2026-09-30T16:23:15+00:00
B_od_estimation,"(""origin-destination"" OR ""OD matrix"") AND (""smart card"" OR ""fare collection"" OR ""passenger count"" OR ""GPS"") AND (bus OR ""public transport"" OR transit)","publication_year:2000-2026,type:article|proceedings-article|review,language:en",232,232,2026-09-30T16:23:15+00:00
B_data_scarce,"(""data scarcity"" OR ""data-scarce"" OR ""limited data"" OR ""data-poor"" OR ""without demand data"" OR ""lack of data"") AND (bus OR ""public transport"" OR transit) AND (planning OR network OR route)","publication_year:2000-2026,type:article|proceedings-article|review,language:en",199,199,2026-09-30T16:23:15+00:00
B_open_data,"(OpenStreetMap OR ""open data"" OR ""gridded population"" OR WorldPop OR GTFS) AND (bus OR ""public transport"" OR transit) AND (network OR route OR accessibility OR coverage)","publication_year:2000-2026,type:article|proceedings-article|review,language:en",444,445,2026-09-30T16:23:15+00:00
B_accessibility,"(""accessibility"" OR ""coverage"") AND (""bus network design"" OR ""transit network design"" OR ""bus route"" OR ""route planning"")","publication_year:2000-2026,type:article|proceedings-article|review,language:en",707,708,2026-09-30T16:23:16+00:00
B_demand_proxy,"(""demand proxy"" OR ""demand index"" OR ""land use"" OR ""points of interest"" OR ""population density"") AND (""bus route"" OR ""transit route"" OR ""bus network"") AND (design OR planning OR rationalisation OR rationalization)","publication_year:2000-2026,type:article|proceedings-article|review,language:en",111,111,2026-09-30T16:23:16+00:00
B_equity,"(equity OR ""Gini"" OR ""Lorenz"" OR ""social exclusion"" OR ""transit desert"") AND (""bus network"" OR ""transit network"" OR ""public transport network"") AND (design OR planning OR accessibility)","publication_year:2000-2026,type:article|proceedings-article|review,language:en",137,137,2026-09-30T16:23:16+00:00
C_india,"(India OR Indian) AND (""bus route"" OR ""bus network"" OR ""bus service"" OR ""public transport"") AND (rationalisation OR rationalization OR design OR planning OR optimisation OR optimization)","publication_year:2000-2026,type:article|proceedings-article|review,language:en",469,470,2026-09-30T16:23:16+00:00
C_global_south,"(""Global South"" OR ""developing countries"" OR ""developing cities"" OR paratransit OR ""informal transport"" OR minibus OR matatu OR ""trotro"" OR ""jeepney"") AND (bus OR ""public transport"" OR transit) AND (""route"" OR ""network"") AND (planning OR design OR rationalisation OR rationalization OR mapping OR reform)","publication_year:2000-2026,type:article|proceedings-article|review,language:en",579,579,2026-09-30T16:23:16+00:00
C_permit_regulation,"(""route permit"" OR ""stage carriage"" OR ""bus regulation"" OR ""bus reform"" OR ""bus franchising"" OR ""gross cost contract"") AND (bus OR ""public transport"" OR transit)","publication_year:2000-2026,type:article|proceedings-article|review,language:en",169,169,2026-09-30T16:25:26+00:00
