cid,theme,authors,year,title,venue,doi,geography,region_class,planning_stage,method_family,demand_input,data_intensity,equity,validation,implementable_plan,code_released,basis,note
C01,2.2,Wei David Fan; Randy B. Machemehl,2005,Optimal Transit Route Network Design Problem with Variable Transit Demand: Genetic Algorithm Approach,Journal of Transportation Engineering,10.1061/(asce)0733-947x(2006)132:1(40),synthetic (example network),benchmark/synthetic,integrated (≥2 of route/frequency/fleet),(meta)heuristic,synthetic or benchmark OD,4,none,sensitivity/uncertainty analysis,No,unclear,abstract,Pilot on an example network only; NAP derives transit demand matrix and frequencies; C++ code developed but release not stated.
C02,2.2,Wai Yuen Szeto; Yu Jiang,2014,Transit route and frequency design: Bi-level modeling and hybrid artificial bee colony algorithm approach,Transportation Research Part B Methodological,10.1016/j.trb.2014.05.008,unclear,unclear,integrated (≥2 of route/frequency/fleet),(meta)heuristic,unclear,4,none,unclear,unclear,unclear,abstract,Lower-level transit assignment needs OD demand; abstract names no test network or demand source; green copy (HKU) blocked.
C03,2.2,Ernesto Cipriani; Stefano Gori; Marco Aurélio Petrelli,2010,Transit network design: A procedure and an application to a large urban area,Transportation Research Part C Emerging Technologies,10.1016/j.trc.2010.09.003,"Rome, Italy",Global North,integrated (≥2 of route/frequency/fleet),(meta)heuristic,unclear,4,none,unclear,Yes,unclear,abstract,Routes with associated frequencies for Rome; many-to-many demand matrix required but its source and any validation not in abstract.
C04,2.2,Wai Yuen Szeto; Yongzhong Wu,2010,"A simultaneous bus route design and frequency setting problem for Tin Shui Wai, Hong Kong",European Journal of Operational Research,10.1016/j.ejor.2010.08.020,"Tin Shui Wai, Hong Kong",Global North,integrated (≥2 of route/frequency/fleet),(meta)heuristic,unclear,4,none,multiple (comparison with existing network/GTFS; sensitivity/uncertainty analysis),Yes,unclear,abstract,Routes and frequencies compared with current design; 1000 perturbed demand matrices; demand-matrix source not in abstract; Hong Kong classed Global North.
C05,2.2,Renato Arbex; Cláudio Barbieri da Cunha,2015,Efficient transit network design and frequencies setting multi-objective optimization by alternating objective genetic algorithm,Transportation Research Part B Methodological,10.1016/j.trb.2015.06.014,benchmark network (Mandl),benchmark/synthetic,integrated (≥2 of route/frequency/fleet),(meta)heuristic,synthetic or benchmark OD,4,none,benchmark-instance comparison,No,unclear,abstract,Mandl benchmark plus variants with different demands; compared with previously published results; fleet is operator objective.
C06,2.2,Fang Zhao; Xiaogang Zeng,2007,"Optimization of transit route network, vehicle headways and timetables for large-scale transit networks",European Journal of Operational Research,10.1016/j.ejor.2007.02.005,benchmark network (literature instances) + large-scale realistic network (unnamed in abstract),unclear,integrated (≥2 of route/frequency/fleet),(meta)heuristic,synthetic or benchmark OD,4,none,benchmark-instance comparison,unclear,unclear,abstract,"Transit demand is a given input; realistic network not named in abstract, so real-city plan status undetermined; full text paywalled."
C07,2.2,Mahmoud Owais; Mostafa K. Osman,2018,Complete hierarchical multi-objective genetic algorithm for transit network design problem,Expert Systems with Applications,10.1016/j.eswa.2018.07.033,"unclear (two real-size networks, unnamed in abstract)",unclear,integrated (≥2 of route/frequency/fleet),(meta)heuristic,unclear,unclear,none,unclear,unclear,unclear,abstract,Abstract names neither the two networks nor the demand input; routes plus stop-level simulated frequency setting; full text paywalled.
C08,2.2,Zeke Ahern; Alexander Paz; Paul Corry,2021,Approximate multi-objective optimization for integrated bus route design and service frequency setting,Transportation Research Part B Methodological,10.1016/j.trb.2021.10.007,"benchmark network (literature instances, unnamed in abstract)",benchmark/synthetic,integrated (≥2 of route/frequency/fleet),(meta)heuristic,synthetic or benchmark OD,4,none,benchmark-instance comparison,No,unclear,abstract,"Solutions compared with those in the literature, implying shared benchmark instances; instance names not in abstract; full text paywalled."
C09,2.2,Sunhyung Yoo; Jinwoo Brian Lee; Hoon Han,2023,A Reinforcement Learning approach for bus network design and frequency setting optimisation,Public Transport,10.1007/s12469-022-00319-y,benchmark network (Mandl),benchmark/synthetic,integrated (≥2 of route/frequency/fleet),(meta)heuristic,synthetic or benchmark OD,4,none,multiple (benchmark-instance comparison; sensitivity/uncertainty analysis),No,no,fulltext,"Reinforcement learning on Mandl OD matrix; reference comparison with published results; three modified-demand scenarios; data on request, no code."
C10,2.3,Wei Wang; John Attanucci; Nigel H. M. Wilson,2011,Bus Passenger Origin-Destination Estimation and Related Analyses Using Automated Data Collection Systems,Journal of Public Transportation,10.5038/2375-0901.14.4.7,"London, UK",Global North,demand/OD estimation,data-mining (AFC/GPS/phone),AFC/smart card,5,none,back-cast vs observed counts/ridership,No,unclear,abstract,"Trip-chaining on smart card plus AVL; inferred OD compared with manual passenger survey data, coded as nearest validation category."
C11,2.3,James J. Barry; Robert Freimer; Howard Slavin,2009,Use of Entry-Only Automatic Fare Collection Data to Estimate Linked Transit Trips in New York City,Transportation Research Record Journal of the Transportation Research Board,10.3141/2112-07,"New York City, USA",Global North,demand/OD estimation,data-mining (AFC/GPS/phone),AFC/smart card,5,none,unclear,No,unclear,abstract,"Entry-only AFC, 7 million daily transactions, no AVL; abstract reports no validation; software created but release not stated."
C12,2.3,Azalden Alsger; Mahmoud Mesbah; Luís Ferreira; Hamid Safi,2015,Use of Smart Card Fare Data to Estimate Public Transport Origin–Destination Matrix,Transportation Research Record Journal of the Transportation Research Board,10.3141/2535-10,"Brisbane (South East Queensland), Australia",Global North,demand/OD estimation,data-mining (AFC/GPS/phone),AFC/smart card,5,none,sensitivity/uncertainty analysis,No,unclear,abstract,Smart card data used to test transfer-time and walking-distance assumptions; sensitivity analysis of parameters stated in abstract.
C13,2.3,Janine M. Farzin,2008,"Constructing an Automated Bus Origin–Destination Matrix Using Farecard and Global Positioning System Data in São Paulo, Brazil",Transportation Research Record Journal of the Transportation Research Board,10.3141/2072-04,"São Paulo, Brazil",Global South (non-India),demand/OD estimation,data-mining (AFC/GPS/phone),AFC/smart card,5,none,back-cast vs observed counts/ridership,No,unclear,abstract,"Farecard plus AVL/GPS plus stops; results compared with prior household surveys, coded as nearest validation category."
C14,2.3,Chao Chen; Daqing Zhang; Nan Li; Zhi‐Hua Zhou,2014,B-Planner: Planning Bidirectional Night Bus Routes Using Large-Scale Taxi GPS Traces,IEEE Transactions on Intelligent Transportation Systems,10.1109/tits.2014.2298892,"Hangzhou, China",Global South (non-India),route design (new network),mixed,mobile-phone/taxi-GPS traces,4,none,unclear,Partial,unclear,abstract+web,"Taxi pick-up/drop-off flows act as OD demand (level 4 by calibration analogy); one night route, no frequency; city from index snippet."
C15,2.3,Fabio Pinelli; Rahul V. Nair; Francesco Calabrese; Michele Berlingerio,2016,Data-Driven Transit Network Design From Mobile Phone Trajectories,IEEE Transactions on Intelligent Transportation Systems,10.1109/tits.2015.2496783,"Abidjan, Côte d'Ivoire",Global South (non-India),integrated (≥2 of route/frequency/fleet),mixed,mobile-phone/taxi-GPS traces,4,none,comparison with existing network/GTFS,Yes,unclear,abstract,Routes selected and frequencies set from Orange phone data; 27% resource-neutral journey-time improvement read as against existing system.
C16,2.3,Wenzhe Sun; Jan‐Dirk Schmöcker; Koji Fukuda,2021,Estimating the route-level passenger demand profile from bus dwell times,Transportation Research Part C Emerging Technologies,10.1016/j.trc.2021.103273,unclear (three lines of one bus system; city not in abstract),unclear,demand/OD estimation,data-mining (AFC/GPS/phone),none,3,none,back-cast vs observed counts/ridership,No,unclear,abstract,"Main input is AVL dwell times, not demand data; optional boarding counts for few runs; validated against passenger counts."
C17,2.3,Barabino B.; Coni M.; Di Francesco M.; Obino A.; Ventura R.,2024,Origin–destination matrices from smartphone apps for bus networks,Public Transport,10.1007/s12469-024-00361-y,"Cagliari, Italy",Global North,demand/OD estimation,data-mining (AFC/GPS/phone),mobile-phone/taxi-GPS traces,3,none,back-cast vs observed counts/ridership,No,no,fulltext,"Operator smartphone-app query records, 30 workdays; validated by MAE/RMSE against ISTAT household-survey OD; data cannot be shared."
C18,2.4,Calvin P. Tribby; Paul A. Zandbergen,2012,High-resolution spatio-temporal modeling of public transit accessibility,Applied Geography,10.1016/j.apgeog.2011.12.008,"Albuquerque, New Mexico, USA",Global North,network evaluation/accessibility,GIS/accessibility analysis,none,unclear,none,unclear,No,unclear,abstract,Walk plus bus travel-time model assessing added rapid routes; abstract does not state data sources or validation; full text paywalled.
C19,2.4,Eric M. Delmelle; Shuping Li; Alan T. Murray,2012,Identifying bus stop redundancy: A gis-based spatial optimization approach,Computers Environment and Urban Systems,10.1016/j.compenvurbsys.2012.01.002,unclear (one inbound urban bus route; city not in abstract),unclear,route redesign/rationalisation (existing network),(meta)heuristic,proxy (population/POI/land use/need index),unclear,coverage only,unclear,Partial,unclear,abstract,Stop redundancy on a real route via simulated annealing coverage model; residential locations as demand proxy; data source level not in abstract.
C20,2.4,Görkem Gülhan; Hüseyin Ceylan; Halim Ceylan,2017,Using accessibility measures in transit network design,Transport,10.3846/16484142.2017.1295401,"synthetic (8-node example network, Ceder 2007)",benchmark/synthetic,integrated (≥2 of route/frequency/fleet),exact optimisation,synthetic or benchmark OD,4,none,none,No,no,fulltext,"Complete enumeration of 19,538 route sets with OD demand table from Ceder (2007); frequencies and fleet computed; Pareto comparison."
C21,2.4,Hema Rayaprolu; Hao Wu; Bahman Lahoorpoor; David Matthew Levinson,2022,Maximizing access in transit network design,Journal of Public Transportation,10.1016/j.jpubtr.2022.100027,"Sydney, Australia (greenfield suburban development)",Global North,frequency/headway,GIS/accessibility analysis,proxy (population/POI/land use/need index),unclear,none,unclear,Partial,unclear,abstract,Predefined T-way and local designs; output is access-maximising frequency ratio per budget; jobs as opportunities; publisher page blocked.
C22,2.4,Yao X.,2007,Where are public transit needed - Examining potential demand for public transit for commuting trips,"Computers, Environment and Urban Systems",10.1016/j.compenvurbsys.2007.08.005,"Atlanta, Georgia, USA",Global North,demand/OD estimation,mixed,proxy (population/POI/land use/need index),2,none,none,No,unclear,abstract,Need Index and SOM from CTPP 2000 census at TAZ level plus existing transit network; only cross-method comparison reported.
C23,2.4,Carmody D.; Zhu O.; He Z.; Santi P.; Ratti C.,2025,Identifying public transit deserts: A travel demand-independent persistent homology-based method,Transportation Safety and Environment,10.1093/tse/tdaf015,"Stockholm, Sweden",Global North,network evaluation/accessibility,network-science indicators,none,2,none,none,No,no,fulltext,"Persistent homology on R5/Conveyal transit and car travel times, 400 m grid; schedule-based, no demand or population in computation."
C24,2.4,Ding Luo; Oded Cats; Hans van Lint,2019,Can passenger flow distribution be estimated solely based on network properties in public transport systems?,Transportation,10.1007/s11116-019-09990-w,"The Hague and Amsterdam, Netherlands",Global North,demand/OD estimation,network-science indicators,AFC/smart card,5,none,back-cast vs observed counts/ridership,No,no,fulltext,"Centrality regressions trained on AFC-derived stop flows (plus AVL, GTFS); evaluated on Hague hold-out and Amsterdam observed flows."
C25,2.4,Ratriaga A.R.N.,2026,GIS-Based Accessibility Analysis for Optimizing Feeder Public Transportation Routes in Surabaya,IOP Conference Series: Earth and Environmental Science,10.1088/1755-1315/1595/1/012010,"Surabaya, Indonesia",Global South (non-India),network evaluation/accessibility,GIS/accessibility analysis,proxy (population/POI/land use/need index),2,coverage only,none,No,no,fulltext,Buffer coverage of transit-authority feeder routes/stops over population raster; authors state no field validation; new routes left to future work.
C26,2.5,Jinjoo Bok; Young-Sang Kwon,2016,Comparable Measures of Accessibility to Public Transport Using the General Transit Feed Specification,Sustainability,10.3390/su8030224,"Daejeon (Korea); Chicago, Portland, Washington (USA); Toronto, Vancouver (Canada)",Global North,network evaluation/accessibility,GIS/accessibility analysis,proxy (population/POI/land use/need index),2,coverage only,none,No,no,fulltext,GTFS feeds plus LandScan 2009 ambient population; share of population in headway-classified catchments; no validation section.
C27,2.5,Nate Wessel; Steven Farber,2019,On the accuracy of schedule-based GTFS for measuring accessibility,Journal of Transport and Land Use,10.5198/jtlu.2019.1502,"Toronto (Canada); Boston, San Francisco, Jacksonville (USA)",Global North,network evaluation/accessibility,GIS/accessibility analysis,none,3,none,comparison with existing network/GTFS,No,yes (https://github.com/SAUSy-Lab/retro-gtfs),fulltext,"Read SocArXiv preprint: NextBus AVL retrospective GTFS versus schedule GTFS; preprint blinds code link, repository identified by web search."
C28,2.5,Jose Morales; Jose Morales; Johannes Flacke; Javier Morales,2017,Mapping Urban Accessibility in Data Scarce Contexts Using Space Syntax and Location-Based Methods,Applied Spatial Analysis and Policy,10.1007/s12061-017-9239-1,"Guatemala City and Quetzaltenango, Guatemala",Global South (non-India),network evaluation/accessibility,mixed,unclear,4,none,field/expert,No,no,fulltext,"Location-based method uses official 2005 TAZ OD matrices (decay calibration, job proxy), origin unstated; OSM/VGI POIs; expert workshop."
C29,2.5,Emily Eros; Shomik Raj Mehndiratta; Chris Zegras; Kevin Webb,2014,Applying the General Transit Feed Specification to the Global South,Transportation Research Record Journal of the Transportation Research Board,10.3141/2442-06,"Mexico City, Mexico",Global South (non-India),network mapping/data creation,unclear,none,unclear,none,unclear,No,unclear,abstract,Case study of creating a GTFS feed and adapting GTFS for semi-structured services; no vocabulary method fits; source data not in abstract.
C30,2.5,Jacqueline M. Klopp; Jackson Mutua; Dan Orwa; Peter Waiganjo,2014,Towards a Standard for Paratransit Data: Lessons from Developing GTFS Data for Nairobi's Matatu System,Transportation Research Board 93rd Annual MeetingTransportation Research Board,,"Nairobi, Kenya",Global South (non-India),network mapping/data creation,data-mining (AFC/GPS/phone),none,3,none,unclear,No,unclear,abstract,"Matatu routes, stops, fares captured by field phone-app GPS tracking, converted to GTFS; level 3 as field GPS survey per calibration."
C31,2.5,Erik Vergel-Tovar; Eric Goldwyn; Jonathan Leape,2022,Digital traces: Mapping Bogotá’s unmapped transit network using smartphones and networked databases,Environment and Planning B Urban Analytics and City Science,10.1177/23998083221117831,"Bogotá, Colombia",Global South (non-India),network mapping/data creation,GIS/accessibility analysis,proxy (population/POI/land use/need index),3,none,none,No,no,fulltext,"Routes mapped by student mappers with a smartphone GPS app; formal-jobs census feeds accessibility index; GTFS data released, no code."
C32,2.5,Baloian N.; Frez J.; Pino J.A.; Zurita G.,2015,Efficient planning of urban public transportation networks,Lecture Notes in Computer Science (including subseries Lecture Notes in Artificial Intelligence and Lecture Notes in Bioinformatics),10.1007/978-3-319-26401-1_41,unclear,unclear,demand/OD estimation,GIS/accessibility analysis,proxy (population/POI/land use/need index),3,none,unclear,No,unclear,abstract,City of the real-data example not named in abstract; Waze crowd-sourced congestion data plus OSM facilities model demand via Dempster-Shafer.
C33,2.5,Hasan Shahab; Hemin J. Mohammed,2026,A data-light GIS framework for initiating bus stop formalization in mid-sized developing cities,Case Studies on Transport Policy,10.1016/j.cstp.2026.101959,"Soran, Iraq",Global South (non-India),route design (new network),GIS/accessibility analysis,survey OD/counts,3,coverage only,unclear,Partial,unclear,abstract,"Stop-location only (nearest stage category); OD from a 974-respondent travel survey, treated as sample survey not full matrix."
C34,2.6,Diego Hernández,2017,"Uneven mobilities, uneven opportunities: Social distribution of public transport accessibility to jobs and education in Montevideo",Journal of Transport Geography,10.1016/j.jtrangeo.2017.08.017,"Montevideo, Uruguay",Global South (non-India),network evaluation/accessibility,GIS/accessibility analysis,proxy (population/POI/land use/need index),unclear,distributional metric (Gini/Lorenz/group comparison),unclear,No,unclear,abstract,Potential accessibility to jobs and education compared across social classes; abstract does not name data sources.
C35,2.6,Alex A. Karner,2018,Assessing public transit service equity using route-level accessibility measures and public data,Journal of Transport Geography,10.1016/j.jtrangeo.2018.01.005,"Phoenix, Arizona, USA",Global North,network evaluation/accessibility,GIS/accessibility analysis,proxy (population/POI/land use/need index),2,distributional metric (Gini/Lorenz/group comparison),unclear,No,unclear,abstract+web,"Abstract names only public LEHD and GTFS data; Phoenix case taken from a search-index summary, not from text read."
C36,2.6,Rosalia Camporeale; Leonardo Caggiani; Achille Fonzone; Michele Ottomanelli,2016,Quantifying the impacts of horizontal and vertical equity in transit route planning,Transportation Planning and Technology,10.1080/03081060.2016.1238569,synthetic (10-node test network from Wan and Lo 2003),benchmark/synthetic,integrated (≥2 of route/frequency/fleet),(meta)heuristic,synthetic or benchmark OD,4,explicit equity objective/constraint,sensitivity/uncertainty analysis,No,no,fulltext,Gini-based equity constraint in TNDP solved by GA for routes and frequencies; toy network with nine OD pairs.
C37,2.6,Ferguson E.M.; Duthie J.; Unnikrishnan A.; Waller S.T.,2012,Incorporating equity into the transit frequency-setting problem,Transportation Research Part A: Policy and Practice,10.1016/j.tra.2011.06.002,mid-sized US metropolitan area (not named),Global North,frequency/headway,unclear,proxy (population/POI/land use/need index),unclear,explicit equity objective/constraint,sensitivity/uncertainty analysis,unclear,unclear,abstract,Equity is the objective (amenity access for low-income areas); solution method and data sources not stated in abstract.
C38,2.6,Ruiz M.; Segui-Pons J.M.; Mateu-LLadó J.,2017,Improving Bus Service Levels and social equity through bus frequency modelling,Journal of Transport Geography,10.1016/j.jtrangeo.2016.12.005,"Palma, Spain",Global North,frequency/headway,mixed,proxy (population/POI/land use/need index),2,explicit equity objective/constraint,none,Partial,no,fulltext,"Ridership not in objective; AHP need index; Latin hypercube ranks line influence, no validation against observations; headway sets only."
C39,2.6,Myeonghyeon Kim; Seung‐Young Kho; Dong‐Kyu Kim,2019,A Transit Route Network Design Problem Considering Equity,Sustainability,10.3390/su11133527,benchmark network (Mandl),benchmark/synthetic,integrated (≥2 of route/frequency/fleet),(meta)heuristic,synthetic or benchmark OD,4,explicit equity objective/constraint,comparison with existing network/GTFS,No,no,fulltext,"Mandl 15-node network; compared only with the benchmark's existing route network, not with other algorithms."
C40,2.6,Haijing Liu; Mashrur Rahman; Alex A. Karner,2022,"Bus network redesigns and public transit equity analysis: Evaluating system-wide changes in Richmond, Virginia",Travel Behaviour and Society,10.1016/j.tbs.2022.12.002,"Richmond, Virginia, USA",Global North,network evaluation/accessibility,GIS/accessibility analysis,proxy (population/POI/land use/need index),unclear,distributional metric (Gini/Lorenz/group comparison),sensitivity/uncertainty analysis,No,unclear,abstract,Ex-post equity evaluation of an implemented redesign; abstract stresses results change with chosen parameters; data sources not stated.
C41,2.7,Jacqueline M. Klopp; Clémence Cavoli,2019,Mapping minibuses in Maputo and Nairobi: engaging paratransit in transportation planning in African cities,Transport Reviews,10.1080/01441647.2019.1598513,"Nairobi, Kenya; Maputo, Mozambique",Global South (non-India),network mapping/data creation,mixed,none,3,none,none,No,no,fulltext,"Qualitative comparison of two GPS field-mapping projects; no analytical method fits vocabulary, coded mixed; equity argued, not measured."
C42,2.7,Giacomo Falchetta; Michel Noussan; Ahmed Tarek Hammad,2021,Comparing paratransit in seven major African cities: An accessibility and network analysis,Journal of Transport Geography,10.1016/j.jtrangeo.2021.103131,"Abidjan, Accra, Addis Ababa, Freetown, Harare, Kampala, Nairobi",Global South (non-India),network evaluation/accessibility,mixed,proxy (population/POI/land use/need index),2,coverage only,unclear,No,yes (https://github.com/giacfalk/GFTS_african_cities),abstract+web,"Open GTFS counted as published schedule (level 2); repo script shows population-weighted walking access, no Gini or group metric."
C43,2.7,Bhargav Adhvaryu; Abhay Chopde; Lalit Kumar Dashora,2019,Mapping public transport accessibility levels (PTAL) in India and its applications: A case study of Surat,Case Studies on Transport Policy,10.1016/j.cstp.2019.03.004,"Surat, India",India,network evaluation/accessibility,GIS/accessibility analysis,proxy (population/POI/land use/need index),unclear,none,unclear,No,unclear,abstract,PTAL maps overlaid on population density; abstract does not say how stop and frequency data were obtained.
C44,2.7,Camila Rodríguez; Tatiana Peralta-Quirós; Luis A. Guzmán; Sebastian A. Cárdenas Reyes,2017,"Accessibility, Affordability, and Addressing Informal Services in Bus Reform: Lessons from Bogotá, Colombia",Transportation Research Record Journal of the Transportation Research Board,10.3141/2634-06,"Bogotá, Colombia",Global South (non-India),network evaluation/accessibility,GIS/accessibility analysis,proxy (population/POI/land use/need index),3,distributional metric (Gini/Lorenz/group comparison),none,No,no,fulltext,Population and employment drive accessibility; 2011 mobility survey informs commuting patterns; Visum model used for speeds only.
C45,2.7,Gift Dumedah; Kabila Abass; Razak M. Gyasi; John Boulard Forkuor,2023,Inefficient allocation of paratransit service terminals and routes in Ghana: The role of driver unions and paratransit operators,Journal of Transport Geography,10.1016/j.jtrangeo.2023.103643,"Oforikrom, Kumasi, Ghana",Global South (non-India),diagnosis (overlap/efficiency),GIS/accessibility analysis,proxy (population/POI/land use/need index),3,distributional metric (Gini/Lorenz/group comparison),none,No,no,fulltext,Field GPS survey of terminals and routes; gridded population as stated demand proxy; 15-to-7 zoning is illustrative only.
C46,2.7,Alejandro Sánchez-Atondo; Leonel García; ́José Manuel Gutiérrez-Moreno; Alejandro Mungaray-Moctezuma,2026,"Reorganization of public transport systems in Global South cities and its relation with quality of life: A case study of Mexicali, Mexico",Transportation Research Interdisciplinary Perspectives,10.1016/j.trip.2026.101859,"Mexicali, Mexico",Global South (non-India),route redesign/rationalisation (existing network),rule/guideline-based,proxy (population/POI/land use/need index),3,distributional metric (Gini/Lorenz/group comparison),comparison with existing network/GTFS,Partial,no,fulltext,"Design modules use attractor polygons, population thresholds and sampled frequencies; OD survey enters only the optional evaluation."
C47,2.7,Ravi Kiran Sastry Gadepalli; Prateek Bansal; Geetam Tiwari; Nomesh B. Bolia,2024,A tactical planning framework to integrate paratransit with formal public transport systems,Transportation Research Part D Transport and Environment,10.1016/j.trd.2024.104438,"Visakhapatnam, India",India,frequency/headway,unclear,unclear,4,none,back-cast vs observed counts/ridership,unclear,unclear,abstract,"Network-wide transit assignment implies an OD matrix; its source, the solver and route-level outputs are not stated in abstract."
C48,2.7,Verma A.; Kumari A.; Tahlyan D.; Hosapujari A.B.,2017,Development of hub and spoke model for improving operational efficiency of bus transit network of Bangalore city,Case Studies on Transport Policy,10.1016/j.cstp.2016.12.003,"Bangalore, India",India,integrated (≥2 of route/frequency/fleet),unclear,unclear,unclear,none,comparison with existing network/GTFS,Yes,unclear,abstract,Abstract says inter- and intra-hub routes and frequencies generated for BMTC; demand data source not stated.
C49,2.7,Shrivastav P.; Dhingra S.L.,2001,Development of feeder routes for Suburban railway stations using heuristic approach,Journal of Transportation Engineering,10.1061/(ASCE)0733-947X(2001)127:4(334),"Mumbai (Andheri and Vileparle stations), India",India,route design (new network),(meta)heuristic,survey OD/counts,3,none,comparison with existing network/GTFS,Partial,no,fulltext,"Commuter counts and sample interviews at station exits give node demands; 31 feeder routes, schedules treated in another paper."
C50,2.2,Barzegari V.; Taubkin G.G.; Barsukov P.; Nourinejad M.,2026,A comprehensive analysis of duplication in public transportation,Transportation Research Part A: Policy and Practice,10.1016/j.tra.2025.104747,"Almaty, Kazakhstan",Global South (non-India),diagnosis (overlap/efficiency),network-science indicators,none,2,none,none,No,no,fulltext,"Duplication indicators from schedule data only; measures duplication without producing a consolidated network, so coded No as in full-text review."
C51,2.2,Ergun M.; Sercan Kesten A.,2011,Alteration of bus routes in large-scale networks,Scientific Research and Essays,10.5897/SRE11.814,"Istanbul, Turkey",Global South (non-India),route redesign/rationalisation (existing network),rule/guideline-based,modelled OD (4-step/calibrated model),4,none,comparison with existing network/GTFS,Partial,no,fulltext,Line-splitting and parallel-line rules tested in a VISUM model with a 452-zone OD matrix; headways unchanged.
C52,2.2,Hoonsiri C.; Kiattikomol V.; Chiarakorn S.,2020,Energy saving and CO2 reduction potential from partial bus routes reduction model in Bangkok urban fringe,Energies,10.3390/en13225963,"Bangkok (Rama 2 Road), Thailand",Global South (non-India),route redesign/rationalisation (existing network),rule/guideline-based,survey OD/counts,3,none,comparison with existing network/GTFS,Partial,no,fulltext,Manual on-board counts on sampled buses; 14 overlapping routes merged to one corridor line with load-factor frequencies.
C53,2.2,Canca D.; Saldanha-da-Gama F.,2026,Maximal demand coverage transit network redesign with resource reutilization,Journal of Transport Geography,10.1016/j.jtrangeo.2026.104748,synthetic (40-node and 65-node base networks),benchmark/synthetic,route redesign/rationalisation (existing network),mixed,synthetic or benchmark OD,4,none,sensitivity/uncertainty analysis,No,no,fulltext,Gurobi model plus genetic algorithm on two constructed networks with given OD matrices; data on request.
C54,2.4,Liu J.; Rosenberg E.,2026,Quantifying the Accessibility to Public Transit in Rural Areas Using ArcGIS and GTFS,Papers in Applied Geography,10.1080/23754931.2026.2646852,"Cumberland County, New Jersey, USA",Global North,network evaluation/accessibility,GIS/accessibility analysis,proxy (population/POI/land use/need index),2,distributional metric (Gini/Lorenz/group comparison),none,No,no,fulltext,Census-block population assumed proportional to demand; accessibility index compared across ethnic groups by weighted average.
C55,2.5,Mittal S.; Ukkusuri S.V.,2025,Overcoming Data Scarcity in Transit Planning: A Novel Framework Combining Machine Learning and Metaheuristics,Data Science for Transportation,10.1007/s42421-025-00116-6,"Greater Maputo, Mozambique",Global South (non-India),route design (new network),mixed,mobile-phone/taxi-GPS traces,4,distributional metric (Gini/Lorenz/group comparison),multiple (comparison with existing network/GTFS; sensitivity/uncertainty analysis),Partial,no,fulltext,"Phone traces give stop-pair demand at every stage (level 4 as mobile-phone OD); headways assumed, no fleet."
C56,2.7,Saleeshya P.G.; Anirudh S.,2015,A bi-level approach to frequency optimisation of public transport systems,International Journal of Business Innovation and Research,10.1504/ijbir.2015.071598,"India (state transport corporation, not named)",India,frequency/headway,mixed,unclear,unclear,none,unclear,Partial,unclear,abstract,Minimum fleet then GA frequency allocation on two existing shared routes; source of load data not stated.
C57,2.7,Blum J.J.; Mathew T.V.,2012,Implications of the computational complexity of transit route network redesign for metaheuristic optimisation systems,IET Intelligent Transport Systems,10.1049/iet-its.2011.0021,"Mumbai, India",India,route redesign/rationalisation (existing network),(meta)heuristic,unclear,unclear,none,comparison with existing network/GTFS,unclear,unclear,abstract,"Existing routes kept with reduced frequency; abstract reports aggregate cost and utility gains, not demand source or route-level plan."
C58,seminal,Mandl,1980,Evaluation and optimization of urban public transportation networks,European Journal of Operational Research,10.1016/0377-2217(80)90126-5,"Switzerland (15-node network, per citing literature)",Global North,unclear,(meta)heuristic,unclear,4,none,unclear,unclear,unclear,abstract+web,No abstract obtainable; citing papers confirm 15-node Swiss network with OD matrix; heuristic method from secondary sources only.
C59,seminal,Ceder; Wilson,1986,Bus network design,Transportation Research Part B: Methodological,10.1016/0191-2615(86)90047-0,unclear,unclear,route design (new network),unclear,unclear,unclear,none,unclear,unclear,unclear,abstract+web,"Abstract (RePEc) describes an algorithm for new bus routes with low data needs; no application, data or test stated."
C60,seminal,Baaj; Mahmassani,1991,An AI‐based approach for transit route system planning and design,Journal of Advanced Transportation,10.1002/atr.5670250205,unclear,unclear,route design (new network),(meta)heuristic,unclear,unclear,none,unclear,unclear,unclear,abstract,"Abstract mentions only an example illustration; network, demand input and tests not stated; full text was not machine-readable."
